ISO-10303-21;
HEADER;
FILE_DESCRIPTION(
  ('This file contains a STEP AP42 implementation'
    ,'as created by ZW3D STEP Interface translator.')
  ,'2;1'
  );
FILE_NAME(
  'GMR角度传感器（客户图）.stp'
  ,'23 1 6.105947',
  (''),
  ('ZWCAD Software Co.'),
  'Version 1.0',
  'ZW3D to STEP translator',
  ''
  );
FILE_SCHEMA(('AUTOMOTIVE_DESIGN { 1 0 10303 214 1 1 1 1 }'));
ENDSEC;

DATA;

/**File Base Unit**/
#1 = (LENGTH_UNIT()NAMED_UNIT(*)SI_UNIT(.MILLI.,.METRE.));
#2 = (NAMED_UNIT(*)PLANE_ANGLE_UNIT()SI_UNIT($,.RADIAN.));
#3 = (NAMED_UNIT(*)SI_UNIT($,.STERADIAN.)SOLID_ANGLE_UNIT());
#4 = UNCERTAINTY_MEASURE_WITH_UNIT(LENGTH_MEASURE(0.01),#1,'DISTANCE_ACCURACY_VALUE','Maximum Tolerance applied to model');
#5 = (GEOMETRIC_REPRESENTATION_CONTEXT(3)GLOBAL_UNCERTAINTY_ASSIGNED_CONTEXT((#4))GLOBAL_UNIT_ASSIGNED_CONTEXT((#1,#2,#3))REPRESENTATION_CONTEXT('STEP 203','TOP_LEVEL_ASSEMBLY_PART'));

/**product_definition_shape**/
#6=APPLICATION_CONTEXT('mechanical parts and assemblies' );
#7=DESIGN_CONTEXT('NONE',#6,'design');
#8=MECHANICAL_CONTEXT('NONE',#6,'mechanical');
#9=PRODUCT('0','Part','',(#8));
#10=PRODUCT_DEFINITION_FORMATION_WITH_SPECIFIED_SOURCE('ANY','',#9,.NOT_KNOWN.);
#11=PRODUCT_DEFINITION('UNKNOWN','',#10,#7);
#12=PRODUCT_DEFINITION_SHAPE('NONE','NONE',#11);
#13=PRODUCT_RELATED_PRODUCT_CATEGORY('detail','',(#9));
/**geometry information**/
#14=CARTESIAN_POINT('',(0.,0.,0.));
#15=DIRECTION('',(0.,0.,1.));
#16=DIRECTION('',(1.,0.,0.));
#17=AXIS2_PLACEMENT_3D('',#14,#15,#16);
#18=APPLICATION_CONTEXT('part');
#19=MECHANICAL_CONTEXT('none',#18,'component');
#20=PRODUCT('总装_GMR角度传感器_0809(131)','总装_GMR角度传感器_0809(131)','',(#19));
#21=PRODUCT_RELATED_PRODUCT_CATEGORY('detail','',(#20));
#22=PRODUCT_DEFINITION_FORMATION_WITH_SPECIFIED_SOURCE('ANY','UNSPECIFIED',#20,.NOT_KNOWN.);
#23=APPLICATION_CONTEXT('part');
#24=APPLICATION_PROTOCOL_DEFINITION('international standard','config_control_design',1994,#23);
#25=DESIGN_CONTEXT('detailed',#23,'design');
#26=PRODUCT_DEFINITION('','UNSPECIFIED',#22,#25);
#27=PRODUCT_DEFINITION_SHAPE('NONE','NONE',#26);
#28=SHAPE_REPRESENTATION('总装_GMR角度传感器_0809(131)',(#17),#5);
#29=SHAPE_DEFINITION_REPRESENTATION(#27,#28);
#30=CARTESIAN_POINT('',(1.2434497875802E-14,-1.0658141036402E-14,0.2));
#31=DIRECTION('',(1.,5.8722540145464E-16,2.7526190693186E-17));
#32=DIRECTION('',(9.9795328056194E-17,0.,1.));
#33=AXIS2_PLACEMENT_3D('',#30,#32,#31);
#34=CYLINDRICAL_SURFACE('',#33,18.15);
#35=CARTESIAN_POINT('',(18.15,0.,18.));
#36=VERTEX_POINT('',#35);
#37=CARTESIAN_POINT('',(0.,-2.512147933894E-15,18.));
#38=DIRECTION('',(1.,1.3841035448452E-16,2.7682070896904E-16));
#39=DIRECTION('',(2.7682070896904E-16,-2.7682070896904E-16,-1.));
#40=AXIS2_PLACEMENT_3D('',#37,#39,#38);
#41=CIRCLE('',#40,18.15);
#42=EDGE_CURVE('',#36,#36,#41,.T.);
#43=ORIENTED_EDGE('',*,*,#42,.T.);
#44=CARTESIAN_POINT('',(18.15,-4.4454678809049E-15,0.2));
#45=VERTEX_POINT('',#44);
#46=CARTESIAN_POINT('',(18.15,0.,18.));
#47=DIRECTION('',(0.,-2.4974538656769E-16,-1.));
#48=VECTOR('',#47,17.8);
#49=LINE('',#46,#48);
#50=EDGE_CURVE('',#36,#45,#49,.T.);
#51=ORIENTED_EDGE('',*,*,#50,.T.);
#52=CARTESIAN_POINT('',(1.7763568394003E-14,-8.213689781746E-15,0.2));
#53=DIRECTION('',(1.,2.0761553172678E-16,5.1084926908508E-17));
#54=DIRECTION('',(-5.1084926908508E-17,-4.6497228459644E-17,1.));
#55=AXIS2_PLACEMENT_3D('',#52,#54,#53);
#56=CIRCLE('',#55,18.15);
#57=EDGE_CURVE('',#45,#45,#56,.T.);
#58=ORIENTED_EDGE('',*,*,#57,.T.);
#59=ORIENTED_EDGE('',*,*,#50,.F.);
#60=EDGE_LOOP('',(#43,#51,#58,#59));
#61=FACE_OUTER_BOUND('',#60,.T.);
#62=ADVANCED_FACE('',(#61),#34,.T.);
#63=CARTESIAN_POINT('',(-3.4398283694925,-4.3273794577626,18.));
#64=DIRECTION('',(1.,-1.6455497551897E-16,1.6455497551897E-16));
#65=DIRECTION('',(-1.6455497551897E-16,2.6009113452903E-32,1.));
#66=AXIS2_PLACEMENT_3D('',#63,#65,#64);
#67=PLANE('',#66);
#68=ORIENTED_EDGE('',*,*,#42,.F.);
#69=EDGE_LOOP('',(#68));
#70=FACE_OUTER_BOUND('',#69,.T.);
#71=CARTESIAN_POINT('',(14.507106781187,-5.2378622626524,18.));
#72=VERTEX_POINT('',#71);
#73=CARTESIAN_POINT('',(14.507106781187,5.0071067811866,18.));
#74=VERTEX_POINT('',#73);
#75=CARTESIAN_POINT('',(14.507106781187,-5.2378622626524,18.));
#76=DIRECTION('',(3.467764190988E-16,1.,0.));
#77=VECTOR('',#76,10.244969043839);
#78=LINE('',#75,#77);
#79=EDGE_CURVE('',#72,#74,#78,.T.);
#80=ORIENTED_EDGE('',*,*,#79,.F.);
#81=CARTESIAN_POINT('',(8.5184974565637,-5.2378622626524,18.));
#82=VERTEX_POINT('',#81);
#83=CARTESIAN_POINT('',(8.5184974565637,-5.2378622626524,18.));
#84=DIRECTION('',(1.,-2.9662259518192E-16,5.9324519036384E-16));
#85=VECTOR('',#84,5.9886093246228);
#86=LINE('',#83,#85);
#87=EDGE_CURVE('',#82,#72,#86,.T.);
#88=ORIENTED_EDGE('',*,*,#87,.F.);
#89=CARTESIAN_POINT('',(8.5184974565637,5.0071067811866,18.));
#90=VERTEX_POINT('',#89);
#91=CARTESIAN_POINT('',(8.5184974565637,5.0071067811866,18.));
#92=DIRECTION('',(-3.467764190988E-16,-1.,0.));
#93=VECTOR('',#92,10.244969043839);
#94=LINE('',#91,#93);
#95=EDGE_CURVE('',#90,#82,#94,.T.);
#96=ORIENTED_EDGE('',*,*,#95,.F.);
#97=CARTESIAN_POINT('',(14.507106781187,5.0071067811866,18.));
#98=DIRECTION('',(-1.,2.9662259518192E-16,-5.9324519036384E-16));
#99=VECTOR('',#98,5.9886093246228);
#100=LINE('',#97,#99);
#101=EDGE_CURVE('',#74,#90,#100,.T.);
#102=ORIENTED_EDGE('',*,*,#101,.F.);
#103=EDGE_LOOP('',(#80,#88,#96,#102));
#104=FACE_BOUND('',#103,.T.);
#105=ADVANCED_FACE('',(#70,#104),#67,.T.);
#106=CARTESIAN_POINT('',(2.6645352591004E-15,1.7763568394003E-15,2.5113573602714E-15));
#107=DIRECTION('',(1.,-3.0010036385476E-16,8.1467836761301E-16));
#108=DIRECTION('',(4.229421046191E-16,0.,-1.));
#109=AXIS2_PLACEMENT_3D('',#106,#108,#107);
#110=CYLINDRICAL_SURFACE('',#109,10.);
#111=CARTESIAN_POINT('',(10.,-1.2246467991474E-15,0.));
#112=VERTEX_POINT('',#111);
#113=CARTESIAN_POINT('',(5.3290705182008E-15,-2.4807207660944E-15,0.));
#114=DIRECTION('',(1.,1.256073966947E-16,-0.));
#115=DIRECTION('',(0.,-0.,-1.));
#116=AXIS2_PLACEMENT_3D('',#113,#115,#114);
#117=CIRCLE('',#116,10.);
#118=EDGE_CURVE('',#112,#112,#117,.T.);
#119=ORIENTED_EDGE('',*,*,#118,.T.);
#120=CARTESIAN_POINT('',(10.,-1.2246467991474E-15,-2.1));
#121=VERTEX_POINT('',#120);
#122=CARTESIAN_POINT('',(10.,-1.2246467991474E-15,0.));
#123=DIRECTION('',(0.,0.,-1.));
#124=VECTOR('',#123,2.1);
#125=LINE('',#122,#124);
#126=EDGE_CURVE('',#112,#121,#125,.T.);
#127=ORIENTED_EDGE('',*,*,#126,.T.);
#128=CARTESIAN_POINT('',(0.,1.1336092870323E-14,-2.1));
#129=DIRECTION('',(1.,-1.256073966947E-15,6.5497551122858E-17));
#130=DIRECTION('',(-6.5497551122858E-17,-1.0990647210786E-16,1.));
#131=AXIS2_PLACEMENT_3D('',#128,#130,#129);
#132=CIRCLE('',#131,10.);
#133=EDGE_CURVE('',#121,#121,#132,.T.);
#134=ORIENTED_EDGE('',*,*,#133,.T.);
#135=ORIENTED_EDGE('',*,*,#126,.F.);
#136=EDGE_LOOP('',(#119,#127,#134,#135));
#137=FACE_OUTER_BOUND('',#136,.T.);
#138=ADVANCED_FACE('',(#137),#110,.T.);
#139=CARTESIAN_POINT('',(-2.6794919243112,1.4210854715202E-14,-2.3));
#140=DIRECTION('',(1.,-1.4234208012425E-16,0.));
#141=DIRECTION('',(0.,-0.,-1.));
#142=AXIS2_PLACEMENT_3D('',#139,#141,#140);
#143=PLANE('',#142);
#144=CARTESIAN_POINT('',(9.8,-1.1646267263764E-15,-2.3));
#145=VERTEX_POINT('',#144);
#146=CARTESIAN_POINT('',(-1.7763568394003E-15,9.144724057062E-17,-2.3));
#147=DIRECTION('',(1.,-1.2817081295378E-16,6.4085406476889E-17));
#148=DIRECTION('',(6.4085406476889E-17,-6.4085406476889E-17,-1.));
#149=AXIS2_PLACEMENT_3D('',#146,#148,#147);
#150=CIRCLE('',#149,9.8);
#151=EDGE_CURVE('',#145,#145,#150,.T.);
#152=ORIENTED_EDGE('',*,*,#151,.T.);
#153=EDGE_LOOP('',(#152));
#154=FACE_OUTER_BOUND('',#153,.T.);
#155=CARTESIAN_POINT('',(3.1,1.8122677762515E-16,-2.3));
#156=VERTEX_POINT('',#155);
#157=CARTESIAN_POINT('',(-3.9968028886506E-15,-1.8598934186638E-15,-2.3));
#158=DIRECTION('',(1.,6.5842586977061E-16,1.432545838226E-16));
#159=DIRECTION('',(-1.432545838226E-16,-9.4322523952023E-32,1.));
#160=AXIS2_PLACEMENT_3D('',#157,#159,#158);
#161=CIRCLE('',#160,3.1);
#162=EDGE_CURVE('',#156,#156,#161,.T.);
#163=ORIENTED_EDGE('',*,*,#162,.T.);
#164=EDGE_LOOP('',(#163));
#165=FACE_BOUND('',#164,.T.);
#166=ADVANCED_FACE('',(#154,#165),#143,.T.);
#167=CARTESIAN_POINT('',(7.5,-12.990381056767,0.2));
#168=DIRECTION('',(1.,-2.8421709430404E-15,-1.3322676295502E-16));
#169=DIRECTION('',(0.,0.,1.));
#170=AXIS2_PLACEMENT_3D('',#167,#169,#168);
#171=CYLINDRICAL_SURFACE('',#170,1.25);
#172=CARTESIAN_POINT('',(8.75,-12.990381056767,3.));
#173=VERTEX_POINT('',#172);
#174=CARTESIAN_POINT('',(8.75,-12.990381056767,0.2));
#175=VERTEX_POINT('',#174);
#176=CARTESIAN_POINT('',(8.75,-12.990381056767,3.));
#177=DIRECTION('',(0.,0.,-1.));
#178=VECTOR('',#177,2.8);
#179=LINE('',#176,#178);
#180=EDGE_CURVE('',#173,#175,#179,.T.);
#181=ORIENTED_EDGE('',*,*,#180,.T.);
#182=CARTESIAN_POINT('',(7.5,-12.990381056767,0.2));
#183=DIRECTION('',(1.,4.6911184675259E-33,4.979662653602E-17));
#184=DIRECTION('',(4.979662653602E-17,-9.4205547521027E-17,-1.));
#185=AXIS2_PLACEMENT_3D('',#182,#184,#183);
#186=CIRCLE('',#185,1.25);
#187=EDGE_CURVE('',#175,#175,#186,.T.);
#188=ORIENTED_EDGE('',*,*,#187,.T.);
#189=ORIENTED_EDGE('',*,*,#180,.F.);
#190=CARTESIAN_POINT('',(7.5,-12.990381056767,3.));
#191=DIRECTION('',(1.,-1.577721810442E-32,1.256073966947E-16));
#192=DIRECTION('',(-1.256073966947E-16,-1.256073966947E-16,1.));
#193=AXIS2_PLACEMENT_3D('',#190,#192,#191);
#194=CIRCLE('',#193,1.25);
#195=EDGE_CURVE('',#173,#173,#194,.T.);
#196=ORIENTED_EDGE('',*,*,#195,.T.);
#197=EDGE_LOOP('',(#181,#188,#189,#196));
#198=FACE_OUTER_BOUND('',#197,.T.);
#199=ADVANCED_FACE('',(#198),#171,.F.);
#200=CARTESIAN_POINT('',(7.5,12.990381056767,0.2));
#201=DIRECTION('',(1.,-2.8421709430404E-15,-1.3322676295502E-16));
#202=DIRECTION('',(0.,0.,1.));
#203=AXIS2_PLACEMENT_3D('',#200,#202,#201);
#204=CYLINDRICAL_SURFACE('',#203,1.25);
#205=CARTESIAN_POINT('',(8.75,12.990381056767,3.));
#206=VERTEX_POINT('',#205);
#207=CARTESIAN_POINT('',(8.75,12.990381056767,0.2));
#208=VERTEX_POINT('',#207);
#209=CARTESIAN_POINT('',(8.75,12.990381056767,3.));
#210=DIRECTION('',(0.,0.,-1.));
#211=VECTOR('',#210,2.8);
#212=LINE('',#209,#211);
#213=EDGE_CURVE('',#206,#208,#212,.T.);
#214=ORIENTED_EDGE('',*,*,#213,.T.);
#215=CARTESIAN_POINT('',(7.5,12.990381056767,0.2));
#216=DIRECTION('',(1.,4.6911184675259E-33,4.979662653602E-17));
#217=DIRECTION('',(4.979662653602E-17,-9.4205547521027E-17,-1.));
#218=AXIS2_PLACEMENT_3D('',#215,#217,#216);
#219=CIRCLE('',#218,1.25);
#220=EDGE_CURVE('',#208,#208,#219,.T.);
#221=ORIENTED_EDGE('',*,*,#220,.T.);
#222=ORIENTED_EDGE('',*,*,#213,.F.);
#223=CARTESIAN_POINT('',(7.5,12.990381056767,3.));
#224=DIRECTION('',(1.,-1.577721810442E-32,1.256073966947E-16));
#225=DIRECTION('',(-1.256073966947E-16,-1.256073966947E-16,1.));
#226=AXIS2_PLACEMENT_3D('',#223,#225,#224);
#227=CIRCLE('',#226,1.25);
#228=EDGE_CURVE('',#206,#206,#227,.T.);
#229=ORIENTED_EDGE('',*,*,#228,.T.);
#230=EDGE_LOOP('',(#214,#221,#222,#229));
#231=FACE_OUTER_BOUND('',#230,.T.);
#232=ADVANCED_FACE('',(#231),#204,.F.);
#233=CARTESIAN_POINT('',(15.,2.4424906541753E-15,0.2));
#234=DIRECTION('',(1.,-1.9637896977335E-15,1.1102230246252E-16));
#235=DIRECTION('',(0.,-6.1232339957368E-17,1.));
#236=AXIS2_PLACEMENT_3D('',#233,#235,#234);
#237=CYLINDRICAL_SURFACE('',#236,1.25);
#238=CARTESIAN_POINT('',(16.25,-1.836970198721E-16,3.));
#239=VERTEX_POINT('',#238);
#240=CARTESIAN_POINT('',(16.25,-1.2246467991474E-17,0.2));
#241=VERTEX_POINT('',#240);
#242=CARTESIAN_POINT('',(16.25,-1.836970198721E-16,3.));
#243=DIRECTION('',(0.,6.1232339957366E-17,-1.));
#244=VECTOR('',#243,2.8);
#245=LINE('',#242,#244);
#246=EDGE_CURVE('',#239,#241,#245,.T.);
#247=ORIENTED_EDGE('',*,*,#246,.T.);
#248=CARTESIAN_POINT('',(15.,-5.0365423357796E-15,0.2));
#249=DIRECTION('',(1.,4.0194366942305E-15,3.7905385079341E-17));
#250=DIRECTION('',(3.7905385079341E-17,-1.5700924586838E-17,-1.));
#251=AXIS2_PLACEMENT_3D('',#248,#250,#249);
#252=CIRCLE('',#251,1.25);
#253=EDGE_CURVE('',#241,#241,#252,.T.);
#254=ORIENTED_EDGE('',*,*,#253,.T.);
#255=ORIENTED_EDGE('',*,*,#246,.F.);
#256=CARTESIAN_POINT('',(15.,-1.836970198721E-16,3.));
#257=DIRECTION('',(1.,-1.577721810442E-32,1.256073966947E-16));
#258=DIRECTION('',(-1.256073966947E-16,-1.256073966947E-16,1.));
#259=AXIS2_PLACEMENT_3D('',#256,#258,#257);
#260=CIRCLE('',#259,1.25);
#261=EDGE_CURVE('',#239,#239,#260,.T.);
#262=ORIENTED_EDGE('',*,*,#261,.T.);
#263=EDGE_LOOP('',(#247,#254,#255,#262));
#264=FACE_OUTER_BOUND('',#263,.T.);
#265=ADVANCED_FACE('',(#264),#237,.F.);
#266=CARTESIAN_POINT('',(-15.,3.7747582837255E-15,0.2));
#267=DIRECTION('',(1.,-3.0296038013735E-15,1.9984014443253E-16));
#268=DIRECTION('',(0.,-6.1232339957368E-17,1.));
#269=AXIS2_PLACEMENT_3D('',#266,#268,#267);
#270=CYLINDRICAL_SURFACE('',#269,1.25);
#271=CARTESIAN_POINT('',(-13.75,-1.836970198721E-16,3.));
#272=VERTEX_POINT('',#271);
#273=CARTESIAN_POINT('',(-13.75,-1.2246467991474E-17,0.2));
#274=VERTEX_POINT('',#273);
#275=CARTESIAN_POINT('',(-13.75,-1.836970198721E-16,3.));
#276=DIRECTION('',(0.,6.1232339957366E-17,-1.));
#277=VECTOR('',#276,2.8);
#278=LINE('',#275,#277);
#279=EDGE_CURVE('',#272,#274,#278,.T.);
#280=ORIENTED_EDGE('',*,*,#279,.T.);
#281=CARTESIAN_POINT('',(-15.,5.0120493997966E-15,0.2));
#282=DIRECTION('',(1.,-4.0194366942305E-15,3.7905385079341E-17));
#283=DIRECTION('',(3.7905385079341E-17,-1.5700924586838E-17,-1.));
#284=AXIS2_PLACEMENT_3D('',#281,#283,#282);
#285=CIRCLE('',#284,1.25);
#286=EDGE_CURVE('',#274,#274,#285,.T.);
#287=ORIENTED_EDGE('',*,*,#286,.T.);
#288=ORIENTED_EDGE('',*,*,#279,.F.);
#289=CARTESIAN_POINT('',(-15.,-1.836970198721E-16,3.));
#290=DIRECTION('',(1.,-1.577721810442E-32,1.256073966947E-16));
#291=DIRECTION('',(-1.256073966947E-16,-1.256073966947E-16,1.));
#292=AXIS2_PLACEMENT_3D('',#289,#291,#290);
#293=CIRCLE('',#292,1.25);
#294=EDGE_CURVE('',#272,#272,#293,.T.);
#295=ORIENTED_EDGE('',*,*,#294,.T.);
#296=EDGE_LOOP('',(#280,#287,#288,#295));
#297=FACE_OUTER_BOUND('',#296,.T.);
#298=ADVANCED_FACE('',(#297),#270,.F.);
#299=CARTESIAN_POINT('',(7.5,-12.990381056767,3.));
#300=DIRECTION('',(1.,0.,-3.5527136788005E-16));
#301=DIRECTION('',(0.,0.,1.));
#302=AXIS2_PLACEMENT_3D('',#299,#301,#300);
#303=CYLINDRICAL_SURFACE('',#302,1.25);
#304=CARTESIAN_POINT('',(8.75,-12.990381056767,4.));
#305=VERTEX_POINT('',#304);
#306=CARTESIAN_POINT('',(8.75,-12.990381056767,3.));
#307=DIRECTION('',(0.,0.,1.));
#308=VECTOR('',#307,1.);
#309=LINE('',#306,#308);
#310=EDGE_CURVE('',#173,#305,#309,.T.);
#311=ORIENTED_EDGE('',*,*,#310,.T.);
#312=CARTESIAN_POINT('',(7.5,-12.990381056767,4.));
#313=DIRECTION('',(1.,-0.,-0.));
#314=DIRECTION('',(0.,-0.,1.));
#315=AXIS2_PLACEMENT_3D('',#312,#314,#313);
#316=CIRCLE('',#315,1.25);
#317=EDGE_CURVE('',#305,#305,#316,.T.);
#318=ORIENTED_EDGE('',*,*,#317,.T.);
#319=ORIENTED_EDGE('',*,*,#310,.F.);
#320=ORIENTED_EDGE('',*,*,#195,.F.);
#321=EDGE_LOOP('',(#311,#318,#319,#320));
#322=FACE_OUTER_BOUND('',#321,.T.);
#323=ADVANCED_FACE('',(#322),#303,.F.);
#324=CARTESIAN_POINT('',(7.5,12.990381056767,3.));
#325=DIRECTION('',(1.,0.,-3.5527136788005E-16));
#326=DIRECTION('',(0.,0.,1.));
#327=AXIS2_PLACEMENT_3D('',#324,#326,#325);
#328=CYLINDRICAL_SURFACE('',#327,1.25);
#329=CARTESIAN_POINT('',(8.75,12.990381056767,4.));
#330=VERTEX_POINT('',#329);
#331=CARTESIAN_POINT('',(8.75,12.990381056767,3.));
#332=DIRECTION('',(0.,0.,1.));
#333=VECTOR('',#332,1.);
#334=LINE('',#331,#333);
#335=EDGE_CURVE('',#206,#330,#334,.T.);
#336=ORIENTED_EDGE('',*,*,#335,.T.);
#337=CARTESIAN_POINT('',(7.5,12.990381056767,4.));
#338=DIRECTION('',(1.,-0.,-0.));
#339=DIRECTION('',(0.,-0.,1.));
#340=AXIS2_PLACEMENT_3D('',#337,#339,#338);
#341=CIRCLE('',#340,1.25);
#342=EDGE_CURVE('',#330,#330,#341,.T.);
#343=ORIENTED_EDGE('',*,*,#342,.T.);
#344=ORIENTED_EDGE('',*,*,#335,.F.);
#345=ORIENTED_EDGE('',*,*,#228,.F.);
#346=EDGE_LOOP('',(#336,#343,#344,#345));
#347=FACE_OUTER_BOUND('',#346,.T.);
#348=ADVANCED_FACE('',(#347),#328,.F.);
#349=CARTESIAN_POINT('',(15.,2.4424906541753E-15,3.));
#350=DIRECTION('',(1.,-2.100950139238E-15,-3.5527136788005E-16));
#351=DIRECTION('',(0.,-6.1232339957368E-17,1.));
#352=AXIS2_PLACEMENT_3D('',#349,#351,#350);
#353=CYLINDRICAL_SURFACE('',#352,1.25);
#354=CARTESIAN_POINT('',(16.25,-2.4492935982947E-16,4.));
#355=VERTEX_POINT('',#354);
#356=CARTESIAN_POINT('',(16.25,-1.836970198721E-16,3.));
#357=DIRECTION('',(0.,-6.123233995737E-17,1.));
#358=VECTOR('',#357,1.);
#359=LINE('',#356,#358);
#360=EDGE_CURVE('',#239,#355,#359,.T.);
#361=ORIENTED_EDGE('',*,*,#360,.T.);
#362=CARTESIAN_POINT('',(15.,-2.4492935982947E-16,4.));
#363=DIRECTION('',(1.,-0.,-0.));
#364=DIRECTION('',(0.,-0.,1.));
#365=AXIS2_PLACEMENT_3D('',#362,#364,#363);
#366=CIRCLE('',#365,1.25);
#367=EDGE_CURVE('',#355,#355,#366,.T.);
#368=ORIENTED_EDGE('',*,*,#367,.T.);
#369=ORIENTED_EDGE('',*,*,#360,.F.);
#370=ORIENTED_EDGE('',*,*,#261,.F.);
#371=EDGE_LOOP('',(#361,#368,#369,#370));
#372=FACE_OUTER_BOUND('',#371,.T.);
#373=ADVANCED_FACE('',(#372),#353,.F.);
#374=CARTESIAN_POINT('',(-15.,-2.2204460492503E-16,3.));
#375=DIRECTION('',(1.,3.0678068042339E-17,0.));
#376=DIRECTION('',(0.,-6.1232339957368E-17,1.));
#377=AXIS2_PLACEMENT_3D('',#374,#376,#375);
#378=CYLINDRICAL_SURFACE('',#377,1.25);
#379=CARTESIAN_POINT('',(-13.75,-2.4492935982947E-16,4.));
#380=VERTEX_POINT('',#379);
#381=CARTESIAN_POINT('',(-13.75,-1.836970198721E-16,3.));
#382=DIRECTION('',(0.,-6.123233995737E-17,1.));
#383=VECTOR('',#382,1.);
#384=LINE('',#381,#383);
#385=EDGE_CURVE('',#272,#380,#384,.T.);
#386=ORIENTED_EDGE('',*,*,#385,.T.);
#387=CARTESIAN_POINT('',(-15.,-2.4492935982947E-16,4.));
#388=DIRECTION('',(1.,-0.,-0.));
#389=DIRECTION('',(0.,-0.,1.));
#390=AXIS2_PLACEMENT_3D('',#387,#389,#388);
#391=CIRCLE('',#390,1.25);
#392=EDGE_CURVE('',#380,#380,#391,.T.);
#393=ORIENTED_EDGE('',*,*,#392,.T.);
#394=ORIENTED_EDGE('',*,*,#385,.F.);
#395=ORIENTED_EDGE('',*,*,#294,.F.);
#396=EDGE_LOOP('',(#386,#393,#394,#395));
#397=FACE_OUTER_BOUND('',#396,.T.);
#398=ADVANCED_FACE('',(#397),#378,.F.);
#399=CARTESIAN_POINT('',(7.5,-12.990381056767,4.7510757737845));
#400=DIRECTION('',(1.,0.,0.));
#401=DIRECTION('',(-0.,-0.,-1.));
#402=AXIS2_PLACEMENT_3D('',#399,#401,#400);
#403=CONICAL_SURFACE('',#402,0.,1.0297442586767);
#404=CARTESIAN_POINT('',(7.5,-12.990381056767,4.7510757737845));
#405=VERTEX_POINT('',#404);
#406=CARTESIAN_POINT('',(8.75,-12.990381056767,4.));
#407=DIRECTION('',(-0.8571673007021,0.,0.51503807491008));
#408=VECTOR('',#407,1.4582917465192);
#409=LINE('',#406,#408);
#410=EDGE_CURVE('',#305,#405,#409,.T.);
#411=ORIENTED_EDGE('',*,*,#410,.T.);
#412=ORIENTED_EDGE('',*,*,#410,.F.);
#413=ORIENTED_EDGE('',*,*,#317,.F.);
#414=EDGE_LOOP('',(#411,#412,#413));
#415=FACE_OUTER_BOUND('',#414,.T.);
#416=ADVANCED_FACE('',(#415),#403,.F.);
#417=CARTESIAN_POINT('',(7.5,12.990381056767,4.7510757737844));
#418=DIRECTION('',(1.,-1.2984794062599E-15,0.));
#419=DIRECTION('',(-0.,-0.,-1.));
#420=AXIS2_PLACEMENT_3D('',#417,#419,#418);
#421=CONICAL_SURFACE('',#420,0.,1.0297442586767);
#422=CARTESIAN_POINT('',(7.5,12.990381056767,4.7510757737845));
#423=VERTEX_POINT('',#422);
#424=CARTESIAN_POINT('',(8.75,12.990381056767,4.));
#425=DIRECTION('',(-0.8571673007021,0.,0.51503807491008));
#426=VECTOR('',#425,1.4582917465192);
#427=LINE('',#424,#426);
#428=EDGE_CURVE('',#330,#423,#427,.T.);
#429=ORIENTED_EDGE('',*,*,#428,.T.);
#430=ORIENTED_EDGE('',*,*,#428,.F.);
#431=ORIENTED_EDGE('',*,*,#342,.F.);
#432=EDGE_LOOP('',(#429,#430,#431));
#433=FACE_OUTER_BOUND('',#432,.T.);
#434=ADVANCED_FACE('',(#433),#421,.F.);
#435=CARTESIAN_POINT('',(15.,1.9057119393101E-15,4.7510757737844));
#436=DIRECTION('',(1.,-1.8147926140274E-15,-2.8475468424688E-31));
#437=DIRECTION('',(-0.,1.5690756180396E-16,-1.));
#438=AXIS2_PLACEMENT_3D('',#435,#437,#436);
#439=CONICAL_SURFACE('',#438,0.,1.0297442586767);
#440=CARTESIAN_POINT('',(15.,1.6311330110284E-15,4.7510757737845));
#441=VERTEX_POINT('',#440);
#442=CARTESIAN_POINT('',(16.25,-2.4492935982947E-16,4.));
#443=DIRECTION('',(-0.8571673007021,1.0981913916737E-15,0.51503807491008));
#444=VECTOR('',#443,1.4582917465192);
#445=LINE('',#442,#444);
#446=EDGE_CURVE('',#355,#441,#445,.T.);
#447=ORIENTED_EDGE('',*,*,#446,.T.);
#448=ORIENTED_EDGE('',*,*,#446,.F.);
#449=ORIENTED_EDGE('',*,*,#367,.F.);
#450=EDGE_LOOP('',(#447,#448,#449));
#451=FACE_OUTER_BOUND('',#450,.T.);
#452=ADVANCED_FACE('',(#451),#439,.F.);
#453=CARTESIAN_POINT('',(-15.,-3.147341099402E-16,4.7510757737845));
#454=DIRECTION('',(1.,-3.8435774627043E-17,-6.0308636827758E-33));
#455=DIRECTION('',(-0.,1.5690756180396E-16,-1.));
#456=AXIS2_PLACEMENT_3D('',#453,#455,#454);
#457=CONICAL_SURFACE('',#456,0.,1.0297442586767);
#458=CARTESIAN_POINT('',(-15.,-3.1175728206562E-16,4.7510757737845));
#459=VERTEX_POINT('',#458);
#460=CARTESIAN_POINT('',(-13.75,-2.4492935982947E-16,4.));
#461=DIRECTION('',(-0.8571673007021,-4.3784856160632E-17,0.51503807491008));
#462=VECTOR('',#461,1.4582917465192);
#463=LINE('',#460,#462);
#464=EDGE_CURVE('',#380,#459,#463,.T.);
#465=ORIENTED_EDGE('',*,*,#464,.T.);
#466=ORIENTED_EDGE('',*,*,#464,.F.);
#467=ORIENTED_EDGE('',*,*,#392,.F.);
#468=EDGE_LOOP('',(#465,#466,#467));
#469=FACE_OUTER_BOUND('',#468,.T.);
#470=ADVANCED_FACE('',(#469),#457,.F.);
#471=CARTESIAN_POINT('',(1.1559194890078E-14,-2.8465951266465E-14,-17.95));
#472=DIRECTION('',(1.,1.3365351240555E-15,3.1380354971049E-16));
#473=DIRECTION('',(-3.1380354971049E-16,2.3183684654873E-16,1.));
#474=AXIS2_PLACEMENT_3D('',#471,#473,#472);
#475=CONICAL_SURFACE('',#474,0.,0.78539816339744);
#476=CARTESIAN_POINT('',(17.95,-3.9148360096974E-17,2.4980018054066E-16));
#477=VERTEX_POINT('',#476);
#478=CARTESIAN_POINT('',(-1.0658141036402E-14,-6.3195181948321E-15,-6.2409192742137E-16));
#479=DIRECTION('',(1.,3.498813278404E-16,4.8684797100949E-17));
#480=DIRECTION('',(-4.8684797100949E-17,-7.9589480435065E-19,1.));
#481=AXIS2_PLACEMENT_3D('',#478,#480,#479);
#482=CIRCLE('',#481,17.95);
#483=EDGE_CURVE('',#477,#477,#482,.T.);
#484=ORIENTED_EDGE('',*,*,#483,.T.);
#485=CARTESIAN_POINT('',(17.95,-3.9148360096974E-17,2.4980018054066E-16));
#486=DIRECTION('',(0.70710678118655,-1.557869206619E-14,0.70710678118655));
#487=VECTOR('',#486,0.28284271247462);
#488=LINE('',#485,#487);
#489=EDGE_CURVE('',#477,#45,#488,.T.);
#490=ORIENTED_EDGE('',*,*,#489,.T.);
#491=ORIENTED_EDGE('',*,*,#57,.F.);
#492=ORIENTED_EDGE('',*,*,#489,.F.);
#493=EDGE_LOOP('',(#484,#490,#491,#492));
#494=FACE_OUTER_BOUND('',#493,.T.);
#495=ADVANCED_FACE('',(#494),#475,.T.);
#496=CARTESIAN_POINT('',(4.8849813083507E-15,1.2434497875802E-14,-12.1));
#497=DIRECTION('',(1.,-1.6164649551221E-15,1.5281225650028E-16));
#498=DIRECTION('',(-1.5281225650028E-16,2.5055048762724E-16,1.));
#499=AXIS2_PLACEMENT_3D('',#496,#498,#497);
#500=CONICAL_SURFACE('',#499,0.,0.78539816339744);
#501=CARTESIAN_POINT('',(9.8,-1.1646267263764E-15,-2.3));
#502=DIRECTION('',(0.70710678118655,-2.1220300231842E-16,0.70710678118655));
#503=VECTOR('',#502,0.28284271247462);
#504=LINE('',#501,#503);
#505=EDGE_CURVE('',#145,#121,#504,.T.);
#506=ORIENTED_EDGE('',*,*,#505,.T.);
#507=ORIENTED_EDGE('',*,*,#133,.F.);
#508=ORIENTED_EDGE('',*,*,#505,.F.);
#509=ORIENTED_EDGE('',*,*,#151,.F.);
#510=EDGE_LOOP('',(#506,#507,#508,#509));
#511=FACE_OUTER_BOUND('',#510,.T.);
#512=ADVANCED_FACE('',(#511),#500,.T.);
#513=CARTESIAN_POINT('',(7.5,12.990381056767,1.45));
#514=DIRECTION('',(1.,0.,0.));
#515=DIRECTION('',(-0.,-0.,-1.));
#516=AXIS2_PLACEMENT_3D('',#513,#515,#514);
#517=CONICAL_SURFACE('',#516,0.,0.78539816339746);
#518=CARTESIAN_POINT('',(8.95,12.990381056767,0.));
#519=VERTEX_POINT('',#518);
#520=CARTESIAN_POINT('',(8.95,12.990381056767,0.));
#521=DIRECTION('',(-0.70710678118655,0.,0.70710678118655));
#522=VECTOR('',#521,0.28284271247462);
#523=LINE('',#520,#522);
#524=EDGE_CURVE('',#519,#208,#523,.T.);
#525=ORIENTED_EDGE('',*,*,#524,.T.);
#526=ORIENTED_EDGE('',*,*,#220,.F.);
#527=ORIENTED_EDGE('',*,*,#524,.F.);
#528=CARTESIAN_POINT('',(7.5,12.990381056767,0.));
#529=DIRECTION('',(1.,0.,-0.));
#530=DIRECTION('',(0.,-0.,-1.));
#531=AXIS2_PLACEMENT_3D('',#528,#530,#529);
#532=CIRCLE('',#531,1.45);
#533=EDGE_CURVE('',#519,#519,#532,.T.);
#534=ORIENTED_EDGE('',*,*,#533,.T.);
#535=EDGE_LOOP('',(#525,#526,#527,#534));
#536=FACE_OUTER_BOUND('',#535,.T.);
#537=ADVANCED_FACE('',(#536),#517,.F.);
#538=CARTESIAN_POINT('',(15.,-6.3300099305192E-17,1.4499999999999));
#539=DIRECTION('',(1.,-6.115980500324E-16,-4.6042982010317E-16));
#540=DIRECTION('',(-4.6042982010317E-16,4.9979860905703E-16,-1.));
#541=AXIS2_PLACEMENT_3D('',#538,#540,#539);
#542=CONICAL_SURFACE('',#541,0.,0.78539816339748);
#543=CARTESIAN_POINT('',(16.45,-2.2540928871951E-16,0.));
#544=VERTEX_POINT('',#543);
#545=CARTESIAN_POINT('',(16.45,-2.2540928871951E-16,0.));
#546=DIRECTION('',(-0.70710678118655,7.5364438016823E-16,0.70710678118655));
#547=VECTOR('',#546,0.28284271247462);
#548=LINE('',#545,#547);
#549=EDGE_CURVE('',#544,#241,#548,.T.);
#550=ORIENTED_EDGE('',*,*,#549,.T.);
#551=ORIENTED_EDGE('',*,*,#253,.F.);
#552=ORIENTED_EDGE('',*,*,#549,.F.);
#553=CARTESIAN_POINT('',(15.,2.2867386451745E-15,-4.7621039126979E-18));
#554=DIRECTION('',(1.,-1.7325158164786E-15,3.2842095949641E-18));
#555=DIRECTION('',(3.2842095949642E-18,5.4141119264958E-17,-1.));
#556=AXIS2_PLACEMENT_3D('',#553,#555,#554);
#557=CIRCLE('',#556,1.45);
#558=EDGE_CURVE('',#544,#544,#557,.T.);
#559=ORIENTED_EDGE('',*,*,#558,.T.);
#560=EDGE_LOOP('',(#550,#551,#552,#559));
#561=FACE_OUTER_BOUND('',#560,.T.);
#562=ADVANCED_FACE('',(#561),#542,.F.);
#563=CARTESIAN_POINT('',(7.5,-12.990381056767,1.45));
#564=DIRECTION('',(1.,-2.3021491005157E-15,0.));
#565=DIRECTION('',(-0.,-0.,-1.));
#566=AXIS2_PLACEMENT_3D('',#563,#565,#564);
#567=CONICAL_SURFACE('',#566,0.,0.78539816339746);
#568=CARTESIAN_POINT('',(8.95,-12.990381056767,0.));
#569=VERTEX_POINT('',#568);
#570=CARTESIAN_POINT('',(8.95,-12.990381056767,0.));
#571=DIRECTION('',(-0.70710678118655,0.,0.70710678118655));
#572=VECTOR('',#571,0.28284271247462);
#573=LINE('',#570,#572);
#574=EDGE_CURVE('',#569,#175,#573,.T.);
#575=ORIENTED_EDGE('',*,*,#574,.T.);
#576=ORIENTED_EDGE('',*,*,#187,.F.);
#577=ORIENTED_EDGE('',*,*,#574,.F.);
#578=CARTESIAN_POINT('',(7.5,-12.990381056767,0.));
#579=DIRECTION('',(1.,0.,-0.));
#580=DIRECTION('',(0.,-0.,-1.));
#581=AXIS2_PLACEMENT_3D('',#578,#580,#579);
#582=CIRCLE('',#581,1.45);
#583=EDGE_CURVE('',#569,#569,#582,.T.);
#584=ORIENTED_EDGE('',*,*,#583,.T.);
#585=EDGE_LOOP('',(#575,#576,#577,#584));
#586=FACE_OUTER_BOUND('',#585,.T.);
#587=ADVANCED_FACE('',(#586),#567,.F.);
#588=CARTESIAN_POINT('',(-15.,1.268967530245E-15,1.4500000000001));
#589=DIRECTION('',(1.,-1.3461332832935E-15,-4.2474352412143E-31));
#590=DIRECTION('',(-0.,3.1552858055944E-16,-1.));
#591=AXIS2_PLACEMENT_3D('',#588,#590,#589);
#592=CONICAL_SURFACE('',#591,0.,0.78539816339742);
#593=CARTESIAN_POINT('',(-13.55,-2.254092887195E-16,0.));
#594=VERTEX_POINT('',#593);
#595=CARTESIAN_POINT('',(-13.55,-2.254092887195E-16,0.));
#596=DIRECTION('',(-0.70710678118655,7.536443801682E-16,0.70710678118655));
#597=VECTOR('',#596,0.28284271247462);
#598=LINE('',#595,#597);
#599=EDGE_CURVE('',#594,#274,#598,.T.);
#600=ORIENTED_EDGE('',*,*,#599,.T.);
#601=ORIENTED_EDGE('',*,*,#286,.F.);
#602=ORIENTED_EDGE('',*,*,#599,.F.);
#603=CARTESIAN_POINT('',(-15.,1.658701661701E-15,-4.7621039126979E-18));
#604=DIRECTION('',(1.,-1.299386862359E-15,3.2842095949641E-18));
#605=DIRECTION('',(3.2842095949642E-18,5.4141119264958E-17,-1.));
#606=AXIS2_PLACEMENT_3D('',#603,#605,#604);
#607=CIRCLE('',#606,1.45);
#608=EDGE_CURVE('',#594,#594,#607,.T.);
#609=ORIENTED_EDGE('',*,*,#608,.T.);
#610=EDGE_LOOP('',(#600,#601,#602,#609));
#611=FACE_OUTER_BOUND('',#610,.T.);
#612=ADVANCED_FACE('',(#611),#592,.F.);
#613=CARTESIAN_POINT('',(-4.8632778426249,-7.105427357601E-15,0.));
#614=DIRECTION('',(1.,0.,0.));
#615=DIRECTION('',(0.,0.,-1.));
#616=AXIS2_PLACEMENT_3D('',#613,#615,#614);
#617=PLANE('',#616);
#618=ORIENTED_EDGE('',*,*,#483,.F.);
#619=EDGE_LOOP('',(#618));
#620=FACE_OUTER_BOUND('',#619,.T.);
#621=CARTESIAN_POINT('',(1.25,14.,0.));
#622=VERTEX_POINT('',#621);
#623=CARTESIAN_POINT('',(6.0396132539609E-14,14.,0.));
#624=DIRECTION('',(1.,-1.2560739669471E-16,-0.));
#625=DIRECTION('',(0.,-0.,1.));
#626=AXIS2_PLACEMENT_3D('',#623,#625,#624);
#627=CIRCLE('',#626,1.2499999999999);
#628=EDGE_CURVE('',#622,#622,#627,.T.);
#629=ORIENTED_EDGE('',*,*,#628,.T.);
#630=EDGE_LOOP('',(#629));
#631=FACE_BOUND('',#630,.T.);
#632=CARTESIAN_POINT('',(-10.874355652982,-7.,0.));
#633=VERTEX_POINT('',#632);
#634=CARTESIAN_POINT('',(-12.124355652982,-7.,0.));
#635=DIRECTION('',(1.,-0.,-0.));
#636=DIRECTION('',(0.,-0.,1.));
#637=AXIS2_PLACEMENT_3D('',#634,#636,#635);
#638=CIRCLE('',#637,1.25);
#639=EDGE_CURVE('',#633,#633,#638,.T.);
#640=ORIENTED_EDGE('',*,*,#639,.T.);
#641=EDGE_LOOP('',(#640));
#642=FACE_BOUND('',#641,.T.);
#643=CARTESIAN_POINT('',(13.374355652982,-7.,0.));
#644=VERTEX_POINT('',#643);
#645=CARTESIAN_POINT('',(12.124355652982,-7.,0.));
#646=DIRECTION('',(1.,-0.,-0.));
#647=DIRECTION('',(0.,-0.,1.));
#648=AXIS2_PLACEMENT_3D('',#645,#647,#646);
#649=CIRCLE('',#648,1.25);
#650=EDGE_CURVE('',#644,#644,#649,.T.);
#651=ORIENTED_EDGE('',*,*,#650,.T.);
#652=EDGE_LOOP('',(#651));
#653=FACE_BOUND('',#652,.T.);
#654=ORIENTED_EDGE('',*,*,#118,.F.);
#655=EDGE_LOOP('',(#654));
#656=FACE_BOUND('',#655,.T.);
#657=ORIENTED_EDGE('',*,*,#608,.F.);
#658=EDGE_LOOP('',(#657));
#659=FACE_BOUND('',#658,.T.);
#660=ORIENTED_EDGE('',*,*,#583,.F.);
#661=EDGE_LOOP('',(#660));
#662=FACE_BOUND('',#661,.T.);
#663=ORIENTED_EDGE('',*,*,#558,.F.);
#664=EDGE_LOOP('',(#663));
#665=FACE_BOUND('',#664,.T.);
#666=ORIENTED_EDGE('',*,*,#533,.F.);
#667=EDGE_LOOP('',(#666));
#668=FACE_BOUND('',#667,.T.);
#669=ADVANCED_FACE('',(#620,#631,#642,#653,#656,#659,#662,#665,#668),#617,.T.);
#670=CARTESIAN_POINT('',(12.124355652982,-7.,0.));
#671=DIRECTION('',(1.,2.1316282072803E-15,0.));
#672=DIRECTION('',(0.,0.,1.));
#673=AXIS2_PLACEMENT_3D('',#670,#672,#671);
#674=CYLINDRICAL_SURFACE('',#673,1.25);
#675=CARTESIAN_POINT('',(13.374355652982,-7.,3.));
#676=VERTEX_POINT('',#675);
#677=CARTESIAN_POINT('',(13.374355652982,-7.,0.));
#678=DIRECTION('',(0.,0.,1.));
#679=VECTOR('',#678,3.);
#680=LINE('',#677,#679);
#681=EDGE_CURVE('',#644,#676,#680,.T.);
#682=ORIENTED_EDGE('',*,*,#681,.T.);
#683=CARTESIAN_POINT('',(12.124355652982,-7.,3.));
#684=DIRECTION('',(1.,-1.577721810442E-32,1.256073966947E-16));
#685=DIRECTION('',(-1.256073966947E-16,-1.256073966947E-16,1.));
#686=AXIS2_PLACEMENT_3D('',#683,#685,#684);
#687=CIRCLE('',#686,1.25);
#688=EDGE_CURVE('',#676,#676,#687,.T.);
#689=ORIENTED_EDGE('',*,*,#688,.T.);
#690=ORIENTED_EDGE('',*,*,#681,.F.);
#691=ORIENTED_EDGE('',*,*,#650,.F.);
#692=EDGE_LOOP('',(#682,#689,#690,#691));
#693=FACE_OUTER_BOUND('',#692,.T.);
#694=ADVANCED_FACE('',(#693),#674,.F.);
#695=CARTESIAN_POINT('',(-12.124355652982,-7.,0.));
#696=DIRECTION('',(1.,7.105427357601E-16,0.));
#697=DIRECTION('',(0.,0.,1.));
#698=AXIS2_PLACEMENT_3D('',#695,#697,#696);
#699=CYLINDRICAL_SURFACE('',#698,1.25);
#700=CARTESIAN_POINT('',(-10.874355652982,-7.,3.));
#701=VERTEX_POINT('',#700);
#702=CARTESIAN_POINT('',(-10.874355652982,-7.,0.));
#703=DIRECTION('',(0.,0.,1.));
#704=VECTOR('',#703,3.);
#705=LINE('',#702,#704);
#706=EDGE_CURVE('',#633,#701,#705,.T.);
#707=ORIENTED_EDGE('',*,*,#706,.T.);
#708=CARTESIAN_POINT('',(-12.124355652982,-7.,3.));
#709=DIRECTION('',(1.,-1.577721810442E-32,1.256073966947E-16));
#710=DIRECTION('',(-1.256073966947E-16,-1.256073966947E-16,1.));
#711=AXIS2_PLACEMENT_3D('',#708,#710,#709);
#712=CIRCLE('',#711,1.25);
#713=EDGE_CURVE('',#701,#701,#712,.T.);
#714=ORIENTED_EDGE('',*,*,#713,.T.);
#715=ORIENTED_EDGE('',*,*,#706,.F.);
#716=ORIENTED_EDGE('',*,*,#639,.F.);
#717=EDGE_LOOP('',(#707,#714,#715,#716));
#718=FACE_OUTER_BOUND('',#717,.T.);
#719=ADVANCED_FACE('',(#718),#699,.F.);
#720=CARTESIAN_POINT('',(4.6629367034257E-14,14.,-9.8003280808502E-16));
#721=DIRECTION('',(1.,0.,7.3483510707919E-17));
#722=DIRECTION('',(0.,0.,1.));
#723=AXIS2_PLACEMENT_3D('',#720,#722,#721);
#724=CYLINDRICAL_SURFACE('',#723,1.25);
#725=CARTESIAN_POINT('',(1.25,14.,3.));
#726=VERTEX_POINT('',#725);
#727=CARTESIAN_POINT('',(1.25,14.,0.));
#728=DIRECTION('',(0.,0.,1.));
#729=VECTOR('',#728,3.);
#730=LINE('',#727,#729);
#731=EDGE_CURVE('',#622,#726,#730,.T.);
#732=ORIENTED_EDGE('',*,*,#731,.T.);
#733=CARTESIAN_POINT('',(6.0396132539609E-14,14.,3.));
#734=DIRECTION('',(1.,-1.2560739669471E-16,7.5364438016825E-16));
#735=DIRECTION('',(-7.5364438016825E-16,-7.5364438016825E-16,1.));
#736=AXIS2_PLACEMENT_3D('',#733,#735,#734);
#737=CIRCLE('',#736,1.2499999999999);
#738=EDGE_CURVE('',#726,#726,#737,.T.);
#739=ORIENTED_EDGE('',*,*,#738,.T.);
#740=ORIENTED_EDGE('',*,*,#731,.F.);
#741=ORIENTED_EDGE('',*,*,#628,.F.);
#742=EDGE_LOOP('',(#732,#739,#740,#741));
#743=FACE_OUTER_BOUND('',#742,.T.);
#744=ADVANCED_FACE('',(#743),#724,.F.);
#745=CARTESIAN_POINT('',(12.124355652982,-7.,3.));
#746=DIRECTION('',(1.,2.1316282072803E-15,-3.5527136788005E-16));
#747=DIRECTION('',(0.,0.,1.));
#748=AXIS2_PLACEMENT_3D('',#745,#747,#746);
#749=CYLINDRICAL_SURFACE('',#748,1.25);
#750=CARTESIAN_POINT('',(13.374355652982,-7.,4.));
#751=VERTEX_POINT('',#750);
#752=CARTESIAN_POINT('',(13.374355652982,-7.,3.));
#753=DIRECTION('',(0.,0.,1.));
#754=VECTOR('',#753,1.);
#755=LINE('',#752,#754);
#756=EDGE_CURVE('',#676,#751,#755,.T.);
#757=ORIENTED_EDGE('',*,*,#756,.T.);
#758=CARTESIAN_POINT('',(12.124355652982,-7.,4.));
#759=DIRECTION('',(1.,-0.,-0.));
#760=DIRECTION('',(0.,-0.,1.));
#761=AXIS2_PLACEMENT_3D('',#758,#760,#759);
#762=CIRCLE('',#761,1.25);
#763=EDGE_CURVE('',#751,#751,#762,.T.);
#764=ORIENTED_EDGE('',*,*,#763,.T.);
#765=ORIENTED_EDGE('',*,*,#756,.F.);
#766=ORIENTED_EDGE('',*,*,#688,.F.);
#767=EDGE_LOOP('',(#757,#764,#765,#766));
#768=FACE_OUTER_BOUND('',#767,.T.);
#769=ADVANCED_FACE('',(#768),#749,.F.);
#770=CARTESIAN_POINT('',(-12.124355652982,-7.,3.));
#771=DIRECTION('',(1.,0.,-3.5527136788005E-16));
#772=DIRECTION('',(0.,0.,1.));
#773=AXIS2_PLACEMENT_3D('',#770,#772,#771);
#774=CYLINDRICAL_SURFACE('',#773,1.25);
#775=CARTESIAN_POINT('',(-10.874355652982,-7.,4.));
#776=VERTEX_POINT('',#775);
#777=CARTESIAN_POINT('',(-10.874355652982,-7.,3.));
#778=DIRECTION('',(0.,0.,1.));
#779=VECTOR('',#778,1.);
#780=LINE('',#777,#779);
#781=EDGE_CURVE('',#701,#776,#780,.T.);
#782=ORIENTED_EDGE('',*,*,#781,.T.);
#783=CARTESIAN_POINT('',(-12.124355652982,-7.,4.));
#784=DIRECTION('',(1.,-0.,-0.));
#785=DIRECTION('',(0.,-0.,1.));
#786=AXIS2_PLACEMENT_3D('',#783,#785,#784);
#787=CIRCLE('',#786,1.25);
#788=EDGE_CURVE('',#776,#776,#787,.T.);
#789=ORIENTED_EDGE('',*,*,#788,.T.);
#790=ORIENTED_EDGE('',*,*,#781,.F.);
#791=ORIENTED_EDGE('',*,*,#713,.F.);
#792=EDGE_LOOP('',(#782,#789,#790,#791));
#793=FACE_OUTER_BOUND('',#792,.T.);
#794=ADVANCED_FACE('',(#793),#774,.F.);
#795=CARTESIAN_POINT('',(4.3742787170231E-14,14.,3.));
#796=DIRECTION('',(1.,0.,0.));
#797=DIRECTION('',(0.,0.,1.));
#798=AXIS2_PLACEMENT_3D('',#795,#797,#796);
#799=CYLINDRICAL_SURFACE('',#798,1.25);
#800=CARTESIAN_POINT('',(1.25,14.,4.));
#801=VERTEX_POINT('',#800);
#802=CARTESIAN_POINT('',(1.25,14.,3.));
#803=DIRECTION('',(0.,0.,1.));
#804=VECTOR('',#803,1.);
#805=LINE('',#802,#804);
#806=EDGE_CURVE('',#726,#801,#805,.T.);
#807=ORIENTED_EDGE('',*,*,#806,.T.);
#808=CARTESIAN_POINT('',(6.0396132539609E-14,14.,4.));
#809=DIRECTION('',(1.,-1.2560739669471E-16,-0.));
#810=DIRECTION('',(0.,-0.,1.));
#811=AXIS2_PLACEMENT_3D('',#808,#810,#809);
#812=CIRCLE('',#811,1.2499999999999);
#813=EDGE_CURVE('',#801,#801,#812,.T.);
#814=ORIENTED_EDGE('',*,*,#813,.T.);
#815=ORIENTED_EDGE('',*,*,#806,.F.);
#816=ORIENTED_EDGE('',*,*,#738,.F.);
#817=EDGE_LOOP('',(#807,#814,#815,#816));
#818=FACE_OUTER_BOUND('',#817,.T.);
#819=ADVANCED_FACE('',(#818),#799,.F.);
#820=CARTESIAN_POINT('',(12.124355652982,-7.,4.7510757737845));
#821=DIRECTION('',(1.,6.4923970312996E-16,0.));
#822=DIRECTION('',(-0.,-0.,-1.));
#823=AXIS2_PLACEMENT_3D('',#820,#822,#821);
#824=CONICAL_SURFACE('',#823,0.,1.0297442586767);
#825=CARTESIAN_POINT('',(12.124355652982,-7.,4.7510757737845));
#826=VERTEX_POINT('',#825);
#827=CARTESIAN_POINT('',(13.374355652982,-7.,4.));
#828=DIRECTION('',(-0.8571673007021,0.,0.51503807491008));
#829=VECTOR('',#828,1.4582917465192);
#830=LINE('',#827,#829);
#831=EDGE_CURVE('',#751,#826,#830,.T.);
#832=ORIENTED_EDGE('',*,*,#831,.T.);
#833=ORIENTED_EDGE('',*,*,#831,.F.);
#834=ORIENTED_EDGE('',*,*,#763,.F.);
#835=EDGE_LOOP('',(#832,#833,#834));
#836=FACE_OUTER_BOUND('',#835,.T.);
#837=ADVANCED_FACE('',(#836),#824,.F.);
#838=CARTESIAN_POINT('',(-12.124355652982,-7.,4.7510757737844));
#839=DIRECTION('',(1.,0.,0.));
#840=DIRECTION('',(-0.,-0.,-1.));
#841=AXIS2_PLACEMENT_3D('',#838,#840,#839);
#842=CONICAL_SURFACE('',#841,0.,1.0297442586767);
#843=CARTESIAN_POINT('',(-12.124355652982,-7.,4.7510757737845));
#844=VERTEX_POINT('',#843);
#845=CARTESIAN_POINT('',(-10.874355652982,-7.,4.));
#846=DIRECTION('',(-0.8571673007021,0.,0.51503807491008));
#847=VECTOR('',#846,1.4582917465192);
#848=LINE('',#845,#847);
#849=EDGE_CURVE('',#776,#844,#848,.T.);
#850=ORIENTED_EDGE('',*,*,#849,.T.);
#851=ORIENTED_EDGE('',*,*,#849,.F.);
#852=ORIENTED_EDGE('',*,*,#788,.F.);
#853=EDGE_LOOP('',(#850,#851,#852));
#854=FACE_OUTER_BOUND('',#853,.T.);
#855=ADVANCED_FACE('',(#854),#842,.F.);
#856=CARTESIAN_POINT('',(4.9233477458628E-14,14.,4.7510757737845));
#857=DIRECTION('',(1.,0.,2.7789776126943E-16));
#858=DIRECTION('',(2.7789776126943E-16,-0.,-1.));
#859=AXIS2_PLACEMENT_3D('',#856,#858,#857);
#860=CONICAL_SURFACE('',#859,0.,1.0297442586767);
#861=CARTESIAN_POINT('',(4.92965417142E-14,14.,4.7510757737845));
#862=VERTEX_POINT('',#861);
#863=CARTESIAN_POINT('',(1.25,14.,4.));
#864=DIRECTION('',(-0.85716730070209,0.,0.51503807491009));
#865=VECTOR('',#864,1.4582917465191);
#866=LINE('',#863,#865);
#867=EDGE_CURVE('',#801,#862,#866,.T.);
#868=ORIENTED_EDGE('',*,*,#867,.T.);
#869=ORIENTED_EDGE('',*,*,#867,.F.);
#870=ORIENTED_EDGE('',*,*,#813,.F.);
#871=EDGE_LOOP('',(#868,#869,#870));
#872=FACE_OUTER_BOUND('',#871,.T.);
#873=ADVANCED_FACE('',(#872),#860,.F.);
#874=CARTESIAN_POINT('',(-2.7755575615629E-15,-4.4408920985006E-15,-2.3));
#875=DIRECTION('',(1.,1.4910060890728E-15,0.));
#876=DIRECTION('',(5.5511151231258E-17,0.,1.));
#877=AXIS2_PLACEMENT_3D('',#874,#876,#875);
#878=CYLINDRICAL_SURFACE('',#877,3.1);
#879=CARTESIAN_POINT('',(3.1,9.0613388812574E-17,-0.3));
#880=VERTEX_POINT('',#879);
#881=CARTESIAN_POINT('',(3.1,1.8122677762515E-16,-2.3));
#882=DIRECTION('',(0.,-4.5306694406288E-17,1.));
#883=VECTOR('',#882,2.);
#884=LINE('',#881,#883);
#885=EDGE_CURVE('',#156,#880,#884,.T.);
#886=ORIENTED_EDGE('',*,*,#885,.T.);
#887=CARTESIAN_POINT('',(1.7763568394003E-15,-2.5785437909498E-15,-0.3));
#888=DIRECTION('',(1.,8.6101844508465E-16,2.5324071914254E-17));
#889=DIRECTION('',(-2.5324071914254E-17,-2.5324071914254E-17,1.));
#890=AXIS2_PLACEMENT_3D('',#887,#889,#888);
#891=CIRCLE('',#890,3.1);
#892=EDGE_CURVE('',#880,#880,#891,.T.);
#893=ORIENTED_EDGE('',*,*,#892,.T.);
#894=ORIENTED_EDGE('',*,*,#885,.F.);
#895=ORIENTED_EDGE('',*,*,#162,.F.);
#896=EDGE_LOOP('',(#886,#893,#894,#895));
#897=FACE_OUTER_BOUND('',#896,.T.);
#898=ADVANCED_FACE('',(#897),#878,.F.);
#899=CARTESIAN_POINT('',(-1.2727586640478,1.7763568394003E-15,-0.3));
#900=DIRECTION('',(1.,-1.6082151579101E-16,0.));
#901=DIRECTION('',(-0.,0.,1.));
#902=AXIS2_PLACEMENT_3D('',#899,#901,#900);
#903=PLANE('',#902);
#904=CARTESIAN_POINT('',(4.25,1.7763568394003E-15,-0.3));
#905=VERTEX_POINT('',#904);
#906=CARTESIAN_POINT('',(-2.6645352591004E-15,3.3464492980841E-15,-0.3));
#907=DIRECTION('',(1.,-3.694335196903E-16,9.2358379922575E-18));
#908=DIRECTION('',(-9.2358379922575E-18,-9.2358379922575E-18,1.));
#909=AXIS2_PLACEMENT_3D('',#906,#908,#907);
#910=CIRCLE('',#909,4.25);
#911=EDGE_CURVE('',#905,#905,#910,.T.);
#912=ORIENTED_EDGE('',*,*,#911,.T.);
#913=EDGE_LOOP('',(#912));
#914=FACE_OUTER_BOUND('',#913,.T.);
#915=ORIENTED_EDGE('',*,*,#892,.F.);
#916=EDGE_LOOP('',(#915));
#917=FACE_BOUND('',#916,.T.);
#918=ADVANCED_FACE('',(#914,#917),#903,.T.);
#919=CARTESIAN_POINT('',(-1.3397459621556,-5.3290705182008E-15,0.9));
#920=DIRECTION('',(1.,0.,0.));
#921=DIRECTION('',(0.,0.,1.));
#922=AXIS2_PLACEMENT_3D('',#919,#921,#920);
#923=PLANE('',#922);
#924=CARTESIAN_POINT('',(1.1254044804183E-15,5.,0.9));
#925=VERTEX_POINT('',#924);
#926=CARTESIAN_POINT('',(-1.3867434534757E-15,8.8817841970013E-16,0.9));
#927=DIRECTION('',(5.0242958677881E-16,1.,-0.));
#928=DIRECTION('',(0.,0.,1.));
#929=AXIS2_PLACEMENT_3D('',#926,#928,#927);
#930=CIRCLE('',#929,5.);
#931=EDGE_CURVE('',#925,#925,#930,.T.);
#932=ORIENTED_EDGE('',*,*,#931,.T.);
#933=EDGE_LOOP('',(#932));
#934=FACE_OUTER_BOUND('',#933,.T.);
#935=CARTESIAN_POINT('',(4.25,-1.3546787982442E-15,0.9));
#936=VERTEX_POINT('',#935);
#937=CARTESIAN_POINT('',(-4.4408920985006E-15,3.0415800860704E-15,0.9));
#938=DIRECTION('',(1.,-1.0344138551328E-15,-0.));
#939=DIRECTION('',(0.,0.,-1.));
#940=AXIS2_PLACEMENT_3D('',#937,#939,#938);
#941=CIRCLE('',#940,4.25);
#942=EDGE_CURVE('',#936,#936,#941,.T.);
#943=ORIENTED_EDGE('',*,*,#942,.T.);
#944=EDGE_LOOP('',(#943));
#945=FACE_BOUND('',#944,.T.);
#946=ADVANCED_FACE('',(#934,#945),#923,.T.);
#947=CARTESIAN_POINT('',(-4.4408920985006E-16,1.7763568394003E-15,-0.3));
#948=DIRECTION('',(1.,-7.3671426768102E-16,5.8776513068391E-16));
#949=DIRECTION('',(3.7007434154172E-16,0.,1.));
#950=AXIS2_PLACEMENT_3D('',#947,#949,#948);
#951=CYLINDRICAL_SURFACE('',#950,4.25);
#952=ORIENTED_EDGE('',*,*,#942,.F.);
#953=CARTESIAN_POINT('',(4.25,-1.3546787982442E-15,0.9));
#954=DIRECTION('',(0.,2.6091963647038E-15,-1.));
#955=VECTOR('',#954,1.2);
#956=LINE('',#953,#955);
#957=EDGE_CURVE('',#936,#905,#956,.T.);
#958=ORIENTED_EDGE('',*,*,#957,.T.);
#959=ORIENTED_EDGE('',*,*,#911,.F.);
#960=ORIENTED_EDGE('',*,*,#957,.F.);
#961=EDGE_LOOP('',(#952,#958,#959,#960));
#962=FACE_OUTER_BOUND('',#961,.T.);
#963=ADVANCED_FACE('',(#962),#951,.F.);
#964=CARTESIAN_POINT('',(-2.6645352591004E-15,-3.1086244689504E-15,0.9));
#965=DIRECTION('',(9.2127418779008E-16,1.,-1.3322676295502E-16));
#966=DIRECTION('',(0.,8.8817841970012E-17,1.));
#967=AXIS2_PLACEMENT_3D('',#964,#966,#965);
#968=CYLINDRICAL_SURFACE('',#967,5.);
#969=ORIENTED_EDGE('',*,*,#931,.F.);
#970=CARTESIAN_POINT('',(1.6186649967416E-15,5.,5.9));
#971=VERTEX_POINT('',#970);
#972=CARTESIAN_POINT('',(1.1254044804183E-15,5.,0.9));
#973=DIRECTION('',(9.865210326466E-17,0.,1.));
#974=VECTOR('',#973,5.);
#975=LINE('',#972,#974);
#976=EDGE_CURVE('',#925,#971,#975,.T.);
#977=ORIENTED_EDGE('',*,*,#976,.T.);
#978=CARTESIAN_POINT('',(4.8572538057826E-17,-4.4408920985006E-15,5.9));
#979=DIRECTION('',(3.1401849173675E-16,1.,-1.66860272838E-16));
#980=DIRECTION('',(1.8841109504205E-16,1.66860272838E-16,1.));
#981=AXIS2_PLACEMENT_3D('',#978,#980,#979);
#982=CIRCLE('',#981,5.);
#983=EDGE_CURVE('',#971,#971,#982,.T.);
#984=ORIENTED_EDGE('',*,*,#983,.T.);
#985=ORIENTED_EDGE('',*,*,#976,.F.);
#986=EDGE_LOOP('',(#969,#977,#984,#985));
#987=FACE_OUTER_BOUND('',#986,.T.);
#988=ADVANCED_FACE('',(#987),#968,.F.);
#989=CARTESIAN_POINT('',(-3.5527136788005E-15,-1.7763568394002E-15,5.9));
#990=DIRECTION('',(3.5527136788005E-16,1.,-1.7763568394002E-16));
#991=DIRECTION('',(-6.3108872417681E-32,-1.7763568394002E-16,-1.));
#992=AXIS2_PLACEMENT_3D('',#989,#991,#990);
#993=PLANE('',#992);
#994=ORIENTED_EDGE('',*,*,#983,.F.);
#995=EDGE_LOOP('',(#994));
#996=FACE_OUTER_BOUND('',#995,.T.);
#997=CARTESIAN_POINT('',(2.9703177688849,-0.42096597468991,5.9));
#998=VERTEX_POINT('',#997);
#999=CARTESIAN_POINT('',(-4.4408920985006E-15,-4.3853809472694E-15,5.9));
#1000=DIRECTION('',(0.99010592296163,-0.1403219915633,-6.2803698347351E-16));
#1001=DIRECTION('',(-5.3369573687967E-16,7.0995053747249E-16,-1.));
#1002=AXIS2_PLACEMENT_3D('',#999,#1001,#1000);
#1003=CIRCLE('',#1002,3.);
#1004=EDGE_CURVE('',#998,#998,#1003,.T.);
#1005=ORIENTED_EDGE('',*,*,#1004,.F.);
#1006=EDGE_LOOP('',(#1005));
#1007=FACE_BOUND('',#1006,.T.);
#1008=ADVANCED_FACE('',(#996,#1007),#993,.T.);
#1009=CARTESIAN_POINT('',(-1.5543122344752E-15,-3.9968028886506E-15,6.9));
#1010=DIRECTION('',(0.99010592296163,-0.1403219915633,-5.9211894646675E-16));
#1011=DIRECTION('',(-1.1102230246252E-16,-1.2027416100106E-16,-1.));
#1012=AXIS2_PLACEMENT_3D('',#1009,#1011,#1010);
#1013=CYLINDRICAL_SURFACE('',#1012,3.);
#1014=CARTESIAN_POINT('',(2.9703177688849,-0.42096597468991,0.9));
#1015=VERTEX_POINT('',#1014);
#1016=CARTESIAN_POINT('',(-2.2204460492503E-15,-4.7184478546569E-15,0.9));
#1017=DIRECTION('',(0.99010592296163,-0.1403219915633,-3.1401849173675E-16));
#1018=DIRECTION('',(3.5497526873625E-16,2.6684786843983E-16,1.));
#1019=AXIS2_PLACEMENT_3D('',#1016,#1018,#1017);
#1020=CIRCLE('',#1019,3.);
#1021=EDGE_CURVE('',#1015,#1015,#1020,.T.);
#1022=ORIENTED_EDGE('',*,*,#1021,.T.);
#1023=CARTESIAN_POINT('',(2.9703177688849,-0.42096597468991,5.9));
#1024=DIRECTION('',(0.,0.,-1.));
#1025=VECTOR('',#1024,5.);
#1026=LINE('',#1023,#1025);
#1027=EDGE_CURVE('',#998,#1015,#1026,.T.);
#1028=ORIENTED_EDGE('',*,*,#1027,.F.);
#1029=ORIENTED_EDGE('',*,*,#1004,.T.);
#1030=ORIENTED_EDGE('',*,*,#1027,.T.);
#1031=EDGE_LOOP('',(#1022,#1028,#1029,#1030));
#1032=FACE_OUTER_BOUND('',#1031,.T.);
#1033=ADVANCED_FACE('',(#1032),#1013,.T.);
#1034=CARTESIAN_POINT('',(-0.79589424743653,0.11279749295914,0.9));
#1035=DIRECTION('',(0.99010592296163,-0.1403219915633,0.));
#1036=DIRECTION('',(0.,-0.,-1.));
#1037=AXIS2_PLACEMENT_3D('',#1034,#1036,#1035);
#1038=PLANE('',#1037);
#1039=ORIENTED_EDGE('',*,*,#1021,.F.);
#1040=EDGE_LOOP('',(#1039));
#1041=FACE_OUTER_BOUND('',#1040,.T.);
#1042=CARTESIAN_POINT('',(2.3762542151079,-0.33677277975193,0.9));
#1043=VERTEX_POINT('',#1042);
#1044=CARTESIAN_POINT('',(-2.6645352591004E-15,-4.3853809472694E-15,0.9));
#1045=DIRECTION('',(0.99010592296163,-0.1403219915633,2.2897181689139E-16));
#1046=DIRECTION('',(-2.5883613345351E-16,-1.9457657073738E-16,1.));
#1047=AXIS2_PLACEMENT_3D('',#1044,#1046,#1045);
#1048=CIRCLE('',#1047,2.4);
#1049=EDGE_CURVE('',#1043,#1043,#1048,.T.);
#1050=ORIENTED_EDGE('',*,*,#1049,.T.);
#1051=EDGE_LOOP('',(#1050));
#1052=FACE_BOUND('',#1051,.T.);
#1053=ADVANCED_FACE('',(#1041,#1052),#1038,.T.);
#1054=CARTESIAN_POINT('',(-2.2204460492503E-15,-3.1086244689504E-15,0.9));
#1055=DIRECTION('',(0.99010592296163,-0.1403219915633,-1.3877787807814E-16));
#1056=DIRECTION('',(0.,-7.9301644616083E-17,-1.));
#1057=AXIS2_PLACEMENT_3D('',#1054,#1056,#1055);
#1058=CYLINDRICAL_SURFACE('',#1057,2.4);
#1059=ORIENTED_EDGE('',*,*,#1049,.F.);
#1060=CARTESIAN_POINT('',(2.3762542151079,-0.33677277975193,0.2));
#1061=VERTEX_POINT('',#1060);
#1062=CARTESIAN_POINT('',(2.3762542151079,-0.33677277975193,0.9));
#1063=DIRECTION('',(0.,0.,-1.));
#1064=VECTOR('',#1063,0.7);
#1065=LINE('',#1062,#1064);
#1066=EDGE_CURVE('',#1043,#1061,#1065,.T.);
#1067=ORIENTED_EDGE('',*,*,#1066,.T.);
#1068=CARTESIAN_POINT('',(-2.6645352591004E-15,-4.9960036108132E-15,0.2));
#1069=DIRECTION('',(0.99010592296163,-0.1403219915633,-6.9092517248772E-16));
#1070=DIRECTION('',(8.849002390913E-16,1.3199627043719E-15,1.));
#1071=AXIS2_PLACEMENT_3D('',#1068,#1070,#1069);
#1072=CIRCLE('',#1071,2.4);
#1073=EDGE_CURVE('',#1061,#1061,#1072,.T.);
#1074=ORIENTED_EDGE('',*,*,#1073,.T.);
#1075=ORIENTED_EDGE('',*,*,#1066,.F.);
#1076=EDGE_LOOP('',(#1059,#1067,#1074,#1075));
#1077=FACE_OUTER_BOUND('',#1076,.T.);
#1078=ADVANCED_FACE('',(#1077),#1058,.T.);
#1079=CARTESIAN_POINT('',(-0.78926179537456,0.11185751385114,0.2));
#1080=DIRECTION('',(0.99010592296163,-0.1403219915633,0.));
#1081=DIRECTION('',(-0.,0.,1.));
#1082=AXIS2_PLACEMENT_3D('',#1079,#1081,#1080);
#1083=PLANE('',#1082);
#1084=CARTESIAN_POINT('',(2.9455651208109,-0.41745792490082,0.2));
#1085=VERTEX_POINT('',#1084);
#1086=CARTESIAN_POINT('',(-4.4408920985006E-15,-4.6074255521944E-15,0.2));
#1087=DIRECTION('',(0.99010592296163,-0.1403219915633,-9.828932634569E-16));
#1088=DIRECTION('',(1.1948755045082E-15,1.4264339361817E-15,1.));
#1089=AXIS2_PLACEMENT_3D('',#1086,#1088,#1087);
#1090=CIRCLE('',#1089,2.975);
#1091=EDGE_CURVE('',#1085,#1085,#1090,.T.);
#1092=ORIENTED_EDGE('',*,*,#1091,.T.);
#1093=EDGE_LOOP('',(#1092));
#1094=FACE_OUTER_BOUND('',#1093,.T.);
#1095=ORIENTED_EDGE('',*,*,#1073,.F.);
#1096=EDGE_LOOP('',(#1095));
#1097=FACE_BOUND('',#1096,.T.);
#1098=ADVANCED_FACE('',(#1094,#1097),#1083,.T.);
#1099=CARTESIAN_POINT('',(-2.2204460492503E-15,-3.5527136788005E-15,0.2));
#1100=DIRECTION('',(0.99010592296163,-0.1403219915633,-1.7726249973007E-16));
#1101=DIRECTION('',(0.,-1.1748391794975E-16,-1.));
#1102=AXIS2_PLACEMENT_3D('',#1099,#1101,#1100);
#1103=CYLINDRICAL_SURFACE('',#1102,2.975);
#1104=ORIENTED_EDGE('',*,*,#1091,.F.);
#1105=CARTESIAN_POINT('',(2.9455651208109,-0.41745792490083,-18.7));
#1106=VERTEX_POINT('',#1105);
#1107=CARTESIAN_POINT('',(2.9455651208109,-0.41745792490082,0.2));
#1108=DIRECTION('',(0.,-5.2867763077388E-16,-1.));
#1109=VECTOR('',#1108,18.9);
#1110=LINE('',#1107,#1109);
#1111=EDGE_CURVE('',#1085,#1106,#1110,.T.);
#1112=ORIENTED_EDGE('',*,*,#1111,.T.);
#1113=CARTESIAN_POINT('',(-2.4612665837163,-1.6711648045245,-18.7));
#1114=VERTEX_POINT('',#1113);
#1115=CARTESIAN_POINT('',(-4.8849813083507E-15,-7.854827899223E-15,-18.7));
#1116=DIRECTION('',(0.99010592296163,-0.1403219915633,1.1941894718657E-15));
#1117=DIRECTION('',(-3.2232004507799E-15,1.3729154819022E-15,1.));
#1118=AXIS2_PLACEMENT_3D('',#1115,#1117,#1116);
#1119=CIRCLE('',#1118,2.975);
#1120=EDGE_CURVE('',#1106,#1114,#1119,.T.);
#1121=ORIENTED_EDGE('',*,*,#1120,.T.);
#1122=CARTESIAN_POINT('',(-2.4612665837163,-1.6711648045245,-5.9));
#1123=VERTEX_POINT('',#1122);
#1124=CARTESIAN_POINT('',(-2.4612665837163,-1.6711648045245,-18.7));
#1125=DIRECTION('',(0.,0.,1.));
#1126=VECTOR('',#1125,12.8);
#1127=LINE('',#1124,#1126);
#1128=EDGE_CURVE('',#1114,#1123,#1127,.T.);
#1129=ORIENTED_EDGE('',*,*,#1128,.T.);
#1130=CARTESIAN_POINT('',(1.8999786174631,-2.289258887322,-5.9));
#1131=VERTEX_POINT('',#1130);
#1132=CARTESIAN_POINT('',(0.,-8.8817841970013E-16,-5.9));
#1133=DIRECTION('',(-0.82731649872817,-0.56173606874773,-5.3738526233957E-15));
#1134=DIRECTION('',(-2.0932548638156E-15,-6.1447929622256E-15,1.));
#1135=AXIS2_PLACEMENT_3D('',#1132,#1134,#1133);
#1136=CIRCLE('',#1135,2.975);
#1137=EDGE_CURVE('',#1123,#1131,#1136,.T.);
#1138=ORIENTED_EDGE('',*,*,#1137,.T.);
#1139=CARTESIAN_POINT('',(1.8999786174631,-2.289258887322,-18.7));
#1140=VERTEX_POINT('',#1139);
#1141=CARTESIAN_POINT('',(1.8999786174631,-2.289258887322,-5.9));
#1142=DIRECTION('',(0.,0.,-1.));
#1143=VECTOR('',#1142,12.8);
#1144=LINE('',#1141,#1143);
#1145=EDGE_CURVE('',#1131,#1140,#1144,.T.);
#1146=ORIENTED_EDGE('',*,*,#1145,.T.);
#1147=CARTESIAN_POINT('',(-4.4408920985006E-15,-5.3290705182008E-15,-18.7));
#1148=DIRECTION('',(0.63864827477752,-0.76949878565446,4.7767578874629E-15));
#1149=DIRECTION('',(-8.0866842023416E-16,4.247759405571E-15,1.));
#1150=AXIS2_PLACEMENT_3D('',#1147,#1149,#1148);
#1151=CIRCLE('',#1150,2.975);
#1152=EDGE_CURVE('',#1140,#1106,#1151,.T.);
#1153=ORIENTED_EDGE('',*,*,#1152,.T.);
#1154=ORIENTED_EDGE('',*,*,#1111,.F.);
#1155=EDGE_LOOP('',(#1104,#1112,#1121,#1129,#1138,#1146,#1153,#1154));
#1156=FACE_OUTER_BOUND('',#1155,.T.);
#1157=ADVANCED_FACE('',(#1156),#1103,.T.);
#1158=CARTESIAN_POINT('',(-5.1463914563939E-15,-5.143210764567E-15,-21.675));
#1159=DIRECTION('',(0.99010592296163,-0.1403219915633,-1.2033527844176E-15));
#1160=DIRECTION('',(1.0744870076223E-15,-9.9411954228529E-16,1.));
#1161=AXIS2_PLACEMENT_3D('',#1158,#1160,#1159);
#1162=CONICAL_SURFACE('',#1161,0.,0.78539816339742);
#1163=CARTESIAN_POINT('',(2.7475439362185,-0.38939352658817,-18.9));
#1164=VERTEX_POINT('',#1163);
#1165=CARTESIAN_POINT('',(2.7475439362185,-0.38939352658817,-18.9));
#1166=DIRECTION('',(0.70011061221927,-0.099222631783993,0.70710678118642));
#1167=VECTOR('',#1166,0.28284271247467);
#1168=LINE('',#1165,#1167);
#1169=EDGE_CURVE('',#1164,#1106,#1168,.T.);
#1170=ORIENTED_EDGE('',*,*,#1169,.F.);
#1171=CARTESIAN_POINT('',(-2.185306245744,-1.7102750687081,-18.9));
#1172=VERTEX_POINT('',#1171);
#1173=CARTESIAN_POINT('',(-6.2172489379009E-15,-7.9936057773011E-15,-18.9));
#1174=DIRECTION('',(-0.78749880984848,-0.61631617250177,3.8407767321902E-15));
#1175=DIRECTION('',(-6.2378389417238E-15,-4.2038101572693E-15,-1.));
#1176=AXIS2_PLACEMENT_3D('',#1173,#1175,#1174);
#1177=CIRCLE('',#1176,2.7749962519492);
#1178=EDGE_CURVE('',#1172,#1164,#1177,.T.);
#1179=ORIENTED_EDGE('',*,*,#1178,.F.);
#1180=CARTESIAN_POINT('',(-2.4612665837163,-1.6711648045245,-18.7));
#1181=CARTESIAN_POINT('',(-2.3620723499404,-1.6852230301267,-18.773785662468));
#1182=CARTESIAN_POINT('',(-2.284739955089,-1.6961842612092,-18.830382328739));
#1183=CARTESIAN_POINT('',(-2.1853083094892,-1.7102761338228,-18.899999592381));
#1184=B_SPLINE_CURVE_WITH_KNOTS('',3,(#1180,#1181,#1182,#1183),.UNSPECIFIED.,.F.,.U.,(4,4),(1.9517093112024E-06,1.),.UNSPECIFIED.);
#1185=EDGE_CURVE('',#1114,#1172,#1184,.T.);
#1186=ORIENTED_EDGE('',*,*,#1185,.F.);
#1187=ORIENTED_EDGE('',*,*,#1120,.F.);
#1188=EDGE_LOOP('',(#1170,#1179,#1186,#1187));
#1189=FACE_OUTER_BOUND('',#1188,.T.);
#1190=ADVANCED_FACE('',(#1189),#1162,.T.);
#1191=CARTESIAN_POINT('',(-0.2806439831266,-1.9802118459233,-12.4));
#1192=DIRECTION('',(0.99010592296163,-0.1403219915633,0.));
#1193=DIRECTION('',(-0.1403219915633,-0.99010592296163,1.183795191912E-16));
#1194=AXIS2_PLACEMENT_3D('',#1191,#1193,#1192);
#1195=PLANE('',#1194);
#1196=CARTESIAN_POINT('',(1.8999786174631,-2.289258887322,-5.9));
#1197=DIRECTION('',(-0.99010592296164,0.14032199156329,0.));
#1198=VECTOR('',#1197,4.4048268978474);
#1199=LINE('',#1196,#1198);
#1200=EDGE_CURVE('',#1131,#1123,#1199,.T.);
#1201=ORIENTED_EDGE('',*,*,#1200,.T.);
#1202=ORIENTED_EDGE('',*,*,#1128,.F.);
#1203=ORIENTED_EDGE('',*,*,#1185,.T.);
#1204=CARTESIAN_POINT('',(1.6240207632743,-2.2501489751507,-18.9));
#1205=VERTEX_POINT('',#1204);
#1206=CARTESIAN_POINT('',(1.6240207632743,-2.2501489751507,-18.9));
#1207=DIRECTION('',(-0.99010592296164,0.14032199156328,0.));
#1208=VECTOR('',#1207,3.8473934158718);
#1209=LINE('',#1206,#1208);
#1210=EDGE_CURVE('',#1205,#1172,#1209,.T.);
#1211=ORIENTED_EDGE('',*,*,#1210,.F.);
#1212=CARTESIAN_POINT('',(1.6240213585087,-2.2501497843622,-18.9));
#1213=CARTESIAN_POINT('',(1.7233958062123,-2.2642335506431,-18.830422746029));
#1214=CARTESIAN_POINT('',(1.8009764991701,-2.2752278891372,-18.773642759686));
#1215=CARTESIAN_POINT('',(1.8999786174631,-2.289258887322,-18.7));
#1216=B_SPLINE_CURVE_WITH_KNOTS('',3,(#1212,#1213,#1214,#1215),.UNSPECIFIED.,.F.,.U.,(4,4),(0.,1.),.UNSPECIFIED.);
#1217=EDGE_CURVE('',#1205,#1140,#1216,.T.);
#1218=ORIENTED_EDGE('',*,*,#1217,.T.);
#1219=ORIENTED_EDGE('',*,*,#1145,.F.);
#1220=EDGE_LOOP('',(#1201,#1202,#1203,#1211,#1218,#1219));
#1221=FACE_OUTER_BOUND('',#1220,.T.);
#1222=ADVANCED_FACE('',(#1221),#1195,.T.);
#1223=CARTESIAN_POINT('',(-0.5944134950003,-4.1941559945907,-5.9));
#1224=DIRECTION('',(0.99010592296163,-0.1403219915633,0.));
#1225=DIRECTION('',(0.,-0.,-1.));
#1226=AXIS2_PLACEMENT_3D('',#1223,#1225,#1224);
#1227=PLANE('',#1226);
#1228=ORIENTED_EDGE('',*,*,#1200,.F.);
#1229=ORIENTED_EDGE('',*,*,#1137,.F.);
#1230=EDGE_LOOP('',(#1228,#1229));
#1231=FACE_OUTER_BOUND('',#1230,.T.);
#1232=ADVANCED_FACE('',(#1231),#1227,.T.);
#1233=CARTESIAN_POINT('',(-5.1463914563939E-15,-5.143210764567E-15,-21.675));
#1234=DIRECTION('',(-0.79594676768839,0.60536661867533,6.906947942657E-16));
#1235=DIRECTION('',(1.1343987862803E-15,3.5057475321007E-16,1.));
#1236=AXIS2_PLACEMENT_3D('',#1233,#1235,#1234);
#1237=CONICAL_SURFACE('',#1236,0.,0.78539816339742);
#1238=ORIENTED_EDGE('',*,*,#1169,.T.);
#1239=ORIENTED_EDGE('',*,*,#1152,.F.);
#1240=ORIENTED_EDGE('',*,*,#1217,.F.);
#1241=CARTESIAN_POINT('',(-4.4408920985006E-16,-6.4392935428259E-15,-18.9));
#1242=DIRECTION('',(0.99010592296163,-0.1403219915633,2.5605143630995E-15));
#1243=DIRECTION('',(3.8712333267365E-15,-4.2467281585285E-15,-1.));
#1244=AXIS2_PLACEMENT_3D('',#1241,#1243,#1242);
#1245=CIRCLE('',#1244,2.775);
#1246=EDGE_CURVE('',#1164,#1205,#1245,.T.);
#1247=ORIENTED_EDGE('',*,*,#1246,.F.);
#1248=EDGE_LOOP('',(#1238,#1239,#1240,#1247));
#1249=FACE_OUTER_BOUND('',#1248,.T.);
#1250=ADVANCED_FACE('',(#1249),#1237,.T.);
#1251=CARTESIAN_POINT('',(-0.78926179537455,0.11185751385114,-18.9));
#1252=DIRECTION('',(0.99010592296163,-0.1403219915633,0.));
#1253=DIRECTION('',(0.,-0.,-1.));
#1254=AXIS2_PLACEMENT_3D('',#1251,#1253,#1252);
#1255=PLANE('',#1254);
#1256=ORIENTED_EDGE('',*,*,#1210,.T.);
#1257=ORIENTED_EDGE('',*,*,#1178,.T.);
#1258=ORIENTED_EDGE('',*,*,#1246,.T.);
#1259=EDGE_LOOP('',(#1256,#1257,#1258));
#1260=FACE_OUTER_BOUND('',#1259,.T.);
#1261=ADVANCED_FACE('',(#1260),#1255,.T.);
#1262=CARTESIAN_POINT('',(14.507106781187,-0.11537774073289,14.3));
#1263=DIRECTION('',(3.467764190988E-16,1.,0.));
#1264=DIRECTION('',(-1.,3.467764190988E-16,-2.4004822154057E-16));
#1265=AXIS2_PLACEMENT_3D('',#1262,#1264,#1263);
#1266=PLANE('',#1265);
#1267=ORIENTED_EDGE('',*,*,#79,.T.);
#1268=CARTESIAN_POINT('',(14.507106781187,5.0071067811866,10.6));
#1269=VERTEX_POINT('',#1268);
#1270=CARTESIAN_POINT('',(14.507106781187,5.0071067811866,18.));
#1271=DIRECTION('',(2.4004822154057E-16,0.,-1.));
#1272=VECTOR('',#1271,7.4);
#1273=LINE('',#1270,#1272);
#1274=EDGE_CURVE('',#74,#1269,#1273,.T.);
#1275=ORIENTED_EDGE('',*,*,#1274,.T.);
#1276=CARTESIAN_POINT('',(14.507106781187,-5.2378622626524,10.6));
#1277=VERTEX_POINT('',#1276);
#1278=CARTESIAN_POINT('',(14.507106781187,-5.2378622626524,10.6));
#1279=DIRECTION('',(3.467764190988E-16,1.,0.));
#1280=VECTOR('',#1279,10.244969043839);
#1281=LINE('',#1278,#1280);
#1282=EDGE_CURVE('',#1277,#1269,#1281,.T.);
#1283=ORIENTED_EDGE('',*,*,#1282,.F.);
#1284=CARTESIAN_POINT('',(14.507106781187,-5.2378622626524,18.));
#1285=DIRECTION('',(2.4004822154057E-16,0.,-1.));
#1286=VECTOR('',#1285,7.4);
#1287=LINE('',#1284,#1286);
#1288=EDGE_CURVE('',#72,#1277,#1287,.T.);
#1289=ORIENTED_EDGE('',*,*,#1288,.F.);
#1290=EDGE_LOOP('',(#1267,#1275,#1283,#1289));
#1291=FACE_OUTER_BOUND('',#1290,.T.);
#1292=ADVANCED_FACE('',(#1291),#1266,.T.);
#1293=CARTESIAN_POINT('',(11.512802118875,-5.2378622626524,14.3));
#1294=DIRECTION('',(1.,-2.9662259518192E-16,5.9324519036384E-16));
#1295=DIRECTION('',(2.9662259518192E-16,1.,7.1203726442169E-32));
#1296=AXIS2_PLACEMENT_3D('',#1293,#1295,#1294);
#1297=PLANE('',#1296);
#1298=ORIENTED_EDGE('',*,*,#87,.T.);
#1299=ORIENTED_EDGE('',*,*,#1288,.T.);
#1300=CARTESIAN_POINT('',(8.5184974565637,-5.2378622626524,10.6));
#1301=VERTEX_POINT('',#1300);
#1302=CARTESIAN_POINT('',(8.5184974565637,-5.2378622626524,10.6));
#1303=DIRECTION('',(1.,-2.9662259518192E-16,5.9324519036384E-16));
#1304=VECTOR('',#1303,5.9886093246228);
#1305=LINE('',#1302,#1304);
#1306=EDGE_CURVE('',#1301,#1277,#1305,.T.);
#1307=ORIENTED_EDGE('',*,*,#1306,.F.);
#1308=CARTESIAN_POINT('',(8.5184974565637,-5.2378622626524,18.));
#1309=DIRECTION('',(2.4004822154057E-16,0.,-1.));
#1310=VECTOR('',#1309,7.4);
#1311=LINE('',#1308,#1310);
#1312=EDGE_CURVE('',#82,#1301,#1311,.T.);
#1313=ORIENTED_EDGE('',*,*,#1312,.F.);
#1314=EDGE_LOOP('',(#1298,#1299,#1307,#1313));
#1315=FACE_OUTER_BOUND('',#1314,.T.);
#1316=ADVANCED_FACE('',(#1315),#1297,.T.);
#1317=CARTESIAN_POINT('',(8.5184974565637,-0.11537774073289,14.3));
#1318=DIRECTION('',(-3.467764190988E-16,-1.,0.));
#1319=DIRECTION('',(1.,-3.467764190988E-16,2.4004822154057E-16));
#1320=AXIS2_PLACEMENT_3D('',#1317,#1319,#1318);
#1321=PLANE('',#1320);
#1322=ORIENTED_EDGE('',*,*,#95,.T.);
#1323=ORIENTED_EDGE('',*,*,#1312,.T.);
#1324=CARTESIAN_POINT('',(8.5184974565637,5.0071067811866,10.6));
#1325=VERTEX_POINT('',#1324);
#1326=CARTESIAN_POINT('',(8.5184974565637,5.0071067811866,10.6));
#1327=DIRECTION('',(-3.467764190988E-16,-1.,0.));
#1328=VECTOR('',#1327,10.244969043839);
#1329=LINE('',#1326,#1328);
#1330=EDGE_CURVE('',#1325,#1301,#1329,.T.);
#1331=ORIENTED_EDGE('',*,*,#1330,.F.);
#1332=CARTESIAN_POINT('',(8.5184974565637,5.0071067811866,18.));
#1333=DIRECTION('',(2.4004822154057E-16,0.,-1.));
#1334=VECTOR('',#1333,7.4);
#1335=LINE('',#1332,#1334);
#1336=EDGE_CURVE('',#90,#1325,#1335,.T.);
#1337=ORIENTED_EDGE('',*,*,#1336,.F.);
#1338=EDGE_LOOP('',(#1322,#1323,#1331,#1337));
#1339=FACE_OUTER_BOUND('',#1338,.T.);
#1340=ADVANCED_FACE('',(#1339),#1321,.T.);
#1341=CARTESIAN_POINT('',(11.512802118875,5.0071067811866,14.3));
#1342=DIRECTION('',(-1.,2.9662259518192E-16,-5.9324519036384E-16));
#1343=DIRECTION('',(-2.9662259518192E-16,-1.,-7.1203726442169E-32));
#1344=AXIS2_PLACEMENT_3D('',#1341,#1343,#1342);
#1345=PLANE('',#1344);
#1346=ORIENTED_EDGE('',*,*,#101,.T.);
#1347=ORIENTED_EDGE('',*,*,#1336,.T.);
#1348=CARTESIAN_POINT('',(14.507106781187,5.0071067811866,10.6));
#1349=DIRECTION('',(-1.,2.9662259518192E-16,-5.9324519036384E-16));
#1350=VECTOR('',#1349,5.9886093246228);
#1351=LINE('',#1348,#1350);
#1352=EDGE_CURVE('',#1269,#1325,#1351,.T.);
#1353=ORIENTED_EDGE('',*,*,#1352,.F.);
#1354=ORIENTED_EDGE('',*,*,#1274,.F.);
#1355=EDGE_LOOP('',(#1346,#1347,#1353,#1354));
#1356=FACE_OUTER_BOUND('',#1355,.T.);
#1357=ADVANCED_FACE('',(#1356),#1345,.T.);
#1358=CARTESIAN_POINT('',(9.384622259267,-0.11537774073289,10.6));
#1359=DIRECTION('',(3.1525129008982E-16,1.,0.));
#1360=DIRECTION('',(-3.1525129008982E-16,9.9383375903293E-32,1.));
#1361=AXIS2_PLACEMENT_3D('',#1358,#1360,#1359);
#1362=PLANE('',#1361);
#1363=ORIENTED_EDGE('',*,*,#1306,.T.);
#1364=ORIENTED_EDGE('',*,*,#1282,.T.);
#1365=ORIENTED_EDGE('',*,*,#1352,.T.);
#1366=ORIENTED_EDGE('',*,*,#1330,.T.);
#1367=EDGE_LOOP('',(#1363,#1364,#1365,#1366));
#1368=FACE_OUTER_BOUND('',#1367,.T.);
#1369=ADVANCED_FACE('',(#1368),#1362,.T.);
#1370=CLOSED_SHELL('',(#62,#105,#138,#166,#199,#232,#265,#298,#323,#348,#373,#398,#416,#434,#452,#470,#495,#512,#537,#562,#587,#612,#669,#694,#719,#744,#769,#794,#819,#837,#855,#873,#898,#918,#946,#963,#988,#1008,#1033,#1053,#1078,#1098,#1157,#1190,#1222,#1232,#1250,#1261,#1292,#1316,#1340,#1357,#1369));
#1371=COLOUR_RGB('',0.745098,0.901961,0.960784);
#1372=FILL_AREA_STYLE_COLOUR('',#1371);
#1373=FILL_AREA_STYLE('',(#1372));
#1374=SURFACE_STYLE_FILL_AREA(#1373);
#1375=SURFACE_SIDE_STYLE('',(#1374));
#1376=SURFACE_STYLE_USAGE(.BOTH.,#1375);
#1377=PRESENTATION_STYLE_ASSIGNMENT((#1376));
#1378=OVER_RIDING_STYLED_ITEM('',(#1377),#62,#1370);
#1379=OVER_RIDING_STYLED_ITEM('',(#1377),#105,#1370);
#1380=OVER_RIDING_STYLED_ITEM('',(#1377),#138,#1370);
#1381=OVER_RIDING_STYLED_ITEM('',(#1377),#166,#1370);
#1382=OVER_RIDING_STYLED_ITEM('',(#1377),#199,#1370);
#1383=OVER_RIDING_STYLED_ITEM('',(#1377),#232,#1370);
#1384=OVER_RIDING_STYLED_ITEM('',(#1377),#265,#1370);
#1385=OVER_RIDING_STYLED_ITEM('',(#1377),#298,#1370);
#1386=OVER_RIDING_STYLED_ITEM('',(#1377),#323,#1370);
#1387=OVER_RIDING_STYLED_ITEM('',(#1377),#348,#1370);
#1388=OVER_RIDING_STYLED_ITEM('',(#1377),#373,#1370);
#1389=OVER_RIDING_STYLED_ITEM('',(#1377),#398,#1370);
#1390=OVER_RIDING_STYLED_ITEM('',(#1377),#416,#1370);
#1391=OVER_RIDING_STYLED_ITEM('',(#1377),#434,#1370);
#1392=OVER_RIDING_STYLED_ITEM('',(#1377),#452,#1370);
#1393=OVER_RIDING_STYLED_ITEM('',(#1377),#470,#1370);
#1394=OVER_RIDING_STYLED_ITEM('',(#1377),#495,#1370);
#1395=OVER_RIDING_STYLED_ITEM('',(#1377),#512,#1370);
#1396=OVER_RIDING_STYLED_ITEM('',(#1377),#537,#1370);
#1397=OVER_RIDING_STYLED_ITEM('',(#1377),#562,#1370);
#1398=OVER_RIDING_STYLED_ITEM('',(#1377),#587,#1370);
#1399=OVER_RIDING_STYLED_ITEM('',(#1377),#612,#1370);
#1400=OVER_RIDING_STYLED_ITEM('',(#1377),#669,#1370);
#1401=COLOUR_RGB('',0.54902,0.54902,0.921569);
#1402=FILL_AREA_STYLE_COLOUR('',#1401);
#1403=FILL_AREA_STYLE('',(#1402));
#1404=SURFACE_STYLE_FILL_AREA(#1403);
#1405=SURFACE_SIDE_STYLE('',(#1404));
#1406=SURFACE_STYLE_USAGE(.BOTH.,#1405);
#1407=PRESENTATION_STYLE_ASSIGNMENT((#1406));
#1408=OVER_RIDING_STYLED_ITEM('',(#1407),#694,#1370);
#1409=OVER_RIDING_STYLED_ITEM('',(#1407),#719,#1370);
#1410=OVER_RIDING_STYLED_ITEM('',(#1407),#744,#1370);
#1411=OVER_RIDING_STYLED_ITEM('',(#1377),#769,#1370);
#1412=OVER_RIDING_STYLED_ITEM('',(#1377),#794,#1370);
#1413=OVER_RIDING_STYLED_ITEM('',(#1377),#819,#1370);
#1414=OVER_RIDING_STYLED_ITEM('',(#1377),#837,#1370);
#1415=OVER_RIDING_STYLED_ITEM('',(#1377),#855,#1370);
#1416=OVER_RIDING_STYLED_ITEM('',(#1377),#873,#1370);
#1417=OVER_RIDING_STYLED_ITEM('',(#1377),#898,#1370);
#1418=OVER_RIDING_STYLED_ITEM('',(#1377),#918,#1370);
#1419=OVER_RIDING_STYLED_ITEM('',(#1377),#946,#1370);
#1420=OVER_RIDING_STYLED_ITEM('',(#1377),#963,#1370);
#1421=OVER_RIDING_STYLED_ITEM('',(#1377),#988,#1370);
#1422=OVER_RIDING_STYLED_ITEM('',(#1377),#1008,#1370);
#1423=OVER_RIDING_STYLED_ITEM('',(#1377),#1033,#1370);
#1424=OVER_RIDING_STYLED_ITEM('',(#1377),#1053,#1370);
#1425=OVER_RIDING_STYLED_ITEM('',(#1377),#1078,#1370);
#1426=OVER_RIDING_STYLED_ITEM('',(#1377),#1098,#1370);
#1427=OVER_RIDING_STYLED_ITEM('',(#1377),#1157,#1370);
#1428=OVER_RIDING_STYLED_ITEM('',(#1377),#1190,#1370);
#1429=OVER_RIDING_STYLED_ITEM('',(#1377),#1222,#1370);
#1430=OVER_RIDING_STYLED_ITEM('',(#1377),#1232,#1370);
#1431=OVER_RIDING_STYLED_ITEM('',(#1377),#1250,#1370);
#1432=OVER_RIDING_STYLED_ITEM('',(#1377),#1261,#1370);
#1433=OVER_RIDING_STYLED_ITEM('',(#1377),#1292,#1370);
#1434=OVER_RIDING_STYLED_ITEM('',(#1377),#1316,#1370);
#1435=OVER_RIDING_STYLED_ITEM('',(#1377),#1340,#1370);
#1436=OVER_RIDING_STYLED_ITEM('',(#1377),#1357,#1370);
#1437=OVER_RIDING_STYLED_ITEM('',(#1377),#1369,#1370);
#1438=CARTESIAN_POINT('',(-6.,10.392304845413,5.4489242262156));
#1439=DIRECTION('',(1.,1.7296542735916E-15,1.7991425744367E-15));
#1440=DIRECTION('',(-1.7991425744367E-15,-7.1965702977469E-16,1.));
#1441=AXIS2_PLACEMENT_3D('',#1438,#1440,#1439);
#1442=CONICAL_SURFACE('',#1441,0.,1.0297442586767);
#1443=CARTESIAN_POINT('',(-6.,10.392304845413,5.4489242262156));
#1444=VERTEX_POINT('',#1443);
#1445=CARTESIAN_POINT('',(-5.2492838447052,10.392304845413,5.9));
#1446=VERTEX_POINT('',#1445);
#1447=CARTESIAN_POINT('',(-6.,10.392304845413,5.4489242262156));
#1448=DIRECTION('',(0.85716730070212,0.,0.51503807491003));
#1449=VECTOR('',#1448,0.87581053859599);
#1450=LINE('',#1447,#1449);
#1451=EDGE_CURVE('',#1444,#1446,#1450,.T.);
#1452=ORIENTED_EDGE('',*,*,#1451,.T.);
#1453=CARTESIAN_POINT('',(-6.,10.392304845413,5.9));
#1454=DIRECTION('',(1.,-4.1829190636432E-16,2.0196919867513E-15));
#1455=DIRECTION('',(-2.0196919867513E-15,-8.3658381272864E-16,1.));
#1456=AXIS2_PLACEMENT_3D('',#1453,#1455,#1454);
#1457=CIRCLE('',#1456,0.7507161552948);
#1458=EDGE_CURVE('',#1446,#1446,#1457,.T.);
#1459=ORIENTED_EDGE('',*,*,#1458,.T.);
#1460=ORIENTED_EDGE('',*,*,#1451,.F.);
#1461=EDGE_LOOP('',(#1452,#1459,#1460));
#1462=FACE_OUTER_BOUND('',#1461,.T.);
#1463=ADVANCED_FACE('',(#1462),#1442,.F.);
#1464=CARTESIAN_POINT('',(-6.,10.392304845413,5.9));
#1465=DIRECTION('',(-5.9155408701132E-16,1.,0.));
#1466=DIRECTION('',(0.,0.,-1.));
#1467=AXIS2_PLACEMENT_3D('',#1464,#1466,#1465);
#1468=PLANE('',#1467);
#1469=ORIENTED_EDGE('',*,*,#1458,.F.);
#1470=EDGE_LOOP('',(#1469));
#1471=FACE_OUTER_BOUND('',#1470,.T.);
#1472=ADVANCED_FACE('',(#1471),#1468,.T.);
#1473=CLOSED_SHELL('',(#1463,#1472));
#1474=OVER_RIDING_STYLED_ITEM('',(#1377),#1463,#1473);
#1475=OVER_RIDING_STYLED_ITEM('',(#1377),#1472,#1473);
#1476 = ORIENTED_CLOSED_SHELL('', * , #1473, .T.);#1477=CARTESIAN_POINT('',(-6.,-10.392304845413,5.4489242262156));
#1478=DIRECTION('',(1.,4.3241356839791E-16,3.5982851488734E-16));
#1479=DIRECTION('',(-3.5982851488734E-16,-7.1965702977469E-16,1.));
#1480=AXIS2_PLACEMENT_3D('',#1477,#1479,#1478);
#1481=CONICAL_SURFACE('',#1480,0.,1.0297442586767);
#1482=CARTESIAN_POINT('',(-6.,-10.392304845413,5.4489242262156));
#1483=VERTEX_POINT('',#1482);
#1484=CARTESIAN_POINT('',(-5.2492838447052,-10.392304845413,5.9));
#1485=VERTEX_POINT('',#1484);
#1486=CARTESIAN_POINT('',(-6.,-10.392304845413,5.4489242262156));
#1487=DIRECTION('',(0.85716730070212,0.,0.51503807491003));
#1488=VECTOR('',#1487,0.87581053859599);
#1489=LINE('',#1486,#1488);
#1490=EDGE_CURVE('',#1483,#1485,#1489,.T.);
#1491=ORIENTED_EDGE('',*,*,#1490,.T.);
#1492=CARTESIAN_POINT('',(-6.,-10.392304845413,5.9));
#1493=DIRECTION('',(1.,-4.1829190636432E-16,-1.5296325353166E-15));
#1494=DIRECTION('',(1.5296325353166E-15,-8.3658381272864E-16,1.));
#1495=AXIS2_PLACEMENT_3D('',#1492,#1494,#1493);
#1496=CIRCLE('',#1495,0.7507161552948);
#1497=EDGE_CURVE('',#1485,#1485,#1496,.T.);
#1498=ORIENTED_EDGE('',*,*,#1497,.T.);
#1499=ORIENTED_EDGE('',*,*,#1490,.F.);
#1500=EDGE_LOOP('',(#1491,#1498,#1499));
#1501=FACE_OUTER_BOUND('',#1500,.T.);
#1502=ADVANCED_FACE('',(#1501),#1481,.F.);
#1503=CARTESIAN_POINT('',(-6.,-10.392304845413,5.9));
#1504=DIRECTION('',(5.9155408701132E-16,1.,0.));
#1505=DIRECTION('',(0.,0.,-1.));
#1506=AXIS2_PLACEMENT_3D('',#1503,#1505,#1504);
#1507=PLANE('',#1506);
#1508=ORIENTED_EDGE('',*,*,#1497,.F.);
#1509=EDGE_LOOP('',(#1508));
#1510=FACE_OUTER_BOUND('',#1509,.T.);
#1511=ADVANCED_FACE('',(#1510),#1507,.T.);
#1512=CLOSED_SHELL('',(#1502,#1511));
#1513=OVER_RIDING_STYLED_ITEM('',(#1377),#1502,#1512);
#1514=OVER_RIDING_STYLED_ITEM('',(#1377),#1511,#1512);
#1515 = ORIENTED_CLOSED_SHELL('', * , #1512, .T.);#1516=BREP_WITH_VOIDS('S1',#1370,(#1476,#1515));
#1517=CARTESIAN_POINT('',(11.099987299975,-2.5024140656333,15.800028244856));
#1518=DIRECTION('',(-1.2872151010147E-16,-1.,0.));
#1519=DIRECTION('',(-0.,0.,1.));
#1520=AXIS2_PLACEMENT_3D('',#1517,#1519,#1518);
#1521=PLANE('',#1520);
#1522=CARTESIAN_POINT('',(13.799987299975,-4.4024140656333,15.800028244856));
#1523=VERTEX_POINT('',#1522);
#1524=CARTESIAN_POINT('',(13.799987299975,4.3975859343667,15.800028244856));
#1525=VERTEX_POINT('',#1524);
#1526=CARTESIAN_POINT('',(13.799987299975,-4.4024140656333,15.800028244856));
#1527=DIRECTION('',(0.,1.,0.));
#1528=VECTOR('',#1527,8.8);
#1529=LINE('',#1526,#1528);
#1530=EDGE_CURVE('',#1523,#1525,#1529,.T.);
#1531=ORIENTED_EDGE('',*,*,#1530,.T.);
#1532=CARTESIAN_POINT('',(9.2999872999746,4.3975859343667,15.800028244856));
#1533=VERTEX_POINT('',#1532);
#1534=CARTESIAN_POINT('',(13.799987299975,4.3975859343667,15.800028244856));
#1535=DIRECTION('',(-1.,0.,0.));
#1536=VECTOR('',#1535,4.5000000000004);
#1537=LINE('',#1534,#1536);
#1538=EDGE_CURVE('',#1525,#1533,#1537,.T.);
#1539=ORIENTED_EDGE('',*,*,#1538,.T.);
#1540=CARTESIAN_POINT('',(9.2999872999746,-4.4024140656333,15.800028244856));
#1541=VERTEX_POINT('',#1540);
#1542=CARTESIAN_POINT('',(9.2999872999746,4.3975859343667,15.800028244856));
#1543=DIRECTION('',(0.,-1.,0.));
#1544=VECTOR('',#1543,8.8);
#1545=LINE('',#1542,#1544);
#1546=EDGE_CURVE('',#1533,#1541,#1545,.T.);
#1547=ORIENTED_EDGE('',*,*,#1546,.T.);
#1548=CARTESIAN_POINT('',(9.2999872999746,-4.4024140656333,15.800028244856));
#1549=DIRECTION('',(1.,0.,0.));
#1550=VECTOR('',#1549,4.5000000000004);
#1551=LINE('',#1548,#1550);
#1552=EDGE_CURVE('',#1541,#1523,#1551,.T.);
#1553=ORIENTED_EDGE('',*,*,#1552,.T.);
#1554=EDGE_LOOP('',(#1531,#1539,#1547,#1553));
#1555=FACE_OUTER_BOUND('',#1554,.T.);
#1556=CARTESIAN_POINT('',(12.790636225323,-0.72802382173127,15.800028244856));
#1557=VERTEX_POINT('',#1556);
#1558=CARTESIAN_POINT('',(12.845514274103,-0.72802382173127,15.800028244856));
#1559=VERTEX_POINT('',#1558);
#1560=CARTESIAN_POINT('',(12.790636225323,-0.72802382173127,15.800028244856));
#1561=DIRECTION('',(1.,0.,0.));
#1562=VECTOR('',#1561,0.054878048779999);
#1563=LINE('',#1560,#1562);
#1564=EDGE_CURVE('',#1557,#1559,#1563,.T.);
#1565=ORIENTED_EDGE('',*,*,#1564,.T.);
#1566=CARTESIAN_POINT('',(12.845514274103,-0.98412138270627,15.800028244856));
#1567=VERTEX_POINT('',#1566);
#1568=CARTESIAN_POINT('',(12.845514274103,-0.72802382173127,15.800028244856));
#1569=DIRECTION('',(0.,-1.,0.));
#1570=VECTOR('',#1569,0.256097560975);
#1571=LINE('',#1568,#1570);
#1572=EDGE_CURVE('',#1559,#1567,#1571,.T.);
#1573=ORIENTED_EDGE('',*,*,#1572,.T.);
#1574=CARTESIAN_POINT('',(12.345514274103,-0.98412138270627,15.800028244856));
#1575=VERTEX_POINT('',#1574);
#1576=CARTESIAN_POINT('',(12.845514274103,-0.98412138270627,15.800028244856));
#1577=DIRECTION('',(-1.,0.,0.));
#1578=VECTOR('',#1577,0.5);
#1579=LINE('',#1576,#1578);
#1580=EDGE_CURVE('',#1567,#1575,#1579,.T.);
#1581=ORIENTED_EDGE('',*,*,#1580,.T.);
#1582=CARTESIAN_POINT('',(12.345514274103,-0.91704821197427,15.800028244856));
#1583=VERTEX_POINT('',#1582);
#1584=CARTESIAN_POINT('',(12.345514274103,-0.98412138270627,15.800028244856));
#1585=DIRECTION('',(0.,1.,0.));
#1586=VECTOR('',#1585,0.067073170732);
#1587=LINE('',#1584,#1586);
#1588=EDGE_CURVE('',#1575,#1583,#1587,.T.);
#1589=ORIENTED_EDGE('',*,*,#1588,.T.);
#1590=CARTESIAN_POINT('',(12.790636225323,-0.91704821197427,15.800028244856));
#1591=VERTEX_POINT('',#1590);
#1592=CARTESIAN_POINT('',(12.345514274103,-0.91704821197427,15.800028244856));
#1593=DIRECTION('',(1.,0.,0.));
#1594=VECTOR('',#1593,0.44512195122);
#1595=LINE('',#1592,#1594);
#1596=EDGE_CURVE('',#1583,#1591,#1595,.T.);
#1597=ORIENTED_EDGE('',*,*,#1596,.T.);
#1598=CARTESIAN_POINT('',(12.790636225323,-0.91704821197427,15.800028244856));
#1599=DIRECTION('',(0.,1.,0.));
#1600=VECTOR('',#1599,0.189024390243);
#1601=LINE('',#1598,#1600);
#1602=EDGE_CURVE('',#1591,#1557,#1601,.T.);
#1603=ORIENTED_EDGE('',*,*,#1602,.T.);
#1604=EDGE_LOOP('',(#1565,#1573,#1581,#1589,#1597,#1603));
#1605=FACE_BOUND('',#1604,.T.);
#1606=CARTESIAN_POINT('',(12.790636225323,0.052463983146729,15.800028244856));
#1607=VERTEX_POINT('',#1606);
#1608=CARTESIAN_POINT('',(12.845514274103,0.052463983146729,15.800028244856));
#1609=VERTEX_POINT('',#1608);
#1610=CARTESIAN_POINT('',(12.790636225323,0.052463983146729,15.800028244856));
#1611=DIRECTION('',(1.,0.,0.));
#1612=VECTOR('',#1611,0.054878048779999);
#1613=LINE('',#1610,#1612);
#1614=EDGE_CURVE('',#1607,#1609,#1613,.T.);
#1615=ORIENTED_EDGE('',*,*,#1614,.T.);
#1616=CARTESIAN_POINT('',(12.845514274103,-0.21582869977927,15.800028244856));
#1617=VERTEX_POINT('',#1616);
#1618=CARTESIAN_POINT('',(12.845514274103,0.052463983146729,15.800028244856));
#1619=DIRECTION('',(0.,-1.,0.));
#1620=VECTOR('',#1619,0.268292682926);
#1621=LINE('',#1618,#1620);
#1622=EDGE_CURVE('',#1609,#1617,#1621,.T.);
#1623=ORIENTED_EDGE('',*,*,#1622,.T.);
#1624=CARTESIAN_POINT('',(12.345514274103,-0.21582869977927,15.800028244856));
#1625=VERTEX_POINT('',#1624);
#1626=CARTESIAN_POINT('',(12.845514274103,-0.21582869977927,15.800028244856));
#1627=DIRECTION('',(-1.,0.,0.));
#1628=VECTOR('',#1627,0.5);
#1629=LINE('',#1626,#1628);
#1630=EDGE_CURVE('',#1617,#1625,#1629,.T.);
#1631=ORIENTED_EDGE('',*,*,#1630,.T.);
#1632=CARTESIAN_POINT('',(12.345514274103,0.040268861195729,15.800028244856));
#1633=VERTEX_POINT('',#1632);
#1634=CARTESIAN_POINT('',(12.345514274103,-0.21582869977927,15.800028244856));
#1635=DIRECTION('',(0.,1.,0.));
#1636=VECTOR('',#1635,0.256097560975);
#1637=LINE('',#1634,#1636);
#1638=EDGE_CURVE('',#1625,#1633,#1637,.T.);
#1639=ORIENTED_EDGE('',*,*,#1638,.T.);
#1640=CARTESIAN_POINT('',(12.400392322884,0.040268861195729,15.800028244856));
#1641=VERTEX_POINT('',#1640);
#1642=CARTESIAN_POINT('',(12.345514274103,0.040268861195729,15.800028244856));
#1643=DIRECTION('',(1.,0.,0.));
#1644=VECTOR('',#1643,0.054878048781001);
#1645=LINE('',#1642,#1644);
#1646=EDGE_CURVE('',#1633,#1641,#1645,.T.);
#1647=ORIENTED_EDGE('',*,*,#1646,.T.);
#1648=CARTESIAN_POINT('',(12.400392322884,-0.14875552904827,15.800028244856));
#1649=VERTEX_POINT('',#1648);
#1650=CARTESIAN_POINT('',(12.400392322884,0.040268861195729,15.800028244856));
#1651=DIRECTION('',(0.,-1.,0.));
#1652=VECTOR('',#1651,0.189024390244);
#1653=LINE('',#1650,#1652);
#1654=EDGE_CURVE('',#1641,#1649,#1653,.T.);
#1655=ORIENTED_EDGE('',*,*,#1654,.T.);
#1656=CARTESIAN_POINT('',(12.565026469225,-0.14875552904827,15.800028244856));
#1657=VERTEX_POINT('',#1656);
#1658=CARTESIAN_POINT('',(12.400392322884,-0.14875552904827,15.800028244856));
#1659=DIRECTION('',(1.,0.,0.));
#1660=VECTOR('',#1659,0.164634146341);
#1661=LINE('',#1658,#1660);
#1662=EDGE_CURVE('',#1649,#1657,#1661,.T.);
#1663=ORIENTED_EDGE('',*,*,#1662,.T.);
#1664=CARTESIAN_POINT('',(12.565026469225,0.028073739244729,15.800028244856));
#1665=VERTEX_POINT('',#1664);
#1666=CARTESIAN_POINT('',(12.565026469225,-0.14875552904827,15.800028244856));
#1667=DIRECTION('',(0.,1.,0.));
#1668=VECTOR('',#1667,0.176829268293);
#1669=LINE('',#1666,#1668);
#1670=EDGE_CURVE('',#1657,#1665,#1669,.T.);
#1671=ORIENTED_EDGE('',*,*,#1670,.T.);
#1672=CARTESIAN_POINT('',(12.619904518006,0.028073739244729,15.800028244856));
#1673=VERTEX_POINT('',#1672);
#1674=CARTESIAN_POINT('',(12.565026469225,0.028073739244729,15.800028244856));
#1675=DIRECTION('',(1.,0.,0.));
#1676=VECTOR('',#1675,0.054878048781001);
#1677=LINE('',#1674,#1676);
#1678=EDGE_CURVE('',#1665,#1673,#1677,.T.);
#1679=ORIENTED_EDGE('',*,*,#1678,.T.);
#1680=CARTESIAN_POINT('',(12.619904518006,-0.14875552904827,15.800028244856));
#1681=VERTEX_POINT('',#1680);
#1682=CARTESIAN_POINT('',(12.619904518006,0.028073739244729,15.800028244856));
#1683=DIRECTION('',(0.,-1.,0.));
#1684=VECTOR('',#1683,0.176829268293);
#1685=LINE('',#1682,#1684);
#1686=EDGE_CURVE('',#1673,#1681,#1685,.T.);
#1687=ORIENTED_EDGE('',*,*,#1686,.T.);
#1688=CARTESIAN_POINT('',(12.790636225323,-0.14875552904827,15.800028244856));
#1689=VERTEX_POINT('',#1688);
#1690=CARTESIAN_POINT('',(12.619904518006,-0.14875552904827,15.800028244856));
#1691=DIRECTION('',(1.,0.,0.));
#1692=VECTOR('',#1691,0.170731707317);
#1693=LINE('',#1690,#1692);
#1694=EDGE_CURVE('',#1681,#1689,#1693,.T.);
#1695=ORIENTED_EDGE('',*,*,#1694,.T.);
#1696=CARTESIAN_POINT('',(12.790636225323,-0.14875552904827,15.800028244856));
#1697=DIRECTION('',(0.,1.,0.));
#1698=VECTOR('',#1697,0.201219512195);
#1699=LINE('',#1696,#1698);
#1700=EDGE_CURVE('',#1689,#1607,#1699,.T.);
#1701=ORIENTED_EDGE('',*,*,#1700,.T.);
#1702=EDGE_LOOP('',(#1615,#1623,#1631,#1639,#1647,#1655,#1663,#1671,#1679,#1687,#1695,#1701));
#1703=FACE_BOUND('',#1702,.T.);
#1704=CARTESIAN_POINT('',(12.345514274103,0.84514690997673,15.800028244856));
#1705=VERTEX_POINT('',#1704);
#1706=CARTESIAN_POINT('',(12.845514274103,1.0402688611957,15.800028244856));
#1707=VERTEX_POINT('',#1706);
#1708=CARTESIAN_POINT('',(12.345514274103,0.84514690997673,15.800028244856));
#1709=DIRECTION('',(0.9315776194854,0.36354248565183,0.));
#1710=VECTOR('',#1709,0.53672392889408);
#1711=LINE('',#1708,#1710);
#1712=EDGE_CURVE('',#1705,#1707,#1711,.T.);
#1713=ORIENTED_EDGE('',*,*,#1712,.T.);
#1714=CARTESIAN_POINT('',(12.845514274103,0.96709812948873,15.800028244856));
#1715=VERTEX_POINT('',#1714);
#1716=CARTESIAN_POINT('',(12.845514274103,1.0402688611957,15.800028244856));
#1717=DIRECTION('',(0.,-1.,0.));
#1718=VECTOR('',#1717,0.07317073170697);
#1719=LINE('',#1716,#1718);
#1720=EDGE_CURVE('',#1707,#1715,#1719,.T.);
#1721=ORIENTED_EDGE('',*,*,#1720,.T.);
#1722=CARTESIAN_POINT('',(12.705270371664,0.91650742826873,15.800028244856));
#1723=VERTEX_POINT('',#1722);
#1724=CARTESIAN_POINT('',(12.845514274103,0.96709812948873,15.800028244856));
#1725=DIRECTION('',(-0.94066726054248,-0.33933037727783,0.));
#1726=VECTOR('',#1725,0.14908980924681);
#1727=LINE('',#1724,#1726);
#1728=EDGE_CURVE('',#1715,#1723,#1727,.T.);
#1729=ORIENTED_EDGE('',*,*,#1728,.T.);
#1730=CARTESIAN_POINT('',(12.705270371664,0.70995255022073,15.800028244856));
#1731=VERTEX_POINT('',#1730);
#1732=CARTESIAN_POINT('',(12.705270371664,0.91650742826873,15.800028244856));
#1733=DIRECTION('',(0.,-1.,0.));
#1734=VECTOR('',#1733,0.206554878048);
#1735=LINE('',#1732,#1734);
#1736=EDGE_CURVE('',#1723,#1731,#1735,.T.);
#1737=ORIENTED_EDGE('',*,*,#1736,.T.);
#1738=CARTESIAN_POINT('',(12.845514274103,0.66222008070773,15.800028244856));
#1739=VERTEX_POINT('',#1738);
#1740=CARTESIAN_POINT('',(12.705270371664,0.70995255022073,15.800028244856));
#1741=DIRECTION('',(0.94667077607058,-0.32220248561103,0.));
#1742=VECTOR('',#1741,0.14814432428254);
#1743=LINE('',#1740,#1742);
#1744=EDGE_CURVE('',#1731,#1739,#1743,.T.);
#1745=ORIENTED_EDGE('',*,*,#1744,.T.);
#1746=CARTESIAN_POINT('',(12.845514274103,0.58904934900073,15.800028244856));
#1747=VERTEX_POINT('',#1746);
#1748=CARTESIAN_POINT('',(12.845514274103,0.66222008070773,15.800028244856));
#1749=DIRECTION('',(0.,-1.,0.));
#1750=VECTOR('',#1749,0.073170731707);
#1751=LINE('',#1748,#1750);
#1752=EDGE_CURVE('',#1739,#1747,#1751,.T.);
#1753=ORIENTED_EDGE('',*,*,#1752,.T.);
#1754=CARTESIAN_POINT('',(12.345514274103,0.77807373924473,15.800028244856));
#1755=VERTEX_POINT('',#1754);
#1756=CARTESIAN_POINT('',(12.845514274103,0.58904934900073,15.800028244856));
#1757=DIRECTION('',(-0.93538826358008,0.35362239232924,0.));
#1758=VECTOR('',#1757,0.5345373888767);
#1759=LINE('',#1756,#1758);
#1760=EDGE_CURVE('',#1747,#1755,#1759,.T.);
#1761=ORIENTED_EDGE('',*,*,#1760,.T.);
#1762=CARTESIAN_POINT('',(12.345514274103,0.77807373924473,15.800028244856));
#1763=DIRECTION('',(0.,1.,0.));
#1764=VECTOR('',#1763,0.067073170732);
#1765=LINE('',#1762,#1764);
#1766=EDGE_CURVE('',#1755,#1705,#1765,.T.);
#1767=ORIENTED_EDGE('',*,*,#1766,.T.);
#1768=EDGE_LOOP('',(#1713,#1721,#1729,#1737,#1745,#1753,#1761,#1767));
#1769=FACE_BOUND('',#1768,.T.);
#1770=CARTESIAN_POINT('',(11.399987299975,-0.35241406563327,15.800028244856));
#1771=VERTEX_POINT('',#1770);
#1772=CARTESIAN_POINT('',(10.799987299975,-0.35241406563327,15.800028244856));
#1773=VERTEX_POINT('',#1772);
#1774=CARTESIAN_POINT('',(11.399987299975,-0.35241406563327,15.800028244856));
#1775=DIRECTION('',(-1.,0.,0.));
#1776=VECTOR('',#1775,0.6);
#1777=LINE('',#1774,#1776);
#1778=EDGE_CURVE('',#1771,#1773,#1777,.T.);
#1779=ORIENTED_EDGE('',*,*,#1778,.T.);
#1780=CARTESIAN_POINT('',(10.749987299975,-0.30241406563327,15.800028244856));
#1781=VERTEX_POINT('',#1780);
#1782=CARTESIAN_POINT('',(10.799987299975,-0.30241406563327,15.800028244856));
#1783=DIRECTION('',(0.,-1.,-7.1054273576009E-14));
#1784=DIRECTION('',(6.4327571599414E-14,6.4327571599415E-14,-1.));
#1785=AXIS2_PLACEMENT_3D('',#1782,#1784,#1783);
#1786=CIRCLE('',#1785,0.050000000000001);
#1787=EDGE_CURVE('',#1773,#1781,#1786,.T.);
#1788=ORIENTED_EDGE('',*,*,#1787,.T.);
#1789=CARTESIAN_POINT('',(10.749987299975,0.29758593436673,15.800028244856));
#1790=VERTEX_POINT('',#1789);
#1791=CARTESIAN_POINT('',(10.749987299975,-0.30241406563327,15.800028244856));
#1792=DIRECTION('',(0.,1.,0.));
#1793=VECTOR('',#1792,0.6);
#1794=LINE('',#1791,#1793);
#1795=EDGE_CURVE('',#1781,#1790,#1794,.T.);
#1796=ORIENTED_EDGE('',*,*,#1795,.T.);
#1797=CARTESIAN_POINT('',(10.799987299975,0.34758593436673,15.800028244856));
#1798=VERTEX_POINT('',#1797);
#1799=CARTESIAN_POINT('',(10.799987299975,0.29758593436673,15.800028244856));
#1800=DIRECTION('',(-1.,2.2204460492504E-15,3.5527136788006E-14));
#1801=DIRECTION('',(-2.1442523866472E-14,2.1442523866472E-14,-1.));
#1802=AXIS2_PLACEMENT_3D('',#1799,#1801,#1800);
#1803=CIRCLE('',#1802,0.049999999999999);
#1804=EDGE_CURVE('',#1790,#1798,#1803,.T.);
#1805=ORIENTED_EDGE('',*,*,#1804,.T.);
#1806=CARTESIAN_POINT('',(11.399987299975,0.34758593436673,15.800028244856));
#1807=VERTEX_POINT('',#1806);
#1808=CARTESIAN_POINT('',(10.799987299975,0.34758593436673,15.800028244856));
#1809=DIRECTION('',(1.,0.,0.));
#1810=VECTOR('',#1809,0.6);
#1811=LINE('',#1808,#1810);
#1812=EDGE_CURVE('',#1798,#1807,#1811,.T.);
#1813=ORIENTED_EDGE('',*,*,#1812,.T.);
#1814=CARTESIAN_POINT('',(11.449987299975,0.29758593436673,15.800028244856));
#1815=VERTEX_POINT('',#1814);
#1816=CARTESIAN_POINT('',(11.399987299975,0.29758593436673,15.800028244856));
#1817=DIRECTION('',(-3.5527136788005E-14,1.,-7.105427357601E-14));
#1818=DIRECTION('',(-6.4327571599413E-14,-6.4327571599414E-14,-1.));
#1819=AXIS2_PLACEMENT_3D('',#1816,#1818,#1817);
#1820=CIRCLE('',#1819,0.05);
#1821=EDGE_CURVE('',#1807,#1815,#1820,.T.);
#1822=ORIENTED_EDGE('',*,*,#1821,.T.);
#1823=CARTESIAN_POINT('',(11.449987299975,-0.30241406563327,15.800028244856));
#1824=VERTEX_POINT('',#1823);
#1825=CARTESIAN_POINT('',(11.449987299975,0.29758593436673,15.800028244856));
#1826=DIRECTION('',(0.,-1.,0.));
#1827=VECTOR('',#1826,0.6);
#1828=LINE('',#1825,#1827);
#1829=EDGE_CURVE('',#1815,#1824,#1828,.T.);
#1830=ORIENTED_EDGE('',*,*,#1829,.T.);
#1831=CARTESIAN_POINT('',(11.399987299975,-0.30241406563327,15.800028244856));
#1832=DIRECTION('',(1.,3.1086244689507E-14,3.5527136788008E-14));
#1833=DIRECTION('',(2.1442523866471E-14,-2.1442523866471E-14,-1.));
#1834=AXIS2_PLACEMENT_3D('',#1831,#1833,#1832);
#1835=CIRCLE('',#1834,0.049999999999997);
#1836=EDGE_CURVE('',#1824,#1771,#1835,.T.);
#1837=ORIENTED_EDGE('',*,*,#1836,.T.);
#1838=EDGE_LOOP('',(#1779,#1788,#1796,#1805,#1813,#1822,#1830,#1837));
#1839=FACE_BOUND('',#1838,.T.);
#1840=CARTESIAN_POINT('',(12.845514274103,0.28598151363473,15.800028244856));
#1841=VERTEX_POINT('',#1840);
#1842=CARTESIAN_POINT('',(12.845514274103,0.15002495875673,15.800028244856));
#1843=VERTEX_POINT('',#1842);
#1844=CARTESIAN_POINT('',(12.845514274103,0.28598151363473,15.800028244856));
#1845=DIRECTION('',(0.,-1.,0.));
#1846=VECTOR('',#1845,0.135956554878);
#1847=LINE('',#1844,#1846);
#1848=EDGE_CURVE('',#1841,#1843,#1847,.T.);
#1849=ORIENTED_EDGE('',*,*,#1848,.T.);
#1850=CARTESIAN_POINT('',(12.345514274103,0.15002495875673,15.800028244856));
#1851=VERTEX_POINT('',#1850);
#1852=CARTESIAN_POINT('',(12.845514274103,0.15002495875673,15.800028244856));
#1853=DIRECTION('',(-1.,0.,0.));
#1854=VECTOR('',#1853,0.5);
#1855=LINE('',#1852,#1854);
#1856=EDGE_CURVE('',#1843,#1851,#1855,.T.);
#1857=ORIENTED_EDGE('',*,*,#1856,.T.);
#1858=CARTESIAN_POINT('',(12.345514274103,0.29112633070773,15.800028244856));
#1859=VERTEX_POINT('',#1858);
#1860=CARTESIAN_POINT('',(12.345514274103,0.15002495875673,15.800028244856));
#1861=DIRECTION('',(0.,1.,0.));
#1862=VECTOR('',#1861,0.141101371951);
#1863=LINE('',#1860,#1862);
#1864=EDGE_CURVE('',#1851,#1859,#1863,.T.);
#1865=ORIENTED_EDGE('',*,*,#1864,.T.);
#1866=CARTESIAN_POINT('',(12.589226164347,0.55246398314673,15.795028244856));
#1867=VERTEX_POINT('',#1866);
#1868=CARTESIAN_POINT('',(12.345514274103,0.29112633070773,15.800028244856));
#1869=CARTESIAN_POINT('',(12.34571902008,0.30031226274173,15.800028244856));
#1870=CARTESIAN_POINT('',(12.346120469435,0.31832329555173,15.800028244856));
#1871=CARTESIAN_POINT('',(12.349169947057,0.34473536764473,15.800028244856));
#1872=CARTESIAN_POINT('',(12.354461781961,0.36993328914973,15.800028244856));
#1873=CARTESIAN_POINT('',(12.361681031326,0.39398635266473,15.800028244856));
#1874=CARTESIAN_POINT('',(12.370903543599,0.41692241968973,15.800028244856));
#1875=CARTESIAN_POINT('',(12.382456889461,0.43852541359173,15.800028244856));
#1876=CARTESIAN_POINT('',(12.395939533761,0.45903236561973,15.800028244856));
#1877=CARTESIAN_POINT('',(12.411380717903,0.47817642185273,15.800028244856));
#1878=CARTESIAN_POINT('',(12.428549795146,0.49562555963273,15.800028244856));
#1879=CARTESIAN_POINT('',(12.447327131978,0.51083662008673,15.800028244856));
#1880=CARTESIAN_POINT('',(12.467461584279,0.52385965025673,15.800028244856));
#1881=CARTESIAN_POINT('',(12.489112353206,0.53433976240173,15.800028244856));
#1882=CARTESIAN_POINT('',(12.512162784417,0.54247725662673,15.800028244856));
#1883=CARTESIAN_POINT('',(12.53659616339,0.54823966370273,15.800028244856));
#1884=CARTESIAN_POINT('',(12.562440163934,0.55187413755273,15.800028244856));
#1885=CARTESIAN_POINT('',(12.580162681062,0.55226439920073,15.800028244856));
#1886=CARTESIAN_POINT('',(12.589226164347,0.55246398314673,15.800028244856));
#1887=B_SPLINE_CURVE_WITH_KNOTS('',3,(#1868,#1869,#1870,#1871,#1872,#1873,#1874,#1875,#1876,#1877,#1878,#1879,#1880,#1881,#1882,#1883,#1884,#1885,#1886),.UNSPECIFIED.,.F.,.U.,(4,1,1,1,1,1,1,1,1,1,1,1,1,1,1,1,4),(0.,0.0686311786766,0.134566466039,0.198328154011,0.260789766641,0.321999151484,0.382721746503,0.443537474036,0.505133429485,0.566213874765,0.626105864618,0.685349322161,0.744995870348,0.805415841815,0.867636266346,0.932307782302,1.),.UNSPECIFIED.);
#1888=EDGE_CURVE('',#1859,#1867,#1887,.T.);
#1889=ORIENTED_EDGE('',*,*,#1888,.T.);
#1890=CARTESIAN_POINT('',(12.589226164347,0.55246398314673,15.800028244856));
#1891=CARTESIAN_POINT('',(12.5986699566,0.55226204954573,15.800028244856));
#1892=CARTESIAN_POINT('',(12.617181563746,0.55186622174773,15.800028244856));
#1893=CARTESIAN_POINT('',(12.644197661286,0.54824833243173,15.800028244856));
#1894=CARTESIAN_POINT('',(12.669796177757,0.54247298438973,15.800028244856));
#1895=CARTESIAN_POINT('',(12.693962570176,0.53436610345973,15.800028244856));
#1896=CARTESIAN_POINT('',(12.716679407851,0.52387006040473,15.800028244856));
#1897=CARTESIAN_POINT('',(12.737863696362,0.51085653057273,15.800028244856));
#1898=CARTESIAN_POINT('',(12.757676958911,0.49567625535273,15.800028244856));
#1899=CARTESIAN_POINT('',(12.775847737545,0.47822523056873,15.800028244856));
#1900=CARTESIAN_POINT('',(12.79211051962,0.45892565478473,15.800028244856));
#1901=CARTESIAN_POINT('',(12.80657392575,0.43828823664473,15.800028244856));
#1902=CARTESIAN_POINT('',(12.818591088581,0.41613564801473,15.800028244856));
#1903=CARTESIAN_POINT('',(12.828409682387,0.39265709378373,15.800028244856));
#1904=CARTESIAN_POINT('',(12.836205058919,0.36789363799673,15.800028244856));
#1905=CARTESIAN_POINT('',(12.841512548147,0.34173795913073,15.800028244856));
#1906=CARTESIAN_POINT('',(12.845001757451,0.31430892886273,15.800028244856));
#1907=CARTESIAN_POINT('',(12.845341121415,0.29555187212473,15.800028244856));
#1908=CARTESIAN_POINT('',(12.845514274103,0.28598151363473,15.800028244856));
#1909=B_SPLINE_CURVE_WITH_KNOTS('',3,(#1890,#1891,#1892,#1893,#1894,#1895,#1896,#1897,#1898,#1899,#1900,#1901,#1902,#1903,#1904,#1905,#1906,#1907,#1908),.UNSPECIFIED.,.F.,.U.,(4,1,1,1,1,1,1,1,1,1,1,1,1,1,1,1,4),(0.,0.06806869584499,0.133427432819,0.196146033813,0.257048592449,0.316882663159,0.376187208666,0.435960335364,0.496535236863,0.557465343481,0.61768686341,0.677943640697,0.738805284806,0.800949336767,0.86481466747,0.931024781079,1.),.UNSPECIFIED.);
#1910=EDGE_CURVE('',#1867,#1841,#1909,.T.);
#1911=ORIENTED_EDGE('',*,*,#1910,.T.);
#1912=EDGE_LOOP('',(#1849,#1857,#1865,#1889,#1911));
#1913=FACE_BOUND('',#1912,.T.);
#1914=CARTESIAN_POINT('',(12.764721591176,-0.31338967538927,15.800028244856));
#1915=VERTEX_POINT('',#1914);
#1916=CARTESIAN_POINT('',(12.819599639957,-0.31338967538927,15.800028244856));
#1917=VERTEX_POINT('',#1916);
#1918=CARTESIAN_POINT('',(12.764721591176,-0.31338967538927,15.800028244856));
#1919=DIRECTION('',(1.,0.,0.));
#1920=VECTOR('',#1919,0.054878048780999);
#1921=LINE('',#1918,#1920);
#1922=EDGE_CURVE('',#1915,#1917,#1921,.T.);
#1923=ORIENTED_EDGE('',*,*,#1922,.T.);
#1924=CARTESIAN_POINT('',(12.851611835079,-0.45096589490127,15.795028244856));
#1925=VERTEX_POINT('',#1924);
#1926=CARTESIAN_POINT('',(12.819599639957,-0.31338967538927,15.800028244856));
#1927=CARTESIAN_POINT('',(12.822189264792,-0.31808137077727,15.800028244856));
#1928=CARTESIAN_POINT('',(12.827406073089,-0.32753280756327,15.800028244856));
#1929=CARTESIAN_POINT('',(12.833843118146,-0.34264763980527,15.800028244856));
#1930=CARTESIAN_POINT('',(12.839395372451,-0.35855210626727,15.800028244856));
#1931=CARTESIAN_POINT('',(12.843822797231,-0.37538541250627,15.800028244856));
#1932=CARTESIAN_POINT('',(12.847381005106,-0.39303565566327,15.800028244856));
#1933=CARTESIAN_POINT('',(12.849791106799,-0.41159636028027,15.800028244856));
#1934=CARTESIAN_POINT('',(12.851377598305,-0.43099399474627,15.800028244856));
#1935=CARTESIAN_POINT('',(12.851532833174,-0.44422989808427,15.800028244856));
#1936=CARTESIAN_POINT('',(12.851611835079,-0.45096589490127,15.800028244856));
#1937=B_SPLINE_CURVE_WITH_KNOTS('',3,(#1926,#1927,#1928,#1929,#1930,#1931,#1932,#1933,#1934,#1935,#1936),.UNSPECIFIED.,.F.,.U.,(4,1,1,1,1,1,1,1,4),(0.,0.112448389909,0.226527675213,0.344401949326,0.465864972487,0.591659449352,0.722168487025,0.858606387555,1.),.UNSPECIFIED.);
#1938=EDGE_CURVE('',#1917,#1925,#1937,.T.);
#1939=ORIENTED_EDGE('',*,*,#1938,.T.);
#1940=CARTESIAN_POINT('',(12.604946438737,-0.68534089490127,15.795028244856));
#1941=VERTEX_POINT('',#1940);
#1942=CARTESIAN_POINT('',(12.851611835079,-0.45096589490127,15.800028244856));
#1943=CARTESIAN_POINT('',(12.851418256536,-0.45964542567727,15.800028244856));
#1944=CARTESIAN_POINT('',(12.851039691954,-0.47661922301027,15.800028244856));
#1945=CARTESIAN_POINT('',(12.847855415824,-0.50141545394227,15.800028244856));
#1946=CARTESIAN_POINT('',(12.842539158376,-0.52487359233227,15.800028244856));
#1947=CARTESIAN_POINT('',(12.83506962122,-0.54698549045127,15.800028244856));
#1948=CARTESIAN_POINT('',(12.82563108237,-0.56782850608027,15.800028244856));
#1949=CARTESIAN_POINT('',(12.813964117173,-0.58729467032127,15.800028244856));
#1950=CARTESIAN_POINT('',(12.799976844483,-0.60525516465727,15.800028244856));
#1951=CARTESIAN_POINT('',(12.784233098966,-0.62194765365327,15.800028244856));
#1952=CARTESIAN_POINT('',(12.766618045436,-0.63684182947027,15.800028244856));
#1953=CARTESIAN_POINT('',(12.747564703027,-0.64987886963227,15.800028244856));
#1954=CARTESIAN_POINT('',(12.727132334213,-0.66090814392027,15.800028244856));
#1955=CARTESIAN_POINT('',(12.70530972187,-0.66985765467027,15.800028244856));
#1956=CARTESIAN_POINT('',(12.682141164073,-0.67683197137927,15.800028244856));
#1957=CARTESIAN_POINT('',(12.657605805857,-0.68170923979227,15.800028244856));
#1958=CARTESIAN_POINT('',(12.631738069914,-0.68487880844227,15.800028244856));
#1959=CARTESIAN_POINT('',(12.614007171586,-0.68518462065527,15.800028244856));
#1960=CARTESIAN_POINT('',(12.604946438737,-0.68534089490127,15.800028244856));
#1961=B_SPLINE_CURVE_WITH_KNOTS('',3,(#1942,#1943,#1944,#1945,#1946,#1947,#1948,#1949,#1950,#1951,#1952,#1953,#1954,#1955,#1956,#1957,#1958,#1959,#1960),.UNSPECIFIED.,.F.,.U.,(4,1,1,1,1,1,1,1,1,1,1,1,1,1,1,1,4),(0.,0.06783324845577,0.132655536508,0.195050884051,0.255582933069,0.314799834147,0.373600472826,0.432545595327,0.492430629284,0.552671255963,0.612513044188,0.672610250357,0.733838369314,0.796594238568,0.861449799291,0.929198942351,1.),.UNSPECIFIED.);
#1962=EDGE_CURVE('',#1925,#1941,#1961,.T.);
#1963=ORIENTED_EDGE('',*,*,#1962,.T.);
#1964=CARTESIAN_POINT('',(12.339416713128,-0.43105354734027,15.795028244856));
#1965=VERTEX_POINT('',#1964);
#1966=CARTESIAN_POINT('',(12.604946438737,-0.68534089490127,15.800028244856));
#1967=CARTESIAN_POINT('',(12.595218683182,-0.68512313317427,15.800028244856));
#1968=CARTESIAN_POINT('',(12.576180507398,-0.68469695202427,15.800028244856));
#1969=CARTESIAN_POINT('',(12.54834202821,-0.68130939418127,15.800028244856));
#1970=CARTESIAN_POINT('',(12.521945030482,-0.67575096497927,15.800028244856));
#1971=CARTESIAN_POINT('',(12.497029584142,-0.66779612280927,15.800028244856));
#1972=CARTESIAN_POINT('',(12.47356201435,-0.65766627770027,15.800028244856));
#1973=CARTESIAN_POINT('',(12.451511095403,-0.64535282029427,15.800028244856));
#1974=CARTESIAN_POINT('',(12.43099044051,-0.63065566970627,15.800028244856));
#1975=CARTESIAN_POINT('',(12.4121395275,-0.61380888246127,15.800028244856));
#1976=CARTESIAN_POINT('',(12.395052774249,-0.59536990509927,15.800028244856));
#1977=CARTESIAN_POINT('',(12.380142562845,-0.57547432651127,15.800028244856));
#1978=CARTESIAN_POINT('',(12.3675421884,-0.55436213655727,15.800028244856));
#1979=CARTESIAN_POINT('',(12.357168560195,-0.53206321850827,15.800028244856));
#1980=CARTESIAN_POINT('',(12.349249928763,-0.50849559784027,15.800028244856));
#1981=CARTESIAN_POINT('',(12.343562978019,-0.48376954095027,15.800028244856));
#1982=CARTESIAN_POINT('',(12.340039013824,-0.45779989188827,15.800028244856));
#1983=CARTESIAN_POINT('',(12.339626825634,-0.44008413582527,15.800028244856));
#1984=CARTESIAN_POINT('',(12.339416713128,-0.43105354734027,15.800028244856));
#1985=B_SPLINE_CURVE_WITH_KNOTS('',3,(#1966,#1967,#1968,#1969,#1970,#1971,#1972,#1973,#1974,#1975,#1976,#1977,#1978,#1979,#1980,#1981,#1982,#1983,#1984),.UNSPECIFIED.,.F.,.U.,(4,1,1,1,1,1,1,1,1,1,1,1,1,1,1,1,4),(0.,0.07064371857535,0.138256715509,0.203364124218,0.266324093803,0.327904761543,0.388737715173,0.449423528109,0.510861011459,0.572079396048,0.631734428731,0.691117210579,0.75036002949,0.810032900531,0.871362450829,0.934427141231,1.),.UNSPECIFIED.);
#1986=EDGE_CURVE('',#1941,#1965,#1985,.T.);
#1987=ORIENTED_EDGE('',*,*,#1986,.T.);
#1988=CARTESIAN_POINT('',(12.359233786298,-0.31338967538927,15.795028244856));
#1989=VERTEX_POINT('',#1988);
#1990=CARTESIAN_POINT('',(12.339416713128,-0.43105354734027,15.800028244856));
#1991=CARTESIAN_POINT('',(12.339458385345,-0.42524011702827,15.800028244856));
#1992=CARTESIAN_POINT('',(12.339539740378,-0.41389078560427,15.800028244856));
#1993=CARTESIAN_POINT('',(12.340559940011,-0.39724116312027,15.800028244856));
#1994=CARTESIAN_POINT('',(12.34200179437,-0.38136752455627,15.800028244856));
#1995=CARTESIAN_POINT('',(12.344250105238,-0.36624689888627,15.800028244856));
#1996=CARTESIAN_POINT('',(12.346926484934,-0.35188006414527,15.800028244856));
#1997=CARTESIAN_POINT('',(12.350415274196,-0.33832084066527,15.800028244856));
#1998=CARTESIAN_POINT('',(12.354324436339,-0.32548399249827,15.800028244856));
#1999=CARTESIAN_POINT('',(12.357618191483,-0.31736973714427,15.800028244856));
#2000=CARTESIAN_POINT('',(12.359233786298,-0.31338967538927,15.800028244856));
#2001=B_SPLINE_CURVE_WITH_KNOTS('',3,(#1990,#1991,#1992,#1993,#1994,#1995,#1996,#1997,#1998,#1999,#2000),.UNSPECIFIED.,.F.,.U.,(4,1,1,1,1,1,1,1,4),(0.,0.145186866472,0.28344261092,0.416524365929,0.543181123535,0.665153082638,0.781360206313,0.892756655642,1.),.UNSPECIFIED.);
#2002=EDGE_CURVE('',#1965,#1989,#2001,.T.);
#2003=ORIENTED_EDGE('',*,*,#2002,.T.);
#2004=CARTESIAN_POINT('',(12.42630695703,-0.31338967538927,15.800028244856));
#2005=VERTEX_POINT('',#2004);
#2006=CARTESIAN_POINT('',(12.359233786298,-0.31338967538927,15.800028244856));
#2007=DIRECTION('',(1.,0.,0.));
#2008=VECTOR('',#2007,0.067073170732);
#2009=LINE('',#2006,#2008);
#2010=EDGE_CURVE('',#1989,#2005,#2009,.T.);
#2011=ORIENTED_EDGE('',*,*,#2010,.T.);
#2012=CARTESIAN_POINT('',(12.394294761908,-0.43048190099927,15.795028244856));
#2013=VERTEX_POINT('',#2012);
#2014=CARTESIAN_POINT('',(12.42630695703,-0.31338967538927,15.800028244856));
#2015=CARTESIAN_POINT('',(12.423726870534,-0.31782986820327,15.800028244856));
#2016=CARTESIAN_POINT('',(12.41859016351,-0.32666987013927,15.800028244856));
#2017=CARTESIAN_POINT('',(12.412168268797,-0.34057358594627,15.800028244856));
#2018=CARTESIAN_POINT('',(12.406598199709,-0.35474520752227,15.800028244856));
#2019=CARTESIAN_POINT('',(12.402151699295,-0.36928394329927,15.800028244856));
#2020=CARTESIAN_POINT('',(12.398561116084,-0.38409829079627,15.800028244856));
#2021=CARTESIAN_POINT('',(12.396152810728,-0.39926593346627,15.800028244856));
#2022=CARTESIAN_POINT('',(12.394532493933,-0.41475813400027,15.800028244856));
#2023=CARTESIAN_POINT('',(12.394374532206,-0.42520583614427,15.800028244856));
#2024=CARTESIAN_POINT('',(12.394294761908,-0.43048190099927,15.800028244856));
#2025=B_SPLINE_CURVE_WITH_KNOTS('',3,(#2014,#2015,#2016,#2017,#2018,#2019,#2020,#2021,#2022,#2023,#2024),.UNSPECIFIED.,.F.,.U.,(4,1,1,1,1,1,1,1,4),(0.,0.125279696736,0.249419970742,0.373356799493,0.496681278782,0.620202915744,0.745086320161,0.871269195019,1.),.UNSPECIFIED.);
#2026=EDGE_CURVE('',#2005,#2013,#2025,.T.);
#2027=ORIENTED_EDGE('',*,*,#2026,.T.);
#2028=CARTESIAN_POINT('',(12.600849639957,-0.61826772417027,15.795028244856));
#2029=VERTEX_POINT('',#2028);
#2030=CARTESIAN_POINT('',(12.394294761908,-0.43048190099927,15.800028244856));
#2031=CARTESIAN_POINT('',(12.394440429951,-0.43725658193127,15.800028244856));
#2032=CARTESIAN_POINT('',(12.394726116614,-0.45054320230627,15.800028244856));
#2033=CARTESIAN_POINT('',(12.397531031457,-0.46995394116227,15.800028244856));
#2034=CARTESIAN_POINT('',(12.401727501073,-0.48846763775327,15.800028244856));
#2035=CARTESIAN_POINT('',(12.407869359712,-0.50601005341227,15.800028244856));
#2036=CARTESIAN_POINT('',(12.415796374885,-0.52256126864627,15.800028244856));
#2037=CARTESIAN_POINT('',(12.425538278541,-0.53810693064527,15.800028244856));
#2038=CARTESIAN_POINT('',(12.436886204728,-0.55274251117327,15.800028244856));
#2039=CARTESIAN_POINT('',(12.449981723355,-0.56624474942327,15.800028244856));
#2040=CARTESIAN_POINT('',(12.464463275244,-0.57854904431127,15.800028244856));
#2041=CARTESIAN_POINT('',(12.480426630579,-0.58911045947927,15.800028244856));
#2042=CARTESIAN_POINT('',(12.497439720623,-0.59826880958927,15.800028244856));
#2043=CARTESIAN_POINT('',(12.515801035739,-0.60560279855127,15.800028244856));
#2044=CARTESIAN_POINT('',(12.535369697674,-0.61128254817327,15.800028244856));
#2045=CARTESIAN_POINT('',(12.556119005007,-0.61538213018827,15.800028244856));
#2046=CARTESIAN_POINT('',(12.578087226716,-0.61775737152927,15.800028244856));
#2047=CARTESIAN_POINT('',(12.593126594485,-0.61809456693027,15.800028244856));
#2048=CARTESIAN_POINT('',(12.600849639957,-0.61826772417027,15.800028244856));
#2049=B_SPLINE_CURVE_WITH_KNOTS('',3,(#2030,#2031,#2032,#2033,#2034,#2035,#2036,#2037,#2038,#2039,#2040,#2041,#2042,#2043,#2044,#2045,#2046,#2047,#2048),.UNSPECIFIED.,.F.,.U.,(4,1,1,1,1,1,1,1,1,1,1,1,1,1,1,1,4),(0.,0.06460397028839,0.126702413963,0.186756814036,0.245505687365,0.30365202445,0.361503073971,0.420240222928,0.480033340777,0.540678134776,0.601191806381,0.662333502477,0.724739510297,0.789467736173,0.856504860044,0.926312095839,1.),.UNSPECIFIED.);
#2050=EDGE_CURVE('',#2013,#2029,#2049,.T.);
#2051=ORIENTED_EDGE('',*,*,#2050,.T.);
#2052=CARTESIAN_POINT('',(12.796733786298,-0.44172427904827,15.795028244856));
#2053=VERTEX_POINT('',#2052);
#2054=CARTESIAN_POINT('',(12.600849639957,-0.61826772417027,15.800028244856));
#2055=CARTESIAN_POINT('',(12.608160242805,-0.61812881424527,15.800028244856));
#2056=CARTESIAN_POINT('',(12.622437677702,-0.61785752643827,15.800028244856));
#2057=CARTESIAN_POINT('',(12.643276516663,-0.61552673312627,15.800028244856));
#2058=CARTESIAN_POINT('',(12.662979877585,-0.61175111100527,15.800028244856));
#2059=CARTESIAN_POINT('',(12.681530393175,-0.60644494015627,15.800028244856));
#2060=CARTESIAN_POINT('',(12.698910896213,-0.59952588756127,15.800028244856));
#2061=CARTESIAN_POINT('',(12.71516756664,-0.59116791451827,15.800028244856));
#2062=CARTESIAN_POINT('',(12.730226992457,-0.58117490564227,15.800028244856));
#2063=CARTESIAN_POINT('',(12.744018672081,-0.56976745574327,15.800028244856));
#2064=CARTESIAN_POINT('',(12.756386498136,-0.55710218156627,15.800028244856));
#2065=CARTESIAN_POINT('',(12.767248228297,-0.54344430259627,15.800028244856));
#2066=CARTESIAN_POINT('',(12.776314391713,-0.52876406252727,15.800028244856));
#2067=CARTESIAN_POINT('',(12.783832342153,-0.51319835218927,15.800028244856));
#2068=CARTESIAN_POINT('',(12.78964475475,-0.49667684266327,15.800028244856));
#2069=CARTESIAN_POINT('',(12.793719459823,-0.47916860750727,15.800028244856));
#2070=CARTESIAN_POINT('',(12.796243244477,-0.46075740446527,15.800028244856));
#2071=CARTESIAN_POINT('',(12.796568237256,-0.44814761655327,15.800028244856));
#2072=CARTESIAN_POINT('',(12.796733786298,-0.44172427904827,15.800028244856));
#2073=B_SPLINE_CURVE_WITH_KNOTS('',3,(#2054,#2055,#2056,#2057,#2058,#2059,#2060,#2061,#2062,#2063,#2064,#2065,#2066,#2067,#2068,#2069,#2070,#2071,#2072),.UNSPECIFIED.,.F.,.U.,(4,1,1,1,1,1,1,1,1,1,1,1,1,1,1,1,4),(0.,0.07377411937406,0.144079114726,0.211348518309,0.27607688574,0.33852091582,0.399885116693,0.460254067465,0.520588964391,0.580207684563,0.638632908553,0.696364549491,0.75400177466,0.812805681374,0.872754425526,0.935181996978,1.),.UNSPECIFIED.);
#2074=EDGE_CURVE('',#2029,#2053,#2073,.T.);
#2075=ORIENTED_EDGE('',*,*,#2074,.T.);
#2076=CARTESIAN_POINT('',(12.796733786298,-0.44172427904827,15.800028244856));
#2077=CARTESIAN_POINT('',(12.796654516025,-0.43568656876527,15.800028244856));
#2078=CARTESIAN_POINT('',(12.796498215729,-0.42378177951827,15.800028244856));
#2079=CARTESIAN_POINT('',(12.794894228255,-0.40622583859727,15.800028244856));
#2080=CARTESIAN_POINT('',(12.792480118597,-0.38922072420627,15.800028244856));
#2081=CARTESIAN_POINT('',(12.788926761236,-0.37284034877927,15.800028244856));
#2082=CARTESIAN_POINT('',(12.784478759811,-0.35702855179127,15.800028244856));
#2083=CARTESIAN_POINT('',(12.778891729257,-0.34187497529827,15.800028244856));
#2084=CARTESIAN_POINT('',(12.772510185064,-0.32721769607127,15.800028244856));
#2085=CARTESIAN_POINT('',(12.767310368265,-0.31798584045427,15.800028244856));
#2086=CARTESIAN_POINT('',(12.764721591176,-0.31338967538927,15.800028244856));
#2087=B_SPLINE_CURVE_WITH_KNOTS('',3,(#2076,#2077,#2078,#2079,#2080,#2081,#2082,#2083,#2084,#2085,#2086),.UNSPECIFIED.,.F.,.U.,(4,1,1,1,1,1,1,1,4),(0.,0.135294604763,0.266765657925,0.394816018836,0.520051654434,0.642175702971,0.762651820558,0.881834004381,1.),.UNSPECIFIED.);
#2088=EDGE_CURVE('',#2053,#1915,#2087,.T.);
#2089=ORIENTED_EDGE('',*,*,#2088,.T.);
#2090=EDGE_LOOP('',(#1923,#1939,#1963,#1987,#2003,#2011,#2027,#2051,#2075,#2089));
#2091=FACE_BOUND('',#2090,.T.);
#2092=CARTESIAN_POINT('',(11.399987299975,-2.8524140656333,15.800028244856));
#2093=VERTEX_POINT('',#2092);
#2094=CARTESIAN_POINT('',(10.799987299975,-2.8524140656333,15.800028244856));
#2095=VERTEX_POINT('',#2094);
#2096=CARTESIAN_POINT('',(11.399987299975,-2.8524140656333,15.800028244856));
#2097=DIRECTION('',(-1.,0.,0.));
#2098=VECTOR('',#2097,0.6);
#2099=LINE('',#2096,#2098);
#2100=EDGE_CURVE('',#2093,#2095,#2099,.T.);
#2101=ORIENTED_EDGE('',*,*,#2100,.T.);
#2102=CARTESIAN_POINT('',(10.749987299975,-2.8024140656333,15.800028244856));
#2103=VERTEX_POINT('',#2102);
#2104=CARTESIAN_POINT('',(10.799987299975,-2.8024140656333,15.800028244856));
#2105=DIRECTION('',(0.,-1.,3.5527136788004E-14));
#2106=DIRECTION('',(-2.1442523866471E-14,-2.1442523866472E-14,-1.));
#2107=AXIS2_PLACEMENT_3D('',#2104,#2106,#2105);
#2108=CIRCLE('',#2107,0.050000000000001);
#2109=EDGE_CURVE('',#2095,#2103,#2108,.T.);
#2110=ORIENTED_EDGE('',*,*,#2109,.T.);
#2111=CARTESIAN_POINT('',(10.749987299975,-2.2024140656333,15.800028244856));
#2112=VERTEX_POINT('',#2111);
#2113=CARTESIAN_POINT('',(10.749987299975,-2.8024140656333,15.800028244856));
#2114=DIRECTION('',(0.,1.,0.));
#2115=VECTOR('',#2114,0.6);
#2116=LINE('',#2113,#2115);
#2117=EDGE_CURVE('',#2103,#2112,#2116,.T.);
#2118=ORIENTED_EDGE('',*,*,#2117,.T.);
#2119=CARTESIAN_POINT('',(10.799987299975,-2.1524140656333,15.800028244856));
#2120=VERTEX_POINT('',#2119);
#2121=CARTESIAN_POINT('',(10.799987299975,-2.2024140656333,15.800028244856));
#2122=DIRECTION('',(-1.,1.7763568394002E-14,3.5527136788005E-14));
#2123=DIRECTION('',(-2.1442523866472E-14,2.1442523866472E-14,-1.));
#2124=AXIS2_PLACEMENT_3D('',#2121,#2123,#2122);
#2125=CIRCLE('',#2124,0.05);
#2126=EDGE_CURVE('',#2112,#2120,#2125,.T.);
#2127=ORIENTED_EDGE('',*,*,#2126,.T.);
#2128=CARTESIAN_POINT('',(11.399987299975,-2.1524140656333,15.800028244856));
#2129=VERTEX_POINT('',#2128);
#2130=CARTESIAN_POINT('',(10.799987299975,-2.1524140656333,15.800028244856));
#2131=DIRECTION('',(1.,0.,0.));
#2132=VECTOR('',#2131,0.6);
#2133=LINE('',#2130,#2132);
#2134=EDGE_CURVE('',#2120,#2129,#2133,.T.);
#2135=ORIENTED_EDGE('',*,*,#2134,.T.);
#2136=CARTESIAN_POINT('',(11.449987299975,-2.2024140656333,15.800028244856));
#2137=VERTEX_POINT('',#2136);
#2138=CARTESIAN_POINT('',(11.399987299975,-2.2024140656333,15.800028244856));
#2139=DIRECTION('',(7.1054273576007E-14,1.,3.5527136788004E-14));
#2140=DIRECTION('',(2.1442523866472E-14,2.1442523866472E-14,-1.));
#2141=AXIS2_PLACEMENT_3D('',#2138,#2140,#2139);
#2142=CIRCLE('',#2141,0.050000000000002);
#2143=EDGE_CURVE('',#2129,#2137,#2142,.T.);
#2144=ORIENTED_EDGE('',*,*,#2143,.T.);
#2145=CARTESIAN_POINT('',(11.449987299975,-2.8024140656333,15.800028244856));
#2146=VERTEX_POINT('',#2145);
#2147=CARTESIAN_POINT('',(11.449987299975,-2.2024140656333,15.800028244856));
#2148=DIRECTION('',(0.,-1.,0.));
#2149=VECTOR('',#2148,0.6);
#2150=LINE('',#2147,#2149);
#2151=EDGE_CURVE('',#2137,#2146,#2150,.T.);
#2152=ORIENTED_EDGE('',*,*,#2151,.T.);
#2153=CARTESIAN_POINT('',(11.399987299975,-2.8024140656333,15.800028244856));
#2154=DIRECTION('',(1.,1.7763568394003E-14,3.5527136788006E-14));
#2155=DIRECTION('',(2.1442523866471E-14,-2.1442523866471E-14,-1.));
#2156=AXIS2_PLACEMENT_3D('',#2153,#2155,#2154);
#2157=CIRCLE('',#2156,0.049999999999997);
#2158=EDGE_CURVE('',#2146,#2093,#2157,.T.);
#2159=ORIENTED_EDGE('',*,*,#2158,.T.);
#2160=EDGE_LOOP('',(#2101,#2110,#2118,#2127,#2135,#2144,#2152,#2159));
#2161=FACE_BOUND('',#2160,.T.);
#2162=CARTESIAN_POINT('',(11.399987299975,2.1475859343667,15.800028244856));
#2163=VERTEX_POINT('',#2162);
#2164=CARTESIAN_POINT('',(10.799987299975,2.1475859343667,15.800028244856));
#2165=VERTEX_POINT('',#2164);
#2166=CARTESIAN_POINT('',(11.399987299975,2.1475859343667,15.800028244856));
#2167=DIRECTION('',(-1.,0.,0.));
#2168=VECTOR('',#2167,0.6);
#2169=LINE('',#2166,#2168);
#2170=EDGE_CURVE('',#2163,#2165,#2169,.T.);
#2171=ORIENTED_EDGE('',*,*,#2170,.T.);
#2172=CARTESIAN_POINT('',(10.749987299975,2.1975859343667,15.800028244856));
#2173=VERTEX_POINT('',#2172);
#2174=CARTESIAN_POINT('',(10.799987299975,2.1975859343667,15.800028244856));
#2175=DIRECTION('',(-3.5527136788004E-14,-1.,3.5527136788004E-14));
#2176=DIRECTION('',(-2.1442523866472E-14,-2.1442523866472E-14,-1.));
#2177=AXIS2_PLACEMENT_3D('',#2174,#2176,#2175);
#2178=CIRCLE('',#2177,0.050000000000002);
#2179=EDGE_CURVE('',#2165,#2173,#2178,.T.);
#2180=ORIENTED_EDGE('',*,*,#2179,.T.);
#2181=CARTESIAN_POINT('',(10.749987299975,2.7975859343667,15.800028244856));
#2182=VERTEX_POINT('',#2181);
#2183=CARTESIAN_POINT('',(10.749987299975,2.1975859343667,15.800028244856));
#2184=DIRECTION('',(0.,1.,0.));
#2185=VECTOR('',#2184,0.6);
#2186=LINE('',#2183,#2185);
#2187=EDGE_CURVE('',#2173,#2182,#2186,.T.);
#2188=ORIENTED_EDGE('',*,*,#2187,.T.);
#2189=CARTESIAN_POINT('',(10.799987299975,2.8475859343667,15.800028244856));
#2190=VERTEX_POINT('',#2189);
#2191=CARTESIAN_POINT('',(10.799987299975,2.7975859343667,15.800028244856));
#2192=DIRECTION('',(-1.,0.,3.5527136788006E-14));
#2193=DIRECTION('',(-2.1442523866472E-14,2.1442523866472E-14,-1.));
#2194=AXIS2_PLACEMENT_3D('',#2191,#2193,#2192);
#2195=CIRCLE('',#2194,0.049999999999999);
#2196=EDGE_CURVE('',#2182,#2190,#2195,.T.);
#2197=ORIENTED_EDGE('',*,*,#2196,.T.);
#2198=CARTESIAN_POINT('',(11.399987299975,2.8475859343667,15.800028244856));
#2199=VERTEX_POINT('',#2198);
#2200=CARTESIAN_POINT('',(10.799987299975,2.8475859343667,15.800028244856));
#2201=DIRECTION('',(1.,0.,0.));
#2202=VECTOR('',#2201,0.6);
#2203=LINE('',#2200,#2202);
#2204=EDGE_CURVE('',#2190,#2199,#2203,.T.);
#2205=ORIENTED_EDGE('',*,*,#2204,.T.);
#2206=CARTESIAN_POINT('',(11.449987299975,2.7975859343667,15.800028244856));
#2207=VERTEX_POINT('',#2206);
#2208=CARTESIAN_POINT('',(11.399987299975,2.7975859343667,15.800028244856));
#2209=DIRECTION('',(7.1054273576007E-14,1.,-7.1054273576007E-14));
#2210=DIRECTION('',(-6.4327571599416E-14,-6.4327571599416E-14,-1.));
#2211=AXIS2_PLACEMENT_3D('',#2208,#2210,#2209);
#2212=CIRCLE('',#2211,0.050000000000002);
#2213=EDGE_CURVE('',#2199,#2207,#2212,.T.);
#2214=ORIENTED_EDGE('',*,*,#2213,.T.);
#2215=CARTESIAN_POINT('',(11.449987299975,2.1975859343667,15.800028244856));
#2216=VERTEX_POINT('',#2215);
#2217=CARTESIAN_POINT('',(11.449987299975,2.7975859343667,15.800028244856));
#2218=DIRECTION('',(0.,-1.,0.));
#2219=VECTOR('',#2218,0.6);
#2220=LINE('',#2217,#2219);
#2221=EDGE_CURVE('',#2207,#2216,#2220,.T.);
#2222=ORIENTED_EDGE('',*,*,#2221,.T.);
#2223=CARTESIAN_POINT('',(11.399987299975,2.1975859343667,15.800028244856));
#2224=DIRECTION('',(1.,3.5527136788008E-14,3.5527136788008E-14));
#2225=DIRECTION('',(2.1442523866471E-14,-2.1442523866471E-14,-1.));
#2226=AXIS2_PLACEMENT_3D('',#2223,#2225,#2224);
#2227=CIRCLE('',#2226,0.049999999999997);
#2228=EDGE_CURVE('',#2216,#2163,#2227,.T.);
#2229=ORIENTED_EDGE('',*,*,#2228,.T.);
#2230=EDGE_LOOP('',(#2171,#2180,#2188,#2197,#2205,#2214,#2222,#2229));
#2231=FACE_BOUND('',#2230,.T.);
#2232=ADVANCED_FACE('',(#1555,#1605,#1703,#1769,#1839,#1913,#2091,#2161,#2231),#1521,.T.);
#2233=CARTESIAN_POINT('',(11.099987299975,-2.5024140656333,14.300028244856));
#2234=DIRECTION('',(-1.5182537088891E-16,-1.,0.));
#2235=DIRECTION('',(-0.,0.,-1.));
#2236=AXIS2_PLACEMENT_3D('',#2233,#2235,#2234);
#2237=PLANE('',#2236);
#2238=CARTESIAN_POINT('',(14.399987299975,1.6475859343667,14.300028244856));
#2239=VERTEX_POINT('',#2238);
#2240=CARTESIAN_POINT('',(8.6999872999746,1.6475859343667,14.300028244856));
#2241=VERTEX_POINT('',#2240);
#2242=CARTESIAN_POINT('',(14.399987299975,1.6475859343667,14.300028244856));
#2243=DIRECTION('',(-1.,0.,0.));
#2244=VECTOR('',#2243,5.7000000000004);
#2245=LINE('',#2242,#2244);
#2246=EDGE_CURVE('',#2239,#2241,#2245,.T.);
#2247=ORIENTED_EDGE('',*,*,#2246,.T.);
#2248=CARTESIAN_POINT('',(8.6999872999746,3.3475859343667,14.300028244856));
#2249=VERTEX_POINT('',#2248);
#2250=CARTESIAN_POINT('',(8.6999872999746,1.6475859343667,14.300028244856));
#2251=DIRECTION('',(0.,1.,0.));
#2252=VECTOR('',#2251,1.7);
#2253=LINE('',#2250,#2252);
#2254=EDGE_CURVE('',#2241,#2249,#2253,.T.);
#2255=ORIENTED_EDGE('',*,*,#2254,.T.);
#2256=CARTESIAN_POINT('',(14.399987299975,3.3475859343667,14.300028244856));
#2257=VERTEX_POINT('',#2256);
#2258=CARTESIAN_POINT('',(8.6999872999746,3.3475859343667,14.300028244856));
#2259=DIRECTION('',(1.,0.,0.));
#2260=VECTOR('',#2259,5.7000000000004);
#2261=LINE('',#2258,#2260);
#2262=EDGE_CURVE('',#2249,#2257,#2261,.T.);
#2263=ORIENTED_EDGE('',*,*,#2262,.T.);
#2264=CARTESIAN_POINT('',(14.399987299975,3.3475859343667,14.300028244856));
#2265=DIRECTION('',(0.,-1.,0.));
#2266=VECTOR('',#2265,1.7);
#2267=LINE('',#2264,#2266);
#2268=EDGE_CURVE('',#2257,#2239,#2267,.T.);
#2269=ORIENTED_EDGE('',*,*,#2268,.T.);
#2270=EDGE_LOOP('',(#2247,#2255,#2263,#2269));
#2271=FACE_OUTER_BOUND('',#2270,.T.);
#2272=CARTESIAN_POINT('',(11.399987299975,2.8475859343667,14.300028244856));
#2273=VERTEX_POINT('',#2272);
#2274=CARTESIAN_POINT('',(10.799987299975,2.8475859343667,14.300028244856));
#2275=VERTEX_POINT('',#2274);
#2276=CARTESIAN_POINT('',(11.399987299975,2.8475859343667,14.300028244856));
#2277=DIRECTION('',(-1.,0.,0.));
#2278=VECTOR('',#2277,0.6);
#2279=LINE('',#2276,#2278);
#2280=EDGE_CURVE('',#2273,#2275,#2279,.T.);
#2281=ORIENTED_EDGE('',*,*,#2280,.T.);
#2282=CARTESIAN_POINT('',(10.749987299975,2.7975859343667,14.300028244856));
#2283=VERTEX_POINT('',#2282);
#2284=CARTESIAN_POINT('',(10.799987299975,2.7975859343667,14.300028244856));
#2285=DIRECTION('',(-3.5527136788004E-14,1.,-7.1054273576007E-14));
#2286=DIRECTION('',(-4.2885047732944E-14,4.2885047732944E-14,1.));
#2287=AXIS2_PLACEMENT_3D('',#2284,#2286,#2285);
#2288=CIRCLE('',#2287,0.050000000000002);
#2289=EDGE_CURVE('',#2275,#2283,#2288,.T.);
#2290=ORIENTED_EDGE('',*,*,#2289,.T.);
#2291=CARTESIAN_POINT('',(10.749987299975,2.1975859343667,14.300028244856));
#2292=VERTEX_POINT('',#2291);
#2293=CARTESIAN_POINT('',(10.749987299975,2.7975859343667,14.300028244856));
#2294=DIRECTION('',(0.,-1.,0.));
#2295=VECTOR('',#2294,0.6);
#2296=LINE('',#2293,#2295);
#2297=EDGE_CURVE('',#2283,#2292,#2296,.T.);
#2298=ORIENTED_EDGE('',*,*,#2297,.T.);
#2299=CARTESIAN_POINT('',(10.799987299975,2.1475859343667,14.300028244856));
#2300=VERTEX_POINT('',#2299);
#2301=CARTESIAN_POINT('',(10.799987299975,2.1975859343667,14.300028244856));
#2302=DIRECTION('',(-1.,-8.8817841970014E-15,3.5527136788006E-14));
#2303=DIRECTION('',(-0.,0.,1.));
#2304=AXIS2_PLACEMENT_3D('',#2301,#2303,#2302);
#2305=CIRCLE('',#2304,0.049999999999999);
#2306=EDGE_CURVE('',#2292,#2300,#2305,.T.);
#2307=ORIENTED_EDGE('',*,*,#2306,.T.);
#2308=CARTESIAN_POINT('',(11.399987299975,2.1475859343667,14.300028244856));
#2309=VERTEX_POINT('',#2308);
#2310=CARTESIAN_POINT('',(10.799987299975,2.1475859343667,14.300028244856));
#2311=DIRECTION('',(1.,0.,0.));
#2312=VECTOR('',#2311,0.6);
#2313=LINE('',#2310,#2312);
#2314=EDGE_CURVE('',#2300,#2309,#2313,.T.);
#2315=ORIENTED_EDGE('',*,*,#2314,.T.);
#2316=CARTESIAN_POINT('',(11.449987299975,2.1975859343667,14.300028244856));
#2317=VERTEX_POINT('',#2316);
#2318=CARTESIAN_POINT('',(11.399987299975,2.1975859343667,14.300028244856));
#2319=DIRECTION('',(7.1054273576008E-14,-1.,0.));
#2320=DIRECTION('',(0.,-0.,1.));
#2321=AXIS2_PLACEMENT_3D('',#2318,#2320,#2319);
#2322=CIRCLE('',#2321,0.050000000000002);
#2323=EDGE_CURVE('',#2309,#2317,#2322,.T.);
#2324=ORIENTED_EDGE('',*,*,#2323,.T.);
#2325=CARTESIAN_POINT('',(11.449987299975,2.7975859343667,14.300028244856));
#2326=VERTEX_POINT('',#2325);
#2327=CARTESIAN_POINT('',(11.449987299975,2.1975859343667,14.300028244856));
#2328=DIRECTION('',(0.,1.,0.));
#2329=VECTOR('',#2328,0.6);
#2330=LINE('',#2327,#2329);
#2331=EDGE_CURVE('',#2317,#2326,#2330,.T.);
#2332=ORIENTED_EDGE('',*,*,#2331,.T.);
#2333=CARTESIAN_POINT('',(11.399987299975,2.7975859343667,14.300028244856));
#2334=DIRECTION('',(1.,-2.6645352591006E-14,0.));
#2335=DIRECTION('',(0.,0.,1.));
#2336=AXIS2_PLACEMENT_3D('',#2333,#2335,#2334);
#2337=CIRCLE('',#2336,0.049999999999997);
#2338=EDGE_CURVE('',#2326,#2273,#2337,.T.);
#2339=ORIENTED_EDGE('',*,*,#2338,.T.);
#2340=EDGE_LOOP('',(#2281,#2290,#2298,#2307,#2315,#2324,#2332,#2339));
#2341=FACE_BOUND('',#2340,.T.);
#2342=ADVANCED_FACE('',(#2271,#2341),#2237,.T.);
#2343=CARTESIAN_POINT('',(11.099987299975,-2.5024140656333,14.300028244856));
#2344=DIRECTION('',(0.,-1.,0.));
#2345=DIRECTION('',(-0.,-0.,-1.));
#2346=AXIS2_PLACEMENT_3D('',#2343,#2345,#2344);
#2347=PLANE('',#2346);
#2348=CARTESIAN_POINT('',(14.399987299975,-0.85241406563327,14.300028244856));
#2349=VERTEX_POINT('',#2348);
#2350=CARTESIAN_POINT('',(8.6999872999746,-0.85241406563327,14.300028244856));
#2351=VERTEX_POINT('',#2350);
#2352=CARTESIAN_POINT('',(14.399987299975,-0.85241406563327,14.300028244856));
#2353=DIRECTION('',(-1.,0.,0.));
#2354=VECTOR('',#2353,5.7000000000004);
#2355=LINE('',#2352,#2354);
#2356=EDGE_CURVE('',#2349,#2351,#2355,.T.);
#2357=ORIENTED_EDGE('',*,*,#2356,.T.);
#2358=CARTESIAN_POINT('',(8.6999872999746,0.84758593436673,14.300028244856));
#2359=VERTEX_POINT('',#2358);
#2360=CARTESIAN_POINT('',(8.6999872999746,-0.85241406563327,14.300028244856));
#2361=DIRECTION('',(0.,1.,0.));
#2362=VECTOR('',#2361,1.7);
#2363=LINE('',#2360,#2362);
#2364=EDGE_CURVE('',#2351,#2359,#2363,.T.);
#2365=ORIENTED_EDGE('',*,*,#2364,.T.);
#2366=CARTESIAN_POINT('',(14.399987299975,0.84758593436673,14.300028244856));
#2367=VERTEX_POINT('',#2366);
#2368=CARTESIAN_POINT('',(8.6999872999746,0.84758593436673,14.300028244856));
#2369=DIRECTION('',(1.,0.,0.));
#2370=VECTOR('',#2369,5.7000000000004);
#2371=LINE('',#2368,#2370);
#2372=EDGE_CURVE('',#2359,#2367,#2371,.T.);
#2373=ORIENTED_EDGE('',*,*,#2372,.T.);
#2374=CARTESIAN_POINT('',(14.399987299975,0.84758593436673,14.300028244856));
#2375=DIRECTION('',(0.,-1.,0.));
#2376=VECTOR('',#2375,1.7);
#2377=LINE('',#2374,#2376);
#2378=EDGE_CURVE('',#2367,#2349,#2377,.T.);
#2379=ORIENTED_EDGE('',*,*,#2378,.T.);
#2380=EDGE_LOOP('',(#2357,#2365,#2373,#2379));
#2381=FACE_OUTER_BOUND('',#2380,.T.);
#2382=CARTESIAN_POINT('',(11.399987299975,0.34758593436673,14.300028244856));
#2383=VERTEX_POINT('',#2382);
#2384=CARTESIAN_POINT('',(10.799987299975,0.34758593436673,14.300028244856));
#2385=VERTEX_POINT('',#2384);
#2386=CARTESIAN_POINT('',(11.399987299975,0.34758593436673,14.300028244856));
#2387=DIRECTION('',(-1.,0.,0.));
#2388=VECTOR('',#2387,0.6);
#2389=LINE('',#2386,#2388);
#2390=EDGE_CURVE('',#2383,#2385,#2389,.T.);
#2391=ORIENTED_EDGE('',*,*,#2390,.T.);
#2392=CARTESIAN_POINT('',(10.749987299975,0.29758593436673,14.300028244856));
#2393=VERTEX_POINT('',#2392);
#2394=CARTESIAN_POINT('',(10.799987299975,0.29758593436673,14.300028244856));
#2395=DIRECTION('',(-3.5527136788004E-14,1.,-7.1054273576008E-14));
#2396=DIRECTION('',(-4.2885047732943E-14,4.2885047732944E-14,1.));
#2397=AXIS2_PLACEMENT_3D('',#2394,#2396,#2395);
#2398=CIRCLE('',#2397,0.050000000000002);
#2399=EDGE_CURVE('',#2385,#2393,#2398,.T.);
#2400=ORIENTED_EDGE('',*,*,#2399,.T.);
#2401=CARTESIAN_POINT('',(10.749987299975,-0.30241406563327,14.300028244856));
#2402=VERTEX_POINT('',#2401);
#2403=CARTESIAN_POINT('',(10.749987299975,0.29758593436673,14.300028244856));
#2404=DIRECTION('',(0.,-1.,0.));
#2405=VECTOR('',#2404,0.6);
#2406=LINE('',#2403,#2405);
#2407=EDGE_CURVE('',#2393,#2402,#2406,.T.);
#2408=ORIENTED_EDGE('',*,*,#2407,.T.);
#2409=CARTESIAN_POINT('',(10.799987299975,-0.35241406563327,14.300028244856));
#2410=VERTEX_POINT('',#2409);
#2411=CARTESIAN_POINT('',(10.799987299975,-0.30241406563327,14.300028244856));
#2412=DIRECTION('',(-1.,-1.4432899320127E-14,0.));
#2413=DIRECTION('',(-0.,0.,1.));
#2414=AXIS2_PLACEMENT_3D('',#2411,#2413,#2412);
#2415=CIRCLE('',#2414,0.05);
#2416=EDGE_CURVE('',#2402,#2410,#2415,.T.);
#2417=ORIENTED_EDGE('',*,*,#2416,.T.);
#2418=CARTESIAN_POINT('',(11.399987299975,-0.35241406563327,14.300028244856));
#2419=VERTEX_POINT('',#2418);
#2420=CARTESIAN_POINT('',(10.799987299975,-0.35241406563327,14.300028244856));
#2421=DIRECTION('',(1.,0.,0.));
#2422=VECTOR('',#2421,0.6);
#2423=LINE('',#2420,#2422);
#2424=EDGE_CURVE('',#2410,#2419,#2423,.T.);
#2425=ORIENTED_EDGE('',*,*,#2424,.T.);
#2426=CARTESIAN_POINT('',(11.449987299975,-0.30241406563327,14.300028244856));
#2427=VERTEX_POINT('',#2426);
#2428=CARTESIAN_POINT('',(11.399987299975,-0.30241406563327,14.300028244856));
#2429=DIRECTION('',(-3.5527136788005E-14,-1.,-7.105427357601E-14));
#2430=DIRECTION('',(4.2885047732942E-14,-4.2885047732943E-14,1.));
#2431=AXIS2_PLACEMENT_3D('',#2428,#2430,#2429);
#2432=CIRCLE('',#2431,0.05);
#2433=EDGE_CURVE('',#2419,#2427,#2432,.T.);
#2434=ORIENTED_EDGE('',*,*,#2433,.T.);
#2435=CARTESIAN_POINT('',(11.449987299975,0.29758593436673,14.300028244856));
#2436=VERTEX_POINT('',#2435);
#2437=CARTESIAN_POINT('',(11.449987299975,-0.30241406563327,14.300028244856));
#2438=DIRECTION('',(0.,1.,0.));
#2439=VECTOR('',#2438,0.6);
#2440=LINE('',#2437,#2439);
#2441=EDGE_CURVE('',#2427,#2436,#2440,.T.);
#2442=ORIENTED_EDGE('',*,*,#2441,.T.);
#2443=CARTESIAN_POINT('',(11.399987299975,0.29758593436673,14.300028244856));
#2444=DIRECTION('',(1.,-3.1086244689507E-14,0.));
#2445=DIRECTION('',(0.,0.,1.));
#2446=AXIS2_PLACEMENT_3D('',#2443,#2445,#2444);
#2447=CIRCLE('',#2446,0.049999999999997);
#2448=EDGE_CURVE('',#2436,#2383,#2447,.T.);
#2449=ORIENTED_EDGE('',*,*,#2448,.T.);
#2450=EDGE_LOOP('',(#2391,#2400,#2408,#2417,#2425,#2434,#2442,#2449));
#2451=FACE_BOUND('',#2450,.T.);
#2452=ADVANCED_FACE('',(#2381,#2451),#2347,.T.);
#2453=CARTESIAN_POINT('',(11.099987299975,-2.5024140656333,13.800028244856));
#2454=DIRECTION('',(0.,1.,0.));
#2455=DIRECTION('',(0.,0.,-1.));
#2456=AXIS2_PLACEMENT_3D('',#2453,#2455,#2454);
#2457=PLANE('',#2456);
#2458=CARTESIAN_POINT('',(8.6999872999746,-1.6524140656333,13.800028244856));
#2459=VERTEX_POINT('',#2458);
#2460=CARTESIAN_POINT('',(8.6999872999746,-0.85241406563327,13.800028244856));
#2461=VERTEX_POINT('',#2460);
#2462=CARTESIAN_POINT('',(8.6999872999746,-1.6524140656333,13.800028244856));
#2463=DIRECTION('',(0.,1.,0.));
#2464=VECTOR('',#2463,0.80000000000003);
#2465=LINE('',#2462,#2464);
#2466=EDGE_CURVE('',#2459,#2461,#2465,.T.);
#2467=ORIENTED_EDGE('',*,*,#2466,.T.);
#2468=CARTESIAN_POINT('',(14.399987299975,-0.85241406563327,13.800028244856));
#2469=VERTEX_POINT('',#2468);
#2470=CARTESIAN_POINT('',(8.6999872999746,-0.85241406563327,13.800028244856));
#2471=DIRECTION('',(1.,0.,0.));
#2472=VECTOR('',#2471,5.7000000000004);
#2473=LINE('',#2470,#2472);
#2474=EDGE_CURVE('',#2461,#2469,#2473,.T.);
#2475=ORIENTED_EDGE('',*,*,#2474,.T.);
#2476=CARTESIAN_POINT('',(14.399987299975,-1.6524140656333,13.800028244856));
#2477=VERTEX_POINT('',#2476);
#2478=CARTESIAN_POINT('',(14.399987299975,-0.85241406563327,13.800028244856));
#2479=DIRECTION('',(0.,-1.,0.));
#2480=VECTOR('',#2479,0.80000000000003);
#2481=LINE('',#2478,#2480);
#2482=EDGE_CURVE('',#2469,#2477,#2481,.T.);
#2483=ORIENTED_EDGE('',*,*,#2482,.T.);
#2484=CARTESIAN_POINT('',(14.399987299975,-1.6524140656333,13.800028244856));
#2485=DIRECTION('',(-1.,0.,0.));
#2486=VECTOR('',#2485,5.7000000000004);
#2487=LINE('',#2484,#2486);
#2488=EDGE_CURVE('',#2477,#2459,#2487,.T.);
#2489=ORIENTED_EDGE('',*,*,#2488,.T.);
#2490=EDGE_LOOP('',(#2467,#2475,#2483,#2489));
#2491=FACE_OUTER_BOUND('',#2490,.T.);
#2492=ADVANCED_FACE('',(#2491),#2457,.T.);
#2493=CARTESIAN_POINT('',(11.099987299975,-2.5024140656333,13.800028244856));
#2494=DIRECTION('',(2.1401889631328E-16,1.,0.));
#2495=DIRECTION('',(0.,0.,-1.));
#2496=AXIS2_PLACEMENT_3D('',#2493,#2495,#2494);
#2497=PLANE('',#2496);
#2498=CARTESIAN_POINT('',(14.399987299975,1.6475859343667,13.800028244856));
#2499=VERTEX_POINT('',#2498);
#2500=CARTESIAN_POINT('',(14.399987299975,0.84758593436673,13.800028244856));
#2501=VERTEX_POINT('',#2500);
#2502=CARTESIAN_POINT('',(14.399987299975,1.6475859343667,13.800028244856));
#2503=DIRECTION('',(0.,-1.,0.));
#2504=VECTOR('',#2503,0.79999999999997);
#2505=LINE('',#2502,#2504);
#2506=EDGE_CURVE('',#2499,#2501,#2505,.T.);
#2507=ORIENTED_EDGE('',*,*,#2506,.T.);
#2508=CARTESIAN_POINT('',(8.6999872999746,0.84758593436673,13.800028244856));
#2509=VERTEX_POINT('',#2508);
#2510=CARTESIAN_POINT('',(14.399987299975,0.84758593436673,13.800028244856));
#2511=DIRECTION('',(-1.,0.,0.));
#2512=VECTOR('',#2511,5.7000000000004);
#2513=LINE('',#2510,#2512);
#2514=EDGE_CURVE('',#2501,#2509,#2513,.T.);
#2515=ORIENTED_EDGE('',*,*,#2514,.T.);
#2516=CARTESIAN_POINT('',(8.6999872999746,1.6475859343667,13.800028244856));
#2517=VERTEX_POINT('',#2516);
#2518=CARTESIAN_POINT('',(8.6999872999746,0.84758593436673,13.800028244856));
#2519=DIRECTION('',(0.,1.,0.));
#2520=VECTOR('',#2519,0.79999999999997);
#2521=LINE('',#2518,#2520);
#2522=EDGE_CURVE('',#2509,#2517,#2521,.T.);
#2523=ORIENTED_EDGE('',*,*,#2522,.T.);
#2524=CARTESIAN_POINT('',(8.6999872999746,1.6475859343667,13.800028244856));
#2525=DIRECTION('',(1.,0.,0.));
#2526=VECTOR('',#2525,5.7000000000004);
#2527=LINE('',#2524,#2526);
#2528=EDGE_CURVE('',#2517,#2499,#2527,.T.);
#2529=ORIENTED_EDGE('',*,*,#2528,.T.);
#2530=EDGE_LOOP('',(#2507,#2515,#2523,#2529));
#2531=FACE_OUTER_BOUND('',#2530,.T.);
#2532=ADVANCED_FACE('',(#2531),#2497,.T.);
#2533=CARTESIAN_POINT('',(11.099987299975,-2.5024140656333,14.300028244856));
#2534=DIRECTION('',(0.,-1.,0.));
#2535=DIRECTION('',(-0.,-0.,-1.));
#2536=AXIS2_PLACEMENT_3D('',#2533,#2535,#2534);
#2537=PLANE('',#2536);
#2538=CARTESIAN_POINT('',(14.399987299975,-3.3524140656333,14.300028244856));
#2539=VERTEX_POINT('',#2538);
#2540=CARTESIAN_POINT('',(8.6999872999746,-3.3524140656333,14.300028244856));
#2541=VERTEX_POINT('',#2540);
#2542=CARTESIAN_POINT('',(14.399987299975,-3.3524140656333,14.300028244856));
#2543=DIRECTION('',(-1.,0.,0.));
#2544=VECTOR('',#2543,5.7000000000004);
#2545=LINE('',#2542,#2544);
#2546=EDGE_CURVE('',#2539,#2541,#2545,.T.);
#2547=ORIENTED_EDGE('',*,*,#2546,.T.);
#2548=CARTESIAN_POINT('',(8.6999872999746,-1.6524140656333,14.300028244856));
#2549=VERTEX_POINT('',#2548);
#2550=CARTESIAN_POINT('',(8.6999872999746,-3.3524140656333,14.300028244856));
#2551=DIRECTION('',(0.,1.,0.));
#2552=VECTOR('',#2551,1.7);
#2553=LINE('',#2550,#2552);
#2554=EDGE_CURVE('',#2541,#2549,#2553,.T.);
#2555=ORIENTED_EDGE('',*,*,#2554,.T.);
#2556=CARTESIAN_POINT('',(14.399987299975,-1.6524140656333,14.300028244856));
#2557=VERTEX_POINT('',#2556);
#2558=CARTESIAN_POINT('',(8.6999872999746,-1.6524140656333,14.300028244856));
#2559=DIRECTION('',(1.,0.,0.));
#2560=VECTOR('',#2559,5.7000000000004);
#2561=LINE('',#2558,#2560);
#2562=EDGE_CURVE('',#2549,#2557,#2561,.T.);
#2563=ORIENTED_EDGE('',*,*,#2562,.T.);
#2564=CARTESIAN_POINT('',(14.399987299975,-1.6524140656333,14.300028244856));
#2565=DIRECTION('',(0.,-1.,0.));
#2566=VECTOR('',#2565,1.7);
#2567=LINE('',#2564,#2566);
#2568=EDGE_CURVE('',#2557,#2539,#2567,.T.);
#2569=ORIENTED_EDGE('',*,*,#2568,.T.);
#2570=EDGE_LOOP('',(#2547,#2555,#2563,#2569));
#2571=FACE_OUTER_BOUND('',#2570,.T.);
#2572=CARTESIAN_POINT('',(11.399987299975,-2.1524140656333,14.300028244856));
#2573=VERTEX_POINT('',#2572);
#2574=CARTESIAN_POINT('',(10.799987299975,-2.1524140656333,14.300028244856));
#2575=VERTEX_POINT('',#2574);
#2576=CARTESIAN_POINT('',(11.399987299975,-2.1524140656333,14.300028244856));
#2577=DIRECTION('',(-1.,0.,0.));
#2578=VECTOR('',#2577,0.6);
#2579=LINE('',#2576,#2578);
#2580=EDGE_CURVE('',#2573,#2575,#2579,.T.);
#2581=ORIENTED_EDGE('',*,*,#2580,.T.);
#2582=CARTESIAN_POINT('',(10.749987299975,-2.2024140656333,14.300028244856));
#2583=VERTEX_POINT('',#2582);
#2584=CARTESIAN_POINT('',(10.799987299975,-2.2024140656333,14.300028244856));
#2585=DIRECTION('',(-3.5527136788004E-14,1.,0.));
#2586=DIRECTION('',(0.,0.,1.));
#2587=AXIS2_PLACEMENT_3D('',#2584,#2586,#2585);
#2588=CIRCLE('',#2587,0.050000000000001);
#2589=EDGE_CURVE('',#2575,#2583,#2588,.T.);
#2590=ORIENTED_EDGE('',*,*,#2589,.T.);
#2591=CARTESIAN_POINT('',(10.749987299975,-2.8024140656333,14.300028244856));
#2592=VERTEX_POINT('',#2591);
#2593=CARTESIAN_POINT('',(10.749987299975,-2.2024140656333,14.300028244856));
#2594=DIRECTION('',(0.,-1.,0.));
#2595=VECTOR('',#2594,0.6);
#2596=LINE('',#2593,#2595);
#2597=EDGE_CURVE('',#2583,#2592,#2596,.T.);
#2598=ORIENTED_EDGE('',*,*,#2597,.T.);
#2599=CARTESIAN_POINT('',(10.799987299975,-2.8524140656333,14.300028244856));
#2600=VERTEX_POINT('',#2599);
#2601=CARTESIAN_POINT('',(10.799987299975,-2.8024140656333,14.300028244856));
#2602=DIRECTION('',(-1.,-8.8817841970011E-15,0.));
#2603=DIRECTION('',(-0.,0.,1.));
#2604=AXIS2_PLACEMENT_3D('',#2601,#2603,#2602);
#2605=CIRCLE('',#2604,0.05);
#2606=EDGE_CURVE('',#2592,#2600,#2605,.T.);
#2607=ORIENTED_EDGE('',*,*,#2606,.T.);
#2608=CARTESIAN_POINT('',(11.399987299975,-2.8524140656333,14.300028244856));
#2609=VERTEX_POINT('',#2608);
#2610=CARTESIAN_POINT('',(10.799987299975,-2.8524140656333,14.300028244856));
#2611=DIRECTION('',(1.,0.,0.));
#2612=VECTOR('',#2611,0.6);
#2613=LINE('',#2610,#2612);
#2614=EDGE_CURVE('',#2600,#2609,#2613,.T.);
#2615=ORIENTED_EDGE('',*,*,#2614,.T.);
#2616=CARTESIAN_POINT('',(11.449987299975,-2.8024140656333,14.300028244856));
#2617=VERTEX_POINT('',#2616);
#2618=CARTESIAN_POINT('',(11.399987299975,-2.8024140656333,14.300028244856));
#2619=DIRECTION('',(7.1054273576007E-14,-1.,0.));
#2620=DIRECTION('',(0.,-0.,1.));
#2621=AXIS2_PLACEMENT_3D('',#2618,#2620,#2619);
#2622=CIRCLE('',#2621,0.050000000000002);
#2623=EDGE_CURVE('',#2609,#2617,#2622,.T.);
#2624=ORIENTED_EDGE('',*,*,#2623,.T.);
#2625=CARTESIAN_POINT('',(11.449987299975,-2.2024140656333,14.300028244856));
#2626=VERTEX_POINT('',#2625);
#2627=CARTESIAN_POINT('',(11.449987299975,-2.8024140656333,14.300028244856));
#2628=DIRECTION('',(0.,1.,0.));
#2629=VECTOR('',#2628,0.6);
#2630=LINE('',#2627,#2629);
#2631=EDGE_CURVE('',#2617,#2626,#2630,.T.);
#2632=ORIENTED_EDGE('',*,*,#2631,.T.);
#2633=CARTESIAN_POINT('',(11.399987299975,-2.2024140656333,14.300028244856));
#2634=DIRECTION('',(1.,-2.6645352591006E-14,0.));
#2635=DIRECTION('',(0.,0.,1.));
#2636=AXIS2_PLACEMENT_3D('',#2633,#2635,#2634);
#2637=CIRCLE('',#2636,0.049999999999997);
#2638=EDGE_CURVE('',#2626,#2573,#2637,.T.);
#2639=ORIENTED_EDGE('',*,*,#2638,.T.);
#2640=EDGE_LOOP('',(#2581,#2590,#2598,#2607,#2615,#2624,#2632,#2639));
#2641=FACE_BOUND('',#2640,.T.);
#2642=ADVANCED_FACE('',(#2571,#2641),#2537,.T.);
#2643=CARTESIAN_POINT('',(11.099987299975,-2.5024140656333,20.800028244856));
#2644=DIRECTION('',(0.,1.,0.));
#2645=DIRECTION('',(0.,-0.,1.));
#2646=AXIS2_PLACEMENT_3D('',#2643,#2645,#2644);
#2647=PLANE('',#2646);
#2648=CARTESIAN_POINT('',(8.6999872999746,-2.8024140656333,20.800028244856));
#2649=VERTEX_POINT('',#2648);
#2650=CARTESIAN_POINT('',(8.6999872999746,-4.9024140656333,20.800028244856));
#2651=VERTEX_POINT('',#2650);
#2652=CARTESIAN_POINT('',(8.6999872999746,-2.8024140656333,20.800028244856));
#2653=DIRECTION('',(0.,-1.,0.));
#2654=VECTOR('',#2653,2.1);
#2655=LINE('',#2652,#2654);
#2656=EDGE_CURVE('',#2649,#2651,#2655,.T.);
#2657=ORIENTED_EDGE('',*,*,#2656,.T.);
#2658=CARTESIAN_POINT('',(8.7999872999746,-5.0024140656333,20.800028244856));
#2659=VERTEX_POINT('',#2658);
#2660=CARTESIAN_POINT('',(8.7999872999746,-4.9024140656333,20.800028244856));
#2661=DIRECTION('',(-1.,8.8817841970013E-15,0.));
#2662=DIRECTION('',(2.1442523866471E-14,2.1442523866471E-14,1.));
#2663=AXIS2_PLACEMENT_3D('',#2660,#2662,#2661);
#2664=CIRCLE('',#2663,0.099999999999999);
#2665=EDGE_CURVE('',#2651,#2659,#2664,.T.);
#2666=ORIENTED_EDGE('',*,*,#2665,.T.);
#2667=CARTESIAN_POINT('',(9.2999872999746,-5.0024140656333,20.800028244856));
#2668=VERTEX_POINT('',#2667);
#2669=CARTESIAN_POINT('',(8.7999872999746,-5.0024140656333,20.800028244856));
#2670=DIRECTION('',(1.,0.,0.));
#2671=VECTOR('',#2670,0.5);
#2672=LINE('',#2669,#2671);
#2673=EDGE_CURVE('',#2659,#2668,#2672,.T.);
#2674=ORIENTED_EDGE('',*,*,#2673,.T.);
#2675=CARTESIAN_POINT('',(9.2999872999746,-2.8024140656333,20.800028244856));
#2676=VERTEX_POINT('',#2675);
#2677=CARTESIAN_POINT('',(9.2999872999746,-5.0024140656333,20.800028244856));
#2678=DIRECTION('',(0.,1.,0.));
#2679=VECTOR('',#2678,2.2);
#2680=LINE('',#2677,#2679);
#2681=EDGE_CURVE('',#2668,#2676,#2680,.T.);
#2682=ORIENTED_EDGE('',*,*,#2681,.T.);
#2683=CARTESIAN_POINT('',(9.2999872999746,-2.8024140656333,20.800028244856));
#2684=DIRECTION('',(-1.,0.,0.));
#2685=VECTOR('',#2684,0.6);
#2686=LINE('',#2683,#2685);
#2687=EDGE_CURVE('',#2676,#2649,#2686,.T.);
#2688=ORIENTED_EDGE('',*,*,#2687,.T.);
#2689=EDGE_LOOP('',(#2657,#2666,#2674,#2682,#2688));
#2690=FACE_OUTER_BOUND('',#2689,.T.);
#2691=ADVANCED_FACE('',(#2690),#2647,.T.);
#2692=CARTESIAN_POINT('',(11.099987299975,-2.5024140656333,20.800028244856));
#2693=DIRECTION('',(0.,1.,0.));
#2694=DIRECTION('',(0.,-0.,1.));
#2695=AXIS2_PLACEMENT_3D('',#2692,#2694,#2693);
#2696=PLANE('',#2695);
#2697=CARTESIAN_POINT('',(9.2999872999746,4.9975859343667,20.800028244856));
#2698=VERTEX_POINT('',#2697);
#2699=CARTESIAN_POINT('',(8.7999872999746,4.9975859343667,20.800028244856));
#2700=VERTEX_POINT('',#2699);
#2701=CARTESIAN_POINT('',(9.2999872999746,4.9975859343667,20.800028244856));
#2702=DIRECTION('',(-1.,0.,0.));
#2703=VECTOR('',#2702,0.5);
#2704=LINE('',#2701,#2703);
#2705=EDGE_CURVE('',#2698,#2700,#2704,.T.);
#2706=ORIENTED_EDGE('',*,*,#2705,.T.);
#2707=CARTESIAN_POINT('',(8.6999872999746,4.8975859343667,20.800028244856));
#2708=VERTEX_POINT('',#2707);
#2709=CARTESIAN_POINT('',(8.7999872999746,4.8975859343667,20.800028244856));
#2710=DIRECTION('',(1.7763568394003E-14,1.,-3.5527136788005E-14));
#2711=DIRECTION('',(-3.2163785799707E-14,3.2163785799707E-14,1.));
#2712=AXIS2_PLACEMENT_3D('',#2709,#2711,#2710);
#2713=CIRCLE('',#2712,0.099999999999999);
#2714=EDGE_CURVE('',#2700,#2708,#2713,.T.);
#2715=ORIENTED_EDGE('',*,*,#2714,.T.);
#2716=CARTESIAN_POINT('',(8.6999872999746,2.7975859343667,20.800028244856));
#2717=VERTEX_POINT('',#2716);
#2718=CARTESIAN_POINT('',(8.6999872999746,4.8975859343667,20.800028244856));
#2719=DIRECTION('',(0.,-1.,0.));
#2720=VECTOR('',#2719,2.1);
#2721=LINE('',#2718,#2720);
#2722=EDGE_CURVE('',#2708,#2717,#2721,.T.);
#2723=ORIENTED_EDGE('',*,*,#2722,.T.);
#2724=CARTESIAN_POINT('',(9.2999872999746,2.7975859343667,20.800028244856));
#2725=VERTEX_POINT('',#2724);
#2726=CARTESIAN_POINT('',(8.6999872999746,2.7975859343667,20.800028244856));
#2727=DIRECTION('',(1.,0.,0.));
#2728=VECTOR('',#2727,0.6);
#2729=LINE('',#2726,#2728);
#2730=EDGE_CURVE('',#2717,#2725,#2729,.T.);
#2731=ORIENTED_EDGE('',*,*,#2730,.T.);
#2732=CARTESIAN_POINT('',(9.2999872999746,2.7975859343667,20.800028244856));
#2733=DIRECTION('',(0.,1.,0.));
#2734=VECTOR('',#2733,2.2);
#2735=LINE('',#2732,#2734);
#2736=EDGE_CURVE('',#2725,#2698,#2735,.T.);
#2737=ORIENTED_EDGE('',*,*,#2736,.T.);
#2738=EDGE_LOOP('',(#2706,#2715,#2723,#2731,#2737));
#2739=FACE_OUTER_BOUND('',#2738,.T.);
#2740=ADVANCED_FACE('',(#2739),#2696,.T.);
#2741=CARTESIAN_POINT('',(11.099987299975,-2.5024140656333,20.800028244856));
#2742=DIRECTION('',(1.1842378929335E-16,1.,0.));
#2743=DIRECTION('',(0.,-0.,1.));
#2744=AXIS2_PLACEMENT_3D('',#2741,#2743,#2742);
#2745=PLANE('',#2744);
#2746=CARTESIAN_POINT('',(14.399987299975,-4.9024140656333,20.800028244856));
#2747=VERTEX_POINT('',#2746);
#2748=CARTESIAN_POINT('',(14.399987299975,4.8975859343667,20.800028244856));
#2749=VERTEX_POINT('',#2748);
#2750=CARTESIAN_POINT('',(14.399987299975,-4.9024140656333,20.800028244856));
#2751=DIRECTION('',(0.,1.,0.));
#2752=VECTOR('',#2751,9.8);
#2753=LINE('',#2750,#2752);
#2754=EDGE_CURVE('',#2747,#2749,#2753,.T.);
#2755=ORIENTED_EDGE('',*,*,#2754,.T.);
#2756=CARTESIAN_POINT('',(14.299987299975,4.9975859343667,20.800028244856));
#2757=VERTEX_POINT('',#2756);
#2758=CARTESIAN_POINT('',(14.299987299975,4.8975859343667,20.800028244856));
#2759=DIRECTION('',(1.,-1.7763568394003E-14,3.5527136788006E-14));
#2760=DIRECTION('',(-4.2885047732941E-14,-4.2885047732941E-14,1.));
#2761=AXIS2_PLACEMENT_3D('',#2758,#2760,#2759);
#2762=CIRCLE('',#2761,0.099999999999998);
#2763=EDGE_CURVE('',#2749,#2757,#2762,.T.);
#2764=ORIENTED_EDGE('',*,*,#2763,.T.);
#2765=CARTESIAN_POINT('',(10.299987299975,4.9975859343667,20.800028244856));
#2766=VERTEX_POINT('',#2765);
#2767=CARTESIAN_POINT('',(14.299987299975,4.9975859343667,20.800028244856));
#2768=DIRECTION('',(-1.,0.,0.));
#2769=VECTOR('',#2768,4.);
#2770=LINE('',#2767,#2769);
#2771=EDGE_CURVE('',#2757,#2766,#2770,.T.);
#2772=ORIENTED_EDGE('',*,*,#2771,.T.);
#2773=CARTESIAN_POINT('',(10.299987299975,4.8475859343667,20.800028244856));
#2774=VERTEX_POINT('',#2773);
#2775=CARTESIAN_POINT('',(10.299987299975,4.9975859343667,20.800028244856));
#2776=DIRECTION('',(0.,-1.,0.));
#2777=VECTOR('',#2776,0.15);
#2778=LINE('',#2775,#2777);
#2779=EDGE_CURVE('',#2766,#2774,#2778,.T.);
#2780=ORIENTED_EDGE('',*,*,#2779,.T.);
#2781=CARTESIAN_POINT('',(14.249987299975,4.8475859343667,20.800028244856));
#2782=VERTEX_POINT('',#2781);
#2783=CARTESIAN_POINT('',(10.299987299975,4.8475859343667,20.800028244856));
#2784=DIRECTION('',(1.,0.,0.));
#2785=VECTOR('',#2784,3.95);
#2786=LINE('',#2783,#2785);
#2787=EDGE_CURVE('',#2774,#2782,#2786,.T.);
#2788=ORIENTED_EDGE('',*,*,#2787,.T.);
#2789=CARTESIAN_POINT('',(14.249987299975,-4.8524140656333,20.800028244856));
#2790=VERTEX_POINT('',#2789);
#2791=CARTESIAN_POINT('',(14.249987299975,4.8475859343667,20.800028244856));
#2792=DIRECTION('',(0.,-1.,0.));
#2793=VECTOR('',#2792,9.7);
#2794=LINE('',#2791,#2793);
#2795=EDGE_CURVE('',#2782,#2790,#2794,.T.);
#2796=ORIENTED_EDGE('',*,*,#2795,.T.);
#2797=CARTESIAN_POINT('',(10.299987299975,-4.8524140656333,20.800028244856));
#2798=VERTEX_POINT('',#2797);
#2799=CARTESIAN_POINT('',(14.249987299975,-4.8524140656333,20.800028244856));
#2800=DIRECTION('',(-1.,0.,0.));
#2801=VECTOR('',#2800,3.95);
#2802=LINE('',#2799,#2801);
#2803=EDGE_CURVE('',#2790,#2798,#2802,.T.);
#2804=ORIENTED_EDGE('',*,*,#2803,.T.);
#2805=CARTESIAN_POINT('',(10.299987299975,-5.0024140656333,20.800028244856));
#2806=VERTEX_POINT('',#2805);
#2807=CARTESIAN_POINT('',(10.299987299975,-4.8524140656333,20.800028244856));
#2808=DIRECTION('',(0.,-1.,0.));
#2809=VECTOR('',#2808,0.15);
#2810=LINE('',#2807,#2809);
#2811=EDGE_CURVE('',#2798,#2806,#2810,.T.);
#2812=ORIENTED_EDGE('',*,*,#2811,.T.);
#2813=CARTESIAN_POINT('',(14.299987299975,-5.0024140656333,20.800028244856));
#2814=VERTEX_POINT('',#2813);
#2815=CARTESIAN_POINT('',(10.299987299975,-5.0024140656333,20.800028244856));
#2816=DIRECTION('',(1.,0.,0.));
#2817=VECTOR('',#2816,4.);
#2818=LINE('',#2815,#2817);
#2819=EDGE_CURVE('',#2806,#2814,#2818,.T.);
#2820=ORIENTED_EDGE('',*,*,#2819,.T.);
#2821=CARTESIAN_POINT('',(14.299987299975,-4.9024140656333,20.800028244856));
#2822=DIRECTION('',(-3.5527136788005E-14,-1.,-3.5527136788005E-14));
#2823=DIRECTION('',(0.,-0.,1.));
#2824=AXIS2_PLACEMENT_3D('',#2821,#2823,#2822);
#2825=CIRCLE('',#2824,0.099999999999998);
#2826=EDGE_CURVE('',#2814,#2747,#2825,.T.);
#2827=ORIENTED_EDGE('',*,*,#2826,.T.);
#2828=EDGE_LOOP('',(#2755,#2764,#2772,#2780,#2788,#2796,#2804,#2812,#2820,#2827));
#2829=FACE_OUTER_BOUND('',#2828,.T.);
#2830=ADVANCED_FACE('',(#2829),#2745,.T.);
#2831=CARTESIAN_POINT('',(8.6999872999746,-5.0024140656333,20.800028244856));
#2832=DIRECTION('',(-1.,-1.5860328923215E-16,0.));
#2833=DIRECTION('',(1.5860328923215E-16,-1.,0.));
#2834=AXIS2_PLACEMENT_3D('',#2831,#2833,#2832);
#2835=PLANE('',#2834);
#2836=CARTESIAN_POINT('',(8.7999872999746,-5.0024140656333,13.900028244856));
#2837=VERTEX_POINT('',#2836);
#2838=CARTESIAN_POINT('',(14.299987299975,-5.0024140656333,13.900028244856));
#2839=VERTEX_POINT('',#2838);
#2840=CARTESIAN_POINT('',(8.7999872999746,-5.0024140656333,13.900028244856));
#2841=DIRECTION('',(1.,0.,0.));
#2842=VECTOR('',#2841,5.5000000000004);
#2843=LINE('',#2840,#2842);
#2844=EDGE_CURVE('',#2837,#2839,#2843,.T.);
#2845=ORIENTED_EDGE('',*,*,#2844,.T.);
#2846=CARTESIAN_POINT('',(14.299987299975,-5.0024140656333,13.900028244856));
#2847=DIRECTION('',(0.,0.,1.));
#2848=VECTOR('',#2847,6.9);
#2849=LINE('',#2846,#2848);
#2850=EDGE_CURVE('',#2839,#2814,#2849,.T.);
#2851=ORIENTED_EDGE('',*,*,#2850,.T.);
#2852=ORIENTED_EDGE('',*,*,#2819,.F.);
#2853=CARTESIAN_POINT('',(10.299987299975,-5.0024140656333,18.400028244856));
#2854=VERTEX_POINT('',#2853);
#2855=CARTESIAN_POINT('',(10.299987299975,-5.0024140656333,20.800028244856));
#2856=DIRECTION('',(0.,0.,-1.));
#2857=VECTOR('',#2856,2.4);
#2858=LINE('',#2855,#2857);
#2859=EDGE_CURVE('',#2806,#2854,#2858,.T.);
#2860=ORIENTED_EDGE('',*,*,#2859,.T.);
#2861=CARTESIAN_POINT('',(10.199987299975,-5.0024140656333,18.300028244856));
#2862=VERTEX_POINT('',#2861);
#2863=CARTESIAN_POINT('',(10.199987299975,-5.0024140656333,18.400028244856));
#2864=DIRECTION('',(1.,-8.8817841970018E-15,3.5527136788007E-14));
#2865=DIRECTION('',(1.0721261933235E-14,1.,-1.0721261933236E-14));
#2866=AXIS2_PLACEMENT_3D('',#2863,#2865,#2864);
#2867=CIRCLE('',#2866,0.099999999999996);
#2868=EDGE_CURVE('',#2854,#2862,#2867,.T.);
#2869=ORIENTED_EDGE('',*,*,#2868,.T.);
#2870=CARTESIAN_POINT('',(9.3999872999746,-5.0024140656333,18.300028244856));
#2871=VERTEX_POINT('',#2870);
#2872=CARTESIAN_POINT('',(10.199987299975,-5.0024140656333,18.300028244856));
#2873=DIRECTION('',(-1.,0.,0.));
#2874=VECTOR('',#2873,0.8000000000004);
#2875=LINE('',#2872,#2874);
#2876=EDGE_CURVE('',#2862,#2871,#2875,.T.);
#2877=ORIENTED_EDGE('',*,*,#2876,.T.);
#2878=CARTESIAN_POINT('',(9.2999872999746,-5.0024140656333,18.400028244856));
#2879=VERTEX_POINT('',#2878);
#2880=CARTESIAN_POINT('',(9.3999872999746,-5.0024140656333,18.400028244856));
#2881=DIRECTION('',(-1.7763568394002E-14,0.,-1.));
#2882=DIRECTION('',(2.6803154833091E-15,1.,2.6803154833091E-15));
#2883=AXIS2_PLACEMENT_3D('',#2880,#2882,#2881);
#2884=CIRCLE('',#2883,0.1);
#2885=EDGE_CURVE('',#2871,#2879,#2884,.T.);
#2886=ORIENTED_EDGE('',*,*,#2885,.T.);
#2887=CARTESIAN_POINT('',(9.2999872999746,-5.0024140656333,18.400028244856));
#2888=DIRECTION('',(0.,0.,1.));
#2889=VECTOR('',#2888,2.4);
#2890=LINE('',#2887,#2889);
#2891=EDGE_CURVE('',#2879,#2668,#2890,.T.);
#2892=ORIENTED_EDGE('',*,*,#2891,.T.);
#2893=ORIENTED_EDGE('',*,*,#2673,.F.);
#2894=CARTESIAN_POINT('',(8.7999872999746,-5.0024140656333,20.800028244856));
#2895=DIRECTION('',(0.,0.,-1.));
#2896=VECTOR('',#2895,6.9);
#2897=LINE('',#2894,#2896);
#2898=EDGE_CURVE('',#2659,#2837,#2897,.T.);
#2899=ORIENTED_EDGE('',*,*,#2898,.T.);
#2900=EDGE_LOOP('',(#2845,#2851,#2852,#2860,#2869,#2877,#2886,#2892,#2893,#2899));
#2901=FACE_OUTER_BOUND('',#2900,.T.);
#2902=ADVANCED_FACE('',(#2901),#2835,.T.);
#2903=CARTESIAN_POINT('',(8.6999872999746,4.9975859343667,20.800028244856));
#2904=DIRECTION('',(1.,1.5860328923215E-16,0.));
#2905=DIRECTION('',(-1.5860328923215E-16,1.,0.));
#2906=AXIS2_PLACEMENT_3D('',#2903,#2905,#2904);
#2907=PLANE('',#2906);
#2908=ORIENTED_EDGE('',*,*,#2771,.F.);
#2909=CARTESIAN_POINT('',(14.299987299975,4.9975859343667,13.900028244856));
#2910=VERTEX_POINT('',#2909);
#2911=CARTESIAN_POINT('',(14.299987299975,4.9975859343667,20.800028244856));
#2912=DIRECTION('',(0.,0.,-1.));
#2913=VECTOR('',#2912,6.9);
#2914=LINE('',#2911,#2913);
#2915=EDGE_CURVE('',#2757,#2910,#2914,.T.);
#2916=ORIENTED_EDGE('',*,*,#2915,.T.);
#2917=CARTESIAN_POINT('',(8.7999872999746,4.9975859343667,13.900028244856));
#2918=VERTEX_POINT('',#2917);
#2919=CARTESIAN_POINT('',(14.299987299975,4.9975859343667,13.900028244856));
#2920=DIRECTION('',(-1.,0.,0.));
#2921=VECTOR('',#2920,5.5000000000004);
#2922=LINE('',#2919,#2921);
#2923=EDGE_CURVE('',#2910,#2918,#2922,.T.);
#2924=ORIENTED_EDGE('',*,*,#2923,.T.);
#2925=CARTESIAN_POINT('',(8.7999872999746,4.9975859343667,13.900028244856));
#2926=DIRECTION('',(0.,0.,1.));
#2927=VECTOR('',#2926,6.9);
#2928=LINE('',#2925,#2927);
#2929=EDGE_CURVE('',#2918,#2700,#2928,.T.);
#2930=ORIENTED_EDGE('',*,*,#2929,.T.);
#2931=ORIENTED_EDGE('',*,*,#2705,.F.);
#2932=CARTESIAN_POINT('',(9.2999872999746,4.9975859343667,18.400028244856));
#2933=VERTEX_POINT('',#2932);
#2934=CARTESIAN_POINT('',(9.2999872999746,4.9975859343667,20.800028244856));
#2935=DIRECTION('',(0.,0.,-1.));
#2936=VECTOR('',#2935,2.4);
#2937=LINE('',#2934,#2936);
#2938=EDGE_CURVE('',#2698,#2933,#2937,.T.);
#2939=ORIENTED_EDGE('',*,*,#2938,.T.);
#2940=CARTESIAN_POINT('',(9.3999872999746,4.9975859343667,18.300028244856));
#2941=VERTEX_POINT('',#2940);
#2942=CARTESIAN_POINT('',(9.3999872999746,4.9975859343667,18.400028244856));
#2943=DIRECTION('',(-1.,-8.8817841970016E-15,0.));
#2944=DIRECTION('',(5.3606309666178E-15,-1.,5.3606309666179E-15));
#2945=AXIS2_PLACEMENT_3D('',#2942,#2944,#2943);
#2946=CIRCLE('',#2945,0.099999999999997);
#2947=EDGE_CURVE('',#2933,#2941,#2946,.T.);
#2948=ORIENTED_EDGE('',*,*,#2947,.T.);
#2949=CARTESIAN_POINT('',(10.199987299975,4.9975859343667,18.300028244856));
#2950=VERTEX_POINT('',#2949);
#2951=CARTESIAN_POINT('',(9.3999872999746,4.9975859343667,18.300028244856));
#2952=DIRECTION('',(1.,0.,0.));
#2953=VECTOR('',#2952,0.8000000000004);
#2954=LINE('',#2951,#2953);
#2955=EDGE_CURVE('',#2941,#2950,#2954,.T.);
#2956=ORIENTED_EDGE('',*,*,#2955,.T.);
#2957=CARTESIAN_POINT('',(10.299987299975,4.9975859343667,18.400028244856));
#2958=VERTEX_POINT('',#2957);
#2959=CARTESIAN_POINT('',(10.199987299975,4.9975859343667,18.400028244856));
#2960=DIRECTION('',(1.7763568394002E-14,8.8817841970011E-15,-1.));
#2961=DIRECTION('',(5.3606309666181E-15,-1.,-5.3606309666181E-15));
#2962=AXIS2_PLACEMENT_3D('',#2959,#2961,#2960);
#2963=CIRCLE('',#2962,0.1);
#2964=EDGE_CURVE('',#2950,#2958,#2963,.T.);
#2965=ORIENTED_EDGE('',*,*,#2964,.T.);
#2966=CARTESIAN_POINT('',(10.299987299975,4.9975859343667,18.400028244856));
#2967=DIRECTION('',(0.,0.,1.));
#2968=VECTOR('',#2967,2.4);
#2969=LINE('',#2966,#2968);
#2970=EDGE_CURVE('',#2958,#2766,#2969,.T.);
#2971=ORIENTED_EDGE('',*,*,#2970,.T.);
#2972=EDGE_LOOP('',(#2908,#2916,#2924,#2930,#2931,#2939,#2948,#2956,#2965,#2971));
#2973=FACE_OUTER_BOUND('',#2972,.T.);
#2974=ADVANCED_FACE('',(#2973),#2907,.T.);
#2975=CARTESIAN_POINT('',(11.099987299975,-4.4024140656333,15.800028244856));
#2976=DIRECTION('',(0.,0.,-1.));
#2977=DIRECTION('',(0.,1.,0.));
#2978=AXIS2_PLACEMENT_3D('',#2975,#2977,#2976);
#2979=PLANE('',#2978);
#2980=CARTESIAN_POINT('',(9.3999872999746,-4.4024140656333,18.300028244856));
#2981=VERTEX_POINT('',#2980);
#2982=CARTESIAN_POINT('',(10.199987299975,-4.4024140656333,18.300028244856));
#2983=VERTEX_POINT('',#2982);
#2984=CARTESIAN_POINT('',(9.3999872999746,-4.4024140656333,18.300028244856));
#2985=DIRECTION('',(1.,0.,0.));
#2986=VECTOR('',#2985,0.8000000000004);
#2987=LINE('',#2984,#2986);
#2988=EDGE_CURVE('',#2981,#2983,#2987,.T.);
#2989=ORIENTED_EDGE('',*,*,#2988,.T.);
#2990=CARTESIAN_POINT('',(10.299987299975,-4.4024140656333,18.400028244856));
#2991=VERTEX_POINT('',#2990);
#2992=CARTESIAN_POINT('',(10.199987299975,-4.4024140656333,18.400028244856));
#2993=DIRECTION('',(1.7763568394002E-14,8.8817841970011E-15,-1.));
#2994=DIRECTION('',(5.3606309666181E-15,-1.,-5.3606309666181E-15));
#2995=AXIS2_PLACEMENT_3D('',#2992,#2994,#2993);
#2996=CIRCLE('',#2995,0.1);
#2997=EDGE_CURVE('',#2983,#2991,#2996,.T.);
#2998=ORIENTED_EDGE('',*,*,#2997,.T.);
#2999=CARTESIAN_POINT('',(10.299987299975,-4.4024140656333,20.350028244856));
#3000=VERTEX_POINT('',#2999);
#3001=CARTESIAN_POINT('',(10.299987299975,-4.4024140656333,18.400028244856));
#3002=DIRECTION('',(0.,0.,1.));
#3003=VECTOR('',#3002,1.95);
#3004=LINE('',#3001,#3003);
#3005=EDGE_CURVE('',#2991,#3000,#3004,.T.);
#3006=ORIENTED_EDGE('',*,*,#3005,.T.);
#3007=CARTESIAN_POINT('',(13.799987299975,-4.4024140656333,20.350028244856));
#3008=VERTEX_POINT('',#3007);
#3009=CARTESIAN_POINT('',(10.299987299975,-4.4024140656333,20.350028244856));
#3010=DIRECTION('',(1.,0.,0.));
#3011=VECTOR('',#3010,3.5);
#3012=LINE('',#3009,#3011);
#3013=EDGE_CURVE('',#3000,#3008,#3012,.T.);
#3014=ORIENTED_EDGE('',*,*,#3013,.T.);
#3015=CARTESIAN_POINT('',(13.799987299975,-4.4024140656333,20.350028244856));
#3016=DIRECTION('',(0.,0.,-1.));
#3017=VECTOR('',#3016,4.55);
#3018=LINE('',#3015,#3017);
#3019=EDGE_CURVE('',#3008,#1523,#3018,.T.);
#3020=ORIENTED_EDGE('',*,*,#3019,.T.);
#3021=ORIENTED_EDGE('',*,*,#1552,.F.);
#3022=CARTESIAN_POINT('',(9.2999872999746,-4.4024140656333,18.400028244856));
#3023=VERTEX_POINT('',#3022);
#3024=CARTESIAN_POINT('',(9.2999872999746,-4.4024140656333,15.800028244856));
#3025=DIRECTION('',(0.,0.,1.));
#3026=VECTOR('',#3025,2.6);
#3027=LINE('',#3024,#3026);
#3028=EDGE_CURVE('',#1541,#3023,#3027,.T.);
#3029=ORIENTED_EDGE('',*,*,#3028,.T.);
#3030=CARTESIAN_POINT('',(9.3999872999746,-4.4024140656333,18.400028244856));
#3031=DIRECTION('',(-1.,0.,0.));
#3032=DIRECTION('',(-2.6803154833089E-15,-1.,-2.6803154833089E-15));
#3033=AXIS2_PLACEMENT_3D('',#3030,#3032,#3031);
#3034=CIRCLE('',#3033,0.099999999999997);
#3035=EDGE_CURVE('',#3023,#2981,#3034,.T.);
#3036=ORIENTED_EDGE('',*,*,#3035,.T.);
#3037=EDGE_LOOP('',(#2989,#2998,#3006,#3014,#3020,#3021,#3029,#3036));
#3038=FACE_OUTER_BOUND('',#3037,.T.);
#3039=ADVANCED_FACE('',(#3038),#2979,.T.);
#3040=CARTESIAN_POINT('',(11.099987299975,4.3975859343667,15.800028244856));
#3041=DIRECTION('',(0.,0.,1.));
#3042=DIRECTION('',(0.,-1.,0.));
#3043=AXIS2_PLACEMENT_3D('',#3040,#3042,#3041);
#3044=PLANE('',#3043);
#3045=CARTESIAN_POINT('',(13.799987299975,4.3975859343667,20.350028244856));
#3046=VERTEX_POINT('',#3045);
#3047=CARTESIAN_POINT('',(13.799987299975,4.3975859343667,15.800028244856));
#3048=DIRECTION('',(0.,0.,1.));
#3049=VECTOR('',#3048,4.55);
#3050=LINE('',#3047,#3049);
#3051=EDGE_CURVE('',#1525,#3046,#3050,.T.);
#3052=ORIENTED_EDGE('',*,*,#3051,.T.);
#3053=CARTESIAN_POINT('',(10.299987299975,4.3975859343667,20.350028244856));
#3054=VERTEX_POINT('',#3053);
#3055=CARTESIAN_POINT('',(13.799987299975,4.3975859343667,20.350028244856));
#3056=DIRECTION('',(-1.,0.,0.));
#3057=VECTOR('',#3056,3.5);
#3058=LINE('',#3055,#3057);
#3059=EDGE_CURVE('',#3046,#3054,#3058,.T.);
#3060=ORIENTED_EDGE('',*,*,#3059,.T.);
#3061=CARTESIAN_POINT('',(10.299987299975,4.3975859343667,18.400028244856));
#3062=VERTEX_POINT('',#3061);
#3063=CARTESIAN_POINT('',(10.299987299975,4.3975859343667,20.350028244856));
#3064=DIRECTION('',(0.,0.,-1.));
#3065=VECTOR('',#3064,1.95);
#3066=LINE('',#3063,#3065);
#3067=EDGE_CURVE('',#3054,#3062,#3066,.T.);
#3068=ORIENTED_EDGE('',*,*,#3067,.T.);
#3069=CARTESIAN_POINT('',(10.199987299975,4.3975859343667,18.300028244856));
#3070=VERTEX_POINT('',#3069);
#3071=CARTESIAN_POINT('',(10.199987299975,4.3975859343667,18.400028244856));
#3072=DIRECTION('',(1.,-2.6645352591005E-14,0.));
#3073=DIRECTION('',(2.6803154833089E-14,1.,-2.6803154833089E-14));
#3074=AXIS2_PLACEMENT_3D('',#3071,#3073,#3072);
#3075=CIRCLE('',#3074,0.099999999999997);
#3076=EDGE_CURVE('',#3062,#3070,#3075,.T.);
#3077=ORIENTED_EDGE('',*,*,#3076,.T.);
#3078=CARTESIAN_POINT('',(9.3999872999746,4.3975859343667,18.300028244856));
#3079=VERTEX_POINT('',#3078);
#3080=CARTESIAN_POINT('',(10.199987299975,4.3975859343667,18.300028244856));
#3081=DIRECTION('',(-1.,0.,0.));
#3082=VECTOR('',#3081,0.8000000000004);
#3083=LINE('',#3080,#3082);
#3084=EDGE_CURVE('',#3070,#3079,#3083,.T.);
#3085=ORIENTED_EDGE('',*,*,#3084,.T.);
#3086=CARTESIAN_POINT('',(9.2999872999746,4.3975859343667,18.400028244856));
#3087=VERTEX_POINT('',#3086);
#3088=CARTESIAN_POINT('',(9.3999872999746,4.3975859343667,18.400028244856));
#3089=DIRECTION('',(-1.7763568394002E-14,8.8817841970011E-15,-1.));
#3090=DIRECTION('',(1.0721261933236E-14,1.,1.0721261933236E-14));
#3091=AXIS2_PLACEMENT_3D('',#3088,#3090,#3089);
#3092=CIRCLE('',#3091,0.1);
#3093=EDGE_CURVE('',#3079,#3087,#3092,.T.);
#3094=ORIENTED_EDGE('',*,*,#3093,.T.);
#3095=CARTESIAN_POINT('',(9.2999872999746,4.3975859343667,18.400028244856));
#3096=DIRECTION('',(0.,0.,-1.));
#3097=VECTOR('',#3096,2.6);
#3098=LINE('',#3095,#3097);
#3099=EDGE_CURVE('',#3087,#1533,#3098,.T.);
#3100=ORIENTED_EDGE('',*,*,#3099,.T.);
#3101=ORIENTED_EDGE('',*,*,#1538,.F.);
#3102=EDGE_LOOP('',(#3052,#3060,#3068,#3077,#3085,#3094,#3100,#3101));
#3103=FACE_OUTER_BOUND('',#3102,.T.);
#3104=ADVANCED_FACE('',(#3103),#3044,.T.);
#3105=CARTESIAN_POINT('',(11.099987299975,-2.5024140656333,13.800028244856));
#3106=DIRECTION('',(0.,1.,0.));
#3107=DIRECTION('',(0.,0.,-1.));
#3108=AXIS2_PLACEMENT_3D('',#3105,#3107,#3106);
#3109=PLANE('',#3108);
#3110=CARTESIAN_POINT('',(14.399987299975,-3.3524140656333,13.800028244856));
#3111=VERTEX_POINT('',#3110);
#3112=CARTESIAN_POINT('',(14.399987299975,-4.9024140656333,13.800028244856));
#3113=VERTEX_POINT('',#3112);
#3114=CARTESIAN_POINT('',(14.399987299975,-3.3524140656333,13.800028244856));
#3115=DIRECTION('',(0.,-1.,0.));
#3116=VECTOR('',#3115,1.55);
#3117=LINE('',#3114,#3116);
#3118=EDGE_CURVE('',#3111,#3113,#3117,.T.);
#3119=ORIENTED_EDGE('',*,*,#3118,.T.);
#3120=CARTESIAN_POINT('',(8.6999872999746,-4.9024140656333,13.800028244856));
#3121=VERTEX_POINT('',#3120);
#3122=CARTESIAN_POINT('',(14.399987299975,-4.9024140656333,13.800028244856));
#3123=DIRECTION('',(-1.,0.,0.));
#3124=VECTOR('',#3123,5.7000000000004);
#3125=LINE('',#3122,#3124);
#3126=EDGE_CURVE('',#3113,#3121,#3125,.T.);
#3127=ORIENTED_EDGE('',*,*,#3126,.T.);
#3128=CARTESIAN_POINT('',(8.6999872999746,-3.3524140656333,13.800028244856));
#3129=VERTEX_POINT('',#3128);
#3130=CARTESIAN_POINT('',(8.6999872999746,-4.9024140656333,13.800028244856));
#3131=DIRECTION('',(0.,1.,0.));
#3132=VECTOR('',#3131,1.55);
#3133=LINE('',#3130,#3132);
#3134=EDGE_CURVE('',#3121,#3129,#3133,.T.);
#3135=ORIENTED_EDGE('',*,*,#3134,.T.);
#3136=CARTESIAN_POINT('',(8.6999872999746,-3.3524140656333,13.800028244856));
#3137=DIRECTION('',(1.,0.,0.));
#3138=VECTOR('',#3137,5.7000000000004);
#3139=LINE('',#3136,#3138);
#3140=EDGE_CURVE('',#3129,#3111,#3139,.T.);
#3141=ORIENTED_EDGE('',*,*,#3140,.T.);
#3142=EDGE_LOOP('',(#3119,#3127,#3135,#3141));
#3143=FACE_OUTER_BOUND('',#3142,.T.);
#3144=ADVANCED_FACE('',(#3143),#3109,.T.);
#3145=CARTESIAN_POINT('',(11.099987299975,-2.5024140656333,20.800028244856));
#3146=DIRECTION('',(0.,1.,0.));
#3147=DIRECTION('',(0.,-0.,1.));
#3148=AXIS2_PLACEMENT_3D('',#3145,#3147,#3146);
#3149=PLANE('',#3148);
#3150=CARTESIAN_POINT('',(9.2999872999746,-1.8024140656333,20.800028244856));
#3151=VERTEX_POINT('',#3150);
#3152=CARTESIAN_POINT('',(9.2999872999746,1.7975859343667,20.800028244856));
#3153=VERTEX_POINT('',#3152);
#3154=CARTESIAN_POINT('',(9.2999872999746,-1.8024140656333,20.800028244856));
#3155=DIRECTION('',(0.,1.,0.));
#3156=VECTOR('',#3155,3.6);
#3157=LINE('',#3154,#3156);
#3158=EDGE_CURVE('',#3151,#3153,#3157,.T.);
#3159=ORIENTED_EDGE('',*,*,#3158,.T.);
#3160=CARTESIAN_POINT('',(8.6999872999746,1.7975859343667,20.800028244856));
#3161=VERTEX_POINT('',#3160);
#3162=CARTESIAN_POINT('',(9.2999872999746,1.7975859343667,20.800028244856));
#3163=DIRECTION('',(-1.,0.,0.));
#3164=VECTOR('',#3163,0.6);
#3165=LINE('',#3162,#3164);
#3166=EDGE_CURVE('',#3153,#3161,#3165,.T.);
#3167=ORIENTED_EDGE('',*,*,#3166,.T.);
#3168=CARTESIAN_POINT('',(8.6999872999746,-1.8024140656333,20.800028244856));
#3169=VERTEX_POINT('',#3168);
#3170=CARTESIAN_POINT('',(8.6999872999746,1.7975859343667,20.800028244856));
#3171=DIRECTION('',(0.,-1.,0.));
#3172=VECTOR('',#3171,3.6);
#3173=LINE('',#3170,#3172);
#3174=EDGE_CURVE('',#3161,#3169,#3173,.T.);
#3175=ORIENTED_EDGE('',*,*,#3174,.T.);
#3176=CARTESIAN_POINT('',(8.6999872999746,-1.8024140656333,20.800028244856));
#3177=DIRECTION('',(1.,0.,0.));
#3178=VECTOR('',#3177,0.6);
#3179=LINE('',#3176,#3178);
#3180=EDGE_CURVE('',#3169,#3151,#3179,.T.);
#3181=ORIENTED_EDGE('',*,*,#3180,.T.);
#3182=EDGE_LOOP('',(#3159,#3167,#3175,#3181));
#3183=FACE_OUTER_BOUND('',#3182,.T.);
#3184=ADVANCED_FACE('',(#3183),#3149,.T.);
#3185=CARTESIAN_POINT('',(8.6999872999746,-5.0024140656333,20.800028244856));
#3186=DIRECTION('',(0.,0.,-1.));
#3187=DIRECTION('',(-1.,-0.,-0.));
#3188=AXIS2_PLACEMENT_3D('',#3185,#3187,#3186);
#3189=PLANE('',#3188);
#3190=ORIENTED_EDGE('',*,*,#2364,.F.);
#3191=CARTESIAN_POINT('',(8.6999872999746,-0.85241406563327,14.300028244856));
#3192=DIRECTION('',(0.,0.,-1.));
#3193=VECTOR('',#3192,0.5);
#3194=LINE('',#3191,#3193);
#3195=EDGE_CURVE('',#2351,#2461,#3194,.T.);
#3196=ORIENTED_EDGE('',*,*,#3195,.T.);
#3197=ORIENTED_EDGE('',*,*,#2466,.F.);
#3198=CARTESIAN_POINT('',(8.6999872999746,-1.6524140656333,13.800028244856));
#3199=DIRECTION('',(0.,0.,1.));
#3200=VECTOR('',#3199,0.5);
#3201=LINE('',#3198,#3200);
#3202=EDGE_CURVE('',#2459,#2549,#3201,.T.);
#3203=ORIENTED_EDGE('',*,*,#3202,.T.);
#3204=ORIENTED_EDGE('',*,*,#2554,.F.);
#3205=CARTESIAN_POINT('',(8.6999872999746,-3.3524140656333,14.300028244856));
#3206=DIRECTION('',(0.,0.,-1.));
#3207=VECTOR('',#3206,0.5);
#3208=LINE('',#3205,#3207);
#3209=EDGE_CURVE('',#2541,#3129,#3208,.T.);
#3210=ORIENTED_EDGE('',*,*,#3209,.T.);
#3211=ORIENTED_EDGE('',*,*,#3134,.F.);
#3212=CARTESIAN_POINT('',(8.6999872999746,-4.9024140656333,13.800028244856));
#3213=DIRECTION('',(0.,0.,1.));
#3214=VECTOR('',#3213,7.);
#3215=LINE('',#3212,#3214);
#3216=EDGE_CURVE('',#3121,#2651,#3215,.T.);
#3217=ORIENTED_EDGE('',*,*,#3216,.T.);
#3218=ORIENTED_EDGE('',*,*,#2656,.F.);
#3219=CARTESIAN_POINT('',(8.6999872999746,-2.8024140656333,17.200028244856));
#3220=VERTEX_POINT('',#3219);
#3221=CARTESIAN_POINT('',(8.6999872999746,-2.8024140656333,20.800028244856));
#3222=DIRECTION('',(0.,0.,-1.));
#3223=VECTOR('',#3222,3.6);
#3224=LINE('',#3221,#3223);
#3225=EDGE_CURVE('',#2649,#3220,#3224,.T.);
#3226=ORIENTED_EDGE('',*,*,#3225,.T.);
#3227=CARTESIAN_POINT('',(8.6999872999746,-2.7024140656333,17.100028244856));
#3228=VERTEX_POINT('',#3227);
#3229=CARTESIAN_POINT('',(8.6999872999746,-2.7024140656333,17.200028244856));
#3230=DIRECTION('',(1.7763568394002E-14,-1.,0.));
#3231=DIRECTION('',(1.,1.0721261933236E-14,1.0721261933236E-14));
#3232=AXIS2_PLACEMENT_3D('',#3229,#3231,#3230);
#3233=CIRCLE('',#3232,0.1);
#3234=EDGE_CURVE('',#3220,#3228,#3233,.T.);
#3235=ORIENTED_EDGE('',*,*,#3234,.T.);
#3236=CARTESIAN_POINT('',(8.6999872999746,-1.9024140656333,17.100028244856));
#3237=VERTEX_POINT('',#3236);
#3238=CARTESIAN_POINT('',(8.6999872999746,-2.7024140656333,17.100028244856));
#3239=DIRECTION('',(0.,1.,0.));
#3240=VECTOR('',#3239,0.8);
#3241=LINE('',#3238,#3240);
#3242=EDGE_CURVE('',#3228,#3237,#3241,.T.);
#3243=ORIENTED_EDGE('',*,*,#3242,.T.);
#3244=CARTESIAN_POINT('',(8.6999872999746,-1.8024140656333,17.200028244856));
#3245=VERTEX_POINT('',#3244);
#3246=CARTESIAN_POINT('',(8.6999872999746,-1.9024140656333,17.200028244856));
#3247=DIRECTION('',(1.7763568394002E-14,-4.4408920985006E-15,-1.));
#3248=DIRECTION('',(1.,-1.6081892899853E-14,1.6081892899853E-14));
#3249=AXIS2_PLACEMENT_3D('',#3246,#3248,#3247);
#3250=CIRCLE('',#3249,0.1);
#3251=EDGE_CURVE('',#3237,#3245,#3250,.T.);
#3252=ORIENTED_EDGE('',*,*,#3251,.T.);
#3253=CARTESIAN_POINT('',(8.6999872999746,-1.8024140656333,17.200028244856));
#3254=DIRECTION('',(0.,0.,1.));
#3255=VECTOR('',#3254,3.6);
#3256=LINE('',#3253,#3255);
#3257=EDGE_CURVE('',#3245,#3169,#3256,.T.);
#3258=ORIENTED_EDGE('',*,*,#3257,.T.);
#3259=ORIENTED_EDGE('',*,*,#3174,.F.);
#3260=CARTESIAN_POINT('',(8.6999872999746,1.7975859343667,17.200028244856));
#3261=VERTEX_POINT('',#3260);
#3262=CARTESIAN_POINT('',(8.6999872999746,1.7975859343667,20.800028244856));
#3263=DIRECTION('',(0.,0.,-1.));
#3264=VECTOR('',#3263,3.6);
#3265=LINE('',#3262,#3264);
#3266=EDGE_CURVE('',#3161,#3261,#3265,.T.);
#3267=ORIENTED_EDGE('',*,*,#3266,.T.);
#3268=CARTESIAN_POINT('',(8.6999872999746,1.8975859343667,17.100028244856));
#3269=VERTEX_POINT('',#3268);
#3270=CARTESIAN_POINT('',(8.6999872999746,1.8975859343667,17.200028244856));
#3271=DIRECTION('',(1.7763568394002E-14,-1.,0.));
#3272=DIRECTION('',(1.,1.0721261933236E-14,1.0721261933236E-14));
#3273=AXIS2_PLACEMENT_3D('',#3270,#3272,#3271);
#3274=CIRCLE('',#3273,0.1);
#3275=EDGE_CURVE('',#3261,#3269,#3274,.T.);
#3276=ORIENTED_EDGE('',*,*,#3275,.T.);
#3277=CARTESIAN_POINT('',(8.6999872999746,2.6975859343667,17.100028244856));
#3278=VERTEX_POINT('',#3277);
#3279=CARTESIAN_POINT('',(8.6999872999746,1.8975859343667,17.100028244856));
#3280=DIRECTION('',(0.,1.,0.));
#3281=VECTOR('',#3280,0.8);
#3282=LINE('',#3279,#3281);
#3283=EDGE_CURVE('',#3269,#3278,#3282,.T.);
#3284=ORIENTED_EDGE('',*,*,#3283,.T.);
#3285=CARTESIAN_POINT('',(8.6999872999746,2.7975859343667,17.200028244856));
#3286=VERTEX_POINT('',#3285);
#3287=CARTESIAN_POINT('',(8.6999872999746,2.6975859343667,17.200028244856));
#3288=DIRECTION('',(-1.7763568394003E-14,-4.4408920985007E-15,-1.));
#3289=DIRECTION('',(1.,2.6803154833089E-14,-2.6803154833089E-14));
#3290=AXIS2_PLACEMENT_3D('',#3287,#3289,#3288);
#3291=CIRCLE('',#3290,0.1);
#3292=EDGE_CURVE('',#3278,#3286,#3291,.T.);
#3293=ORIENTED_EDGE('',*,*,#3292,.T.);
#3294=CARTESIAN_POINT('',(8.6999872999746,2.7975859343667,17.200028244856));
#3295=DIRECTION('',(0.,0.,1.));
#3296=VECTOR('',#3295,3.6);
#3297=LINE('',#3294,#3296);
#3298=EDGE_CURVE('',#3286,#2717,#3297,.T.);
#3299=ORIENTED_EDGE('',*,*,#3298,.T.);
#3300=ORIENTED_EDGE('',*,*,#2722,.F.);
#3301=CARTESIAN_POINT('',(8.6999872999746,4.8975859343667,13.800028244856));
#3302=VERTEX_POINT('',#3301);
#3303=CARTESIAN_POINT('',(8.6999872999746,4.8975859343667,20.800028244856));
#3304=DIRECTION('',(0.,0.,-1.));
#3305=VECTOR('',#3304,7.);
#3306=LINE('',#3303,#3305);
#3307=EDGE_CURVE('',#2708,#3302,#3306,.T.);
#3308=ORIENTED_EDGE('',*,*,#3307,.T.);
#3309=CARTESIAN_POINT('',(8.6999872999746,3.3475859343667,13.800028244856));
#3310=VERTEX_POINT('',#3309);
#3311=CARTESIAN_POINT('',(8.6999872999746,4.8975859343667,13.800028244856));
#3312=DIRECTION('',(0.,-1.,0.));
#3313=VECTOR('',#3312,1.55);
#3314=LINE('',#3311,#3313);
#3315=EDGE_CURVE('',#3302,#3310,#3314,.T.);
#3316=ORIENTED_EDGE('',*,*,#3315,.T.);
#3317=CARTESIAN_POINT('',(8.6999872999746,3.3475859343667,13.800028244856));
#3318=DIRECTION('',(0.,0.,1.));
#3319=VECTOR('',#3318,0.5);
#3320=LINE('',#3317,#3319);
#3321=EDGE_CURVE('',#3310,#2249,#3320,.T.);
#3322=ORIENTED_EDGE('',*,*,#3321,.T.);
#3323=ORIENTED_EDGE('',*,*,#2254,.F.);
#3324=CARTESIAN_POINT('',(8.6999872999746,1.6475859343667,14.300028244856));
#3325=DIRECTION('',(0.,0.,-1.));
#3326=VECTOR('',#3325,0.5);
#3327=LINE('',#3324,#3326);
#3328=EDGE_CURVE('',#2241,#2517,#3327,.T.);
#3329=ORIENTED_EDGE('',*,*,#3328,.T.);
#3330=ORIENTED_EDGE('',*,*,#2522,.F.);
#3331=CARTESIAN_POINT('',(8.6999872999746,0.84758593436673,13.800028244856));
#3332=DIRECTION('',(0.,0.,1.));
#3333=VECTOR('',#3332,0.5);
#3334=LINE('',#3331,#3333);
#3335=EDGE_CURVE('',#2509,#2359,#3334,.T.);
#3336=ORIENTED_EDGE('',*,*,#3335,.T.);
#3337=EDGE_LOOP('',(#3190,#3196,#3197,#3203,#3204,#3210,#3211,#3217,#3218,#3226,#3235,#3243,#3252,#3258,#3259,#3267,#3276,#3284,#3293,#3299,#3300,#3308,#3316,#3322,#3323,#3329,#3330,#3336));
#3338=FACE_OUTER_BOUND('',#3337,.T.);
#3339=ADVANCED_FACE('',(#3338),#3189,.T.);
#3340=CARTESIAN_POINT('',(9.2999872999746,-2.5024140656333,15.800028244856));
#3341=DIRECTION('',(0.,0.,-1.));
#3342=DIRECTION('',(1.,-0.,0.));
#3343=AXIS2_PLACEMENT_3D('',#3340,#3342,#3341);
#3344=PLANE('',#3343);
#3345=ORIENTED_EDGE('',*,*,#3099,.F.);
#3346=CARTESIAN_POINT('',(9.2999872999746,4.3975859343667,18.400028244856));
#3347=DIRECTION('',(0.,1.,0.));
#3348=VECTOR('',#3347,0.6);
#3349=LINE('',#3346,#3348);
#3350=EDGE_CURVE('',#3087,#2933,#3349,.T.);
#3351=ORIENTED_EDGE('',*,*,#3350,.T.);
#3352=ORIENTED_EDGE('',*,*,#2938,.F.);
#3353=ORIENTED_EDGE('',*,*,#2736,.F.);
#3354=CARTESIAN_POINT('',(9.2999872999746,2.7975859343667,17.200028244856));
#3355=VERTEX_POINT('',#3354);
#3356=CARTESIAN_POINT('',(9.2999872999746,2.7975859343667,20.800028244856));
#3357=DIRECTION('',(0.,0.,-1.));
#3358=VECTOR('',#3357,3.6);
#3359=LINE('',#3356,#3358);
#3360=EDGE_CURVE('',#2725,#3355,#3359,.T.);
#3361=ORIENTED_EDGE('',*,*,#3360,.T.);
#3362=CARTESIAN_POINT('',(9.2999872999746,2.6975859343667,17.100028244856));
#3363=VERTEX_POINT('',#3362);
#3364=CARTESIAN_POINT('',(9.2999872999746,2.6975859343667,17.200028244856));
#3365=DIRECTION('',(0.,1.,0.));
#3366=DIRECTION('',(-1.,-5.360630966618E-15,5.3606309666179E-15));
#3367=AXIS2_PLACEMENT_3D('',#3364,#3366,#3365);
#3368=CIRCLE('',#3367,0.1);
#3369=EDGE_CURVE('',#3355,#3363,#3368,.T.);
#3370=ORIENTED_EDGE('',*,*,#3369,.T.);
#3371=CARTESIAN_POINT('',(9.2999872999746,1.8975859343667,17.100028244856));
#3372=VERTEX_POINT('',#3371);
#3373=CARTESIAN_POINT('',(9.2999872999746,2.6975859343667,17.100028244856));
#3374=DIRECTION('',(0.,-1.,0.));
#3375=VECTOR('',#3374,0.8);
#3376=LINE('',#3373,#3375);
#3377=EDGE_CURVE('',#3363,#3372,#3376,.T.);
#3378=ORIENTED_EDGE('',*,*,#3377,.T.);
#3379=CARTESIAN_POINT('',(9.2999872999746,1.7975859343667,17.200028244856));
#3380=VERTEX_POINT('',#3379);
#3381=CARTESIAN_POINT('',(9.2999872999746,1.8975859343667,17.200028244856));
#3382=DIRECTION('',(0.,8.8817841970014E-15,-1.));
#3383=DIRECTION('',(-1.,1.0721261933235E-14,1.0721261933235E-14));
#3384=AXIS2_PLACEMENT_3D('',#3381,#3383,#3382);
#3385=CIRCLE('',#3384,0.1);
#3386=EDGE_CURVE('',#3372,#3380,#3385,.T.);
#3387=ORIENTED_EDGE('',*,*,#3386,.T.);
#3388=CARTESIAN_POINT('',(9.2999872999746,1.7975859343667,17.200028244856));
#3389=DIRECTION('',(0.,0.,1.));
#3390=VECTOR('',#3389,3.6);
#3391=LINE('',#3388,#3390);
#3392=EDGE_CURVE('',#3380,#3153,#3391,.T.);
#3393=ORIENTED_EDGE('',*,*,#3392,.T.);
#3394=ORIENTED_EDGE('',*,*,#3158,.F.);
#3395=CARTESIAN_POINT('',(9.2999872999746,-1.8024140656333,17.200028244856));
#3396=VERTEX_POINT('',#3395);
#3397=CARTESIAN_POINT('',(9.2999872999746,-1.8024140656333,20.800028244856));
#3398=DIRECTION('',(0.,0.,-1.));
#3399=VECTOR('',#3398,3.6);
#3400=LINE('',#3397,#3399);
#3401=EDGE_CURVE('',#3151,#3396,#3400,.T.);
#3402=ORIENTED_EDGE('',*,*,#3401,.T.);
#3403=CARTESIAN_POINT('',(9.2999872999746,-1.9024140656333,17.100028244856));
#3404=VERTEX_POINT('',#3403);
#3405=CARTESIAN_POINT('',(9.2999872999746,-1.9024140656333,17.200028244856));
#3406=DIRECTION('',(0.,1.,0.));
#3407=DIRECTION('',(-1.,-0.,0.));
#3408=AXIS2_PLACEMENT_3D('',#3405,#3407,#3406);
#3409=CIRCLE('',#3408,0.1);
#3410=EDGE_CURVE('',#3396,#3404,#3409,.T.);
#3411=ORIENTED_EDGE('',*,*,#3410,.T.);
#3412=CARTESIAN_POINT('',(9.2999872999746,-2.7024140656333,17.100028244856));
#3413=VERTEX_POINT('',#3412);
#3414=CARTESIAN_POINT('',(9.2999872999746,-1.9024140656333,17.100028244856));
#3415=DIRECTION('',(0.,-1.,0.));
#3416=VECTOR('',#3415,0.8);
#3417=LINE('',#3414,#3416);
#3418=EDGE_CURVE('',#3404,#3413,#3417,.T.);
#3419=ORIENTED_EDGE('',*,*,#3418,.T.);
#3420=CARTESIAN_POINT('',(9.2999872999746,-2.8024140656333,17.200028244856));
#3421=VERTEX_POINT('',#3420);
#3422=CARTESIAN_POINT('',(9.2999872999746,-2.7024140656333,17.200028244856));
#3423=DIRECTION('',(0.,4.4408920985006E-15,-1.));
#3424=DIRECTION('',(-1.,-1.0721261933236E-14,-1.0721261933236E-14));
#3425=AXIS2_PLACEMENT_3D('',#3422,#3424,#3423);
#3426=CIRCLE('',#3425,0.1);
#3427=EDGE_CURVE('',#3413,#3421,#3426,.T.);
#3428=ORIENTED_EDGE('',*,*,#3427,.T.);
#3429=CARTESIAN_POINT('',(9.2999872999746,-2.8024140656333,17.200028244856));
#3430=DIRECTION('',(0.,0.,1.));
#3431=VECTOR('',#3430,3.6);
#3432=LINE('',#3429,#3431);
#3433=EDGE_CURVE('',#3421,#2676,#3432,.T.);
#3434=ORIENTED_EDGE('',*,*,#3433,.T.);
#3435=ORIENTED_EDGE('',*,*,#2681,.F.);
#3436=ORIENTED_EDGE('',*,*,#2891,.F.);
#3437=CARTESIAN_POINT('',(9.2999872999746,-5.0024140656333,18.400028244856));
#3438=DIRECTION('',(0.,1.,0.));
#3439=VECTOR('',#3438,0.6);
#3440=LINE('',#3437,#3439);
#3441=EDGE_CURVE('',#2879,#3023,#3440,.T.);
#3442=ORIENTED_EDGE('',*,*,#3441,.T.);
#3443=ORIENTED_EDGE('',*,*,#3028,.F.);
#3444=ORIENTED_EDGE('',*,*,#1546,.F.);
#3445=EDGE_LOOP('',(#3345,#3351,#3352,#3353,#3361,#3370,#3378,#3387,#3393,#3394,#3402,#3411,#3419,#3428,#3434,#3435,#3436,#3442,#3443,#3444));
#3446=FACE_OUTER_BOUND('',#3445,.T.);
#3447=ADVANCED_FACE('',(#3446),#3344,.T.);
#3448=CARTESIAN_POINT('',(14.399987299975,-5.0024140656333,20.800028244856));
#3449=DIRECTION('',(0.,0.,1.));
#3450=DIRECTION('',(1.,-1.794299837778E-16,0.));
#3451=AXIS2_PLACEMENT_3D('',#3448,#3450,#3449);
#3452=PLANE('',#3451);
#3453=ORIENTED_EDGE('',*,*,#2482,.F.);
#3454=CARTESIAN_POINT('',(14.399987299975,-0.85241406563327,13.800028244856));
#3455=DIRECTION('',(0.,0.,1.));
#3456=VECTOR('',#3455,0.5);
#3457=LINE('',#3454,#3456);
#3458=EDGE_CURVE('',#2469,#2349,#3457,.T.);
#3459=ORIENTED_EDGE('',*,*,#3458,.T.);
#3460=ORIENTED_EDGE('',*,*,#2378,.F.);
#3461=CARTESIAN_POINT('',(14.399987299975,0.84758593436673,14.300028244856));
#3462=DIRECTION('',(0.,0.,-1.));
#3463=VECTOR('',#3462,0.5);
#3464=LINE('',#3461,#3463);
#3465=EDGE_CURVE('',#2367,#2501,#3464,.T.);
#3466=ORIENTED_EDGE('',*,*,#3465,.T.);
#3467=ORIENTED_EDGE('',*,*,#2506,.F.);
#3468=CARTESIAN_POINT('',(14.399987299975,1.6475859343667,13.800028244856));
#3469=DIRECTION('',(0.,0.,1.));
#3470=VECTOR('',#3469,0.5);
#3471=LINE('',#3468,#3470);
#3472=EDGE_CURVE('',#2499,#2239,#3471,.T.);
#3473=ORIENTED_EDGE('',*,*,#3472,.T.);
#3474=ORIENTED_EDGE('',*,*,#2268,.F.);
#3475=CARTESIAN_POINT('',(14.399987299975,3.3475859343667,13.800028244856));
#3476=VERTEX_POINT('',#3475);
#3477=CARTESIAN_POINT('',(14.399987299975,3.3475859343667,14.300028244856));
#3478=DIRECTION('',(0.,0.,-1.));
#3479=VECTOR('',#3478,0.5);
#3480=LINE('',#3477,#3479);
#3481=EDGE_CURVE('',#2257,#3476,#3480,.T.);
#3482=ORIENTED_EDGE('',*,*,#3481,.T.);
#3483=CARTESIAN_POINT('',(14.399987299975,4.8975859343667,13.800028244856));
#3484=VERTEX_POINT('',#3483);
#3485=CARTESIAN_POINT('',(14.399987299975,3.3475859343667,13.800028244856));
#3486=DIRECTION('',(0.,1.,0.));
#3487=VECTOR('',#3486,1.55);
#3488=LINE('',#3485,#3487);
#3489=EDGE_CURVE('',#3476,#3484,#3488,.T.);
#3490=ORIENTED_EDGE('',*,*,#3489,.T.);
#3491=CARTESIAN_POINT('',(14.399987299975,4.8975859343667,13.800028244856));
#3492=DIRECTION('',(0.,0.,1.));
#3493=VECTOR('',#3492,7.);
#3494=LINE('',#3491,#3493);
#3495=EDGE_CURVE('',#3484,#2749,#3494,.T.);
#3496=ORIENTED_EDGE('',*,*,#3495,.T.);
#3497=ORIENTED_EDGE('',*,*,#2754,.F.);
#3498=CARTESIAN_POINT('',(14.399987299975,-4.9024140656333,20.800028244856));
#3499=DIRECTION('',(0.,0.,-1.));
#3500=VECTOR('',#3499,7.);
#3501=LINE('',#3498,#3500);
#3502=EDGE_CURVE('',#2747,#3113,#3501,.T.);
#3503=ORIENTED_EDGE('',*,*,#3502,.T.);
#3504=ORIENTED_EDGE('',*,*,#3118,.F.);
#3505=CARTESIAN_POINT('',(14.399987299975,-3.3524140656333,13.800028244856));
#3506=DIRECTION('',(0.,0.,1.));
#3507=VECTOR('',#3506,0.5);
#3508=LINE('',#3505,#3507);
#3509=EDGE_CURVE('',#3111,#2539,#3508,.T.);
#3510=ORIENTED_EDGE('',*,*,#3509,.T.);
#3511=ORIENTED_EDGE('',*,*,#2568,.F.);
#3512=CARTESIAN_POINT('',(14.399987299975,-1.6524140656333,14.300028244856));
#3513=DIRECTION('',(0.,0.,-1.));
#3514=VECTOR('',#3513,0.5);
#3515=LINE('',#3512,#3514);
#3516=EDGE_CURVE('',#2557,#2477,#3515,.T.);
#3517=ORIENTED_EDGE('',*,*,#3516,.T.);
#3518=EDGE_LOOP('',(#3453,#3459,#3460,#3466,#3467,#3473,#3474,#3482,#3490,#3496,#3497,#3503,#3504,#3510,#3511,#3517));
#3519=FACE_OUTER_BOUND('',#3518,.T.);
#3520=ADVANCED_FACE('',(#3519),#3452,.T.);
#3521=CARTESIAN_POINT('',(11.099987299975,-2.5024140656333,13.800028244856));
#3522=DIRECTION('',(1.2002411077029E-16,1.,0.));
#3523=DIRECTION('',(0.,0.,-1.));
#3524=AXIS2_PLACEMENT_3D('',#3521,#3523,#3522);
#3525=PLANE('',#3524);
#3526=ORIENTED_EDGE('',*,*,#3489,.F.);
#3527=CARTESIAN_POINT('',(14.399987299975,3.3475859343667,13.800028244856));
#3528=DIRECTION('',(-1.,0.,0.));
#3529=VECTOR('',#3528,5.7000000000004);
#3530=LINE('',#3527,#3529);
#3531=EDGE_CURVE('',#3476,#3310,#3530,.T.);
#3532=ORIENTED_EDGE('',*,*,#3531,.T.);
#3533=ORIENTED_EDGE('',*,*,#3315,.F.);
#3534=CARTESIAN_POINT('',(8.6999872999746,4.8975859343667,13.800028244856));
#3535=DIRECTION('',(1.,0.,0.));
#3536=VECTOR('',#3535,5.7000000000004);
#3537=LINE('',#3534,#3536);
#3538=EDGE_CURVE('',#3302,#3484,#3537,.T.);
#3539=ORIENTED_EDGE('',*,*,#3538,.T.);
#3540=EDGE_LOOP('',(#3526,#3532,#3533,#3539));
#3541=FACE_OUTER_BOUND('',#3540,.T.);
#3542=ADVANCED_FACE('',(#3541),#3525,.T.);
#3543=CARTESIAN_POINT('',(13.799987299975,-2.5024140656333,15.800028244856));
#3544=DIRECTION('',(0.,0.,1.));
#3545=DIRECTION('',(-1.,2.5744302020293E-16,0.));
#3546=AXIS2_PLACEMENT_3D('',#3543,#3545,#3544);
#3547=PLANE('',#3546);
#3548=ORIENTED_EDGE('',*,*,#3019,.F.);
#3549=CARTESIAN_POINT('',(13.799987299975,-4.4024140656333,20.350028244856));
#3550=DIRECTION('',(0.,1.,0.));
#3551=VECTOR('',#3550,8.8);
#3552=LINE('',#3549,#3551);
#3553=EDGE_CURVE('',#3008,#3046,#3552,.T.);
#3554=ORIENTED_EDGE('',*,*,#3553,.T.);
#3555=ORIENTED_EDGE('',*,*,#3051,.F.);
#3556=ORIENTED_EDGE('',*,*,#1530,.F.);
#3557=EDGE_LOOP('',(#3548,#3554,#3555,#3556));
#3558=FACE_OUTER_BOUND('',#3557,.T.);
#3559=ADVANCED_FACE('',(#3558),#3547,.T.);
#3560=CARTESIAN_POINT('',(11.099987299975,-2.8024140656333,17.100028244856));
#3561=DIRECTION('',(-1.,5.5511151231249E-16,0.));
#3562=DIRECTION('',(5.5511151231249E-16,1.,-0.));
#3563=AXIS2_PLACEMENT_3D('',#3560,#3562,#3561);
#3564=PLANE('',#3563);
#3565=ORIENTED_EDGE('',*,*,#3433,.F.);
#3566=CARTESIAN_POINT('',(9.2999872999746,-2.8024140656333,17.200028244856));
#3567=DIRECTION('',(-1.,0.,0.));
#3568=VECTOR('',#3567,0.6);
#3569=LINE('',#3566,#3568);
#3570=EDGE_CURVE('',#3421,#3220,#3569,.T.);
#3571=ORIENTED_EDGE('',*,*,#3570,.T.);
#3572=ORIENTED_EDGE('',*,*,#3225,.F.);
#3573=ORIENTED_EDGE('',*,*,#2687,.F.);
#3574=EDGE_LOOP('',(#3565,#3571,#3572,#3573));
#3575=FACE_OUTER_BOUND('',#3574,.T.);
#3576=ADVANCED_FACE('',(#3575),#3564,.T.);
#3577=CARTESIAN_POINT('',(11.099987299975,-1.8024140656333,17.100028244856));
#3578=DIRECTION('',(1.,-2.9605947323333E-15,0.));
#3579=DIRECTION('',(-2.9605947323333E-15,-1.,0.));
#3580=AXIS2_PLACEMENT_3D('',#3577,#3579,#3578);
#3581=PLANE('',#3580);
#3582=ORIENTED_EDGE('',*,*,#3257,.F.);
#3583=CARTESIAN_POINT('',(8.6999872999746,-1.8024140656333,17.200028244856));
#3584=DIRECTION('',(1.,0.,0.));
#3585=VECTOR('',#3584,0.6);
#3586=LINE('',#3583,#3585);
#3587=EDGE_CURVE('',#3245,#3396,#3586,.T.);
#3588=ORIENTED_EDGE('',*,*,#3587,.T.);
#3589=ORIENTED_EDGE('',*,*,#3401,.F.);
#3590=ORIENTED_EDGE('',*,*,#3180,.F.);
#3591=EDGE_LOOP('',(#3582,#3588,#3589,#3590));
#3592=FACE_OUTER_BOUND('',#3591,.T.);
#3593=ADVANCED_FACE('',(#3592),#3581,.T.);
#3594=CARTESIAN_POINT('',(11.099987299975,-2.5024140656333,17.100028244856));
#3595=DIRECTION('',(0.,-1.,0.));
#3596=DIRECTION('',(-0.,0.,1.));
#3597=AXIS2_PLACEMENT_3D('',#3594,#3596,#3595);
#3598=PLANE('',#3597);
#3599=ORIENTED_EDGE('',*,*,#3418,.F.);
#3600=CARTESIAN_POINT('',(9.2999872999746,-1.9024140656333,17.100028244856));
#3601=DIRECTION('',(-1.,0.,0.));
#3602=VECTOR('',#3601,0.6);
#3603=LINE('',#3600,#3602);
#3604=EDGE_CURVE('',#3404,#3237,#3603,.T.);
#3605=ORIENTED_EDGE('',*,*,#3604,.T.);
#3606=ORIENTED_EDGE('',*,*,#3242,.F.);
#3607=CARTESIAN_POINT('',(8.6999872999746,-2.7024140656333,17.100028244856));
#3608=DIRECTION('',(1.,0.,0.));
#3609=VECTOR('',#3608,0.6);
#3610=LINE('',#3607,#3609);
#3611=EDGE_CURVE('',#3228,#3413,#3610,.T.);
#3612=ORIENTED_EDGE('',*,*,#3611,.T.);
#3613=EDGE_LOOP('',(#3599,#3605,#3606,#3612));
#3614=FACE_OUTER_BOUND('',#3613,.T.);
#3615=ADVANCED_FACE('',(#3614),#3598,.T.);
#3616=CARTESIAN_POINT('',(11.099987299975,1.7975859343667,17.100028244856));
#3617=DIRECTION('',(0.,0.,-1.));
#3618=DIRECTION('',(0.,1.,0.));
#3619=AXIS2_PLACEMENT_3D('',#3616,#3618,#3617);
#3620=PLANE('',#3619);
#3621=ORIENTED_EDGE('',*,*,#3392,.F.);
#3622=CARTESIAN_POINT('',(9.2999872999746,1.7975859343667,17.200028244856));
#3623=DIRECTION('',(-1.,0.,0.));
#3624=VECTOR('',#3623,0.6);
#3625=LINE('',#3622,#3624);
#3626=EDGE_CURVE('',#3380,#3261,#3625,.T.);
#3627=ORIENTED_EDGE('',*,*,#3626,.T.);
#3628=ORIENTED_EDGE('',*,*,#3266,.F.);
#3629=ORIENTED_EDGE('',*,*,#3166,.F.);
#3630=EDGE_LOOP('',(#3621,#3627,#3628,#3629));
#3631=FACE_OUTER_BOUND('',#3630,.T.);
#3632=ADVANCED_FACE('',(#3631),#3620,.T.);
#3633=CARTESIAN_POINT('',(11.099987299975,2.7975859343667,17.100028244856));
#3634=DIRECTION('',(0.,0.,1.));
#3635=DIRECTION('',(0.,-1.,0.));
#3636=AXIS2_PLACEMENT_3D('',#3633,#3635,#3634);
#3637=PLANE('',#3636);
#3638=ORIENTED_EDGE('',*,*,#3298,.F.);
#3639=CARTESIAN_POINT('',(8.6999872999746,2.7975859343667,17.200028244856));
#3640=DIRECTION('',(1.,0.,0.));
#3641=VECTOR('',#3640,0.6);
#3642=LINE('',#3639,#3641);
#3643=EDGE_CURVE('',#3286,#3355,#3642,.T.);
#3644=ORIENTED_EDGE('',*,*,#3643,.T.);
#3645=ORIENTED_EDGE('',*,*,#3360,.F.);
#3646=ORIENTED_EDGE('',*,*,#2730,.F.);
#3647=EDGE_LOOP('',(#3638,#3644,#3645,#3646));
#3648=FACE_OUTER_BOUND('',#3647,.T.);
#3649=ADVANCED_FACE('',(#3648),#3637,.T.);
#3650=CARTESIAN_POINT('',(11.099987299975,-2.5024140656333,17.100028244856));
#3651=DIRECTION('',(0.,-1.,0.));
#3652=DIRECTION('',(-0.,0.,1.));
#3653=AXIS2_PLACEMENT_3D('',#3650,#3652,#3651);
#3654=PLANE('',#3653);
#3655=ORIENTED_EDGE('',*,*,#3283,.F.);
#3656=CARTESIAN_POINT('',(8.6999872999746,1.8975859343667,17.100028244856));
#3657=DIRECTION('',(1.,0.,0.));
#3658=VECTOR('',#3657,0.6);
#3659=LINE('',#3656,#3658);
#3660=EDGE_CURVE('',#3269,#3372,#3659,.T.);
#3661=ORIENTED_EDGE('',*,*,#3660,.T.);
#3662=ORIENTED_EDGE('',*,*,#3377,.F.);
#3663=CARTESIAN_POINT('',(9.2999872999746,2.6975859343667,17.100028244856));
#3664=DIRECTION('',(-1.,0.,0.));
#3665=VECTOR('',#3664,0.6);
#3666=LINE('',#3663,#3665);
#3667=EDGE_CURVE('',#3363,#3278,#3666,.T.);
#3668=ORIENTED_EDGE('',*,*,#3667,.T.);
#3669=EDGE_LOOP('',(#3655,#3661,#3662,#3668));
#3670=FACE_OUTER_BOUND('',#3669,.T.);
#3671=ADVANCED_FACE('',(#3670),#3654,.T.);
#3672=CARTESIAN_POINT('',(11.099987299975,-3.3524140656333,14.300028244856));
#3673=DIRECTION('',(1.,0.,0.));
#3674=DIRECTION('',(-0.,1.,0.));
#3675=AXIS2_PLACEMENT_3D('',#3672,#3674,#3673);
#3676=PLANE('',#3675);
#3677=ORIENTED_EDGE('',*,*,#3140,.F.);
#3678=ORIENTED_EDGE('',*,*,#3209,.F.);
#3679=ORIENTED_EDGE('',*,*,#2546,.F.);
#3680=ORIENTED_EDGE('',*,*,#3509,.F.);
#3681=EDGE_LOOP('',(#3677,#3678,#3679,#3680));
#3682=FACE_OUTER_BOUND('',#3681,.T.);
#3683=ADVANCED_FACE('',(#3682),#3676,.T.);
#3684=CARTESIAN_POINT('',(11.099987299975,-1.6524140656333,14.300028244856));
#3685=DIRECTION('',(-1.,0.,0.));
#3686=DIRECTION('',(-0.,-1.,-0.));
#3687=AXIS2_PLACEMENT_3D('',#3684,#3686,#3685);
#3688=PLANE('',#3687);
#3689=ORIENTED_EDGE('',*,*,#2488,.F.);
#3690=ORIENTED_EDGE('',*,*,#3516,.F.);
#3691=ORIENTED_EDGE('',*,*,#2562,.F.);
#3692=ORIENTED_EDGE('',*,*,#3202,.F.);
#3693=EDGE_LOOP('',(#3689,#3690,#3691,#3692));
#3694=FACE_OUTER_BOUND('',#3693,.T.);
#3695=ADVANCED_FACE('',(#3694),#3688,.T.);
#3696=CARTESIAN_POINT('',(10.299987299975,-5.0024140656333,20.800028244856));
#3697=DIRECTION('',(0.,0.,1.));
#3698=DIRECTION('',(-1.,1.7763568394003E-16,0.));
#3699=AXIS2_PLACEMENT_3D('',#3696,#3698,#3697);
#3700=PLANE('',#3699);
#3701=ORIENTED_EDGE('',*,*,#2970,.F.);
#3702=CARTESIAN_POINT('',(10.299987299975,4.9975859343667,18.400028244856));
#3703=DIRECTION('',(0.,-1.,0.));
#3704=VECTOR('',#3703,0.6);
#3705=LINE('',#3702,#3704);
#3706=EDGE_CURVE('',#2958,#3062,#3705,.T.);
#3707=ORIENTED_EDGE('',*,*,#3706,.T.);
#3708=ORIENTED_EDGE('',*,*,#3067,.F.);
#3709=CARTESIAN_POINT('',(10.299987299975,4.3975859343667,20.350028244856));
#3710=DIRECTION('',(0.,0.70710678118655,0.70710678118655));
#3711=VECTOR('',#3710,0.63639610306789);
#3712=LINE('',#3709,#3711);
#3713=EDGE_CURVE('',#3054,#2774,#3712,.T.);
#3714=ORIENTED_EDGE('',*,*,#3713,.T.);
#3715=ORIENTED_EDGE('',*,*,#2779,.F.);
#3716=EDGE_LOOP('',(#3701,#3707,#3708,#3714,#3715));
#3717=FACE_OUTER_BOUND('',#3716,.T.);
#3718=ADVANCED_FACE('',(#3717),#3700,.T.);
#3719=CARTESIAN_POINT('',(9.2999872999746,-5.0024140656333,18.300028244856));
#3720=DIRECTION('',(0.,1.,0.));
#3721=DIRECTION('',(0.,-0.,1.));
#3722=AXIS2_PLACEMENT_3D('',#3719,#3721,#3720);
#3723=PLANE('',#3722);
#3724=ORIENTED_EDGE('',*,*,#2955,.F.);
#3725=CARTESIAN_POINT('',(9.3999872999746,4.9975859343667,18.300028244856));
#3726=DIRECTION('',(0.,-1.,0.));
#3727=VECTOR('',#3726,0.6);
#3728=LINE('',#3725,#3727);
#3729=EDGE_CURVE('',#2941,#3079,#3728,.T.);
#3730=ORIENTED_EDGE('',*,*,#3729,.T.);
#3731=ORIENTED_EDGE('',*,*,#3084,.F.);
#3732=CARTESIAN_POINT('',(10.199987299975,4.3975859343667,18.300028244856));
#3733=DIRECTION('',(0.,1.,0.));
#3734=VECTOR('',#3733,0.6);
#3735=LINE('',#3732,#3734);
#3736=EDGE_CURVE('',#3070,#2950,#3735,.T.);
#3737=ORIENTED_EDGE('',*,*,#3736,.T.);
#3738=EDGE_LOOP('',(#3724,#3730,#3731,#3737));
#3739=FACE_OUTER_BOUND('',#3738,.T.);
#3740=ADVANCED_FACE('',(#3739),#3723,.T.);
#3741=CARTESIAN_POINT('',(9.2999872999746,-5.0024140656333,18.300028244856));
#3742=DIRECTION('',(0.,1.,0.));
#3743=DIRECTION('',(0.,-0.,1.));
#3744=AXIS2_PLACEMENT_3D('',#3741,#3743,#3742);
#3745=PLANE('',#3744);
#3746=ORIENTED_EDGE('',*,*,#2876,.F.);
#3747=CARTESIAN_POINT('',(10.199987299975,-5.0024140656333,18.300028244856));
#3748=DIRECTION('',(0.,1.,0.));
#3749=VECTOR('',#3748,0.6);
#3750=LINE('',#3747,#3749);
#3751=EDGE_CURVE('',#2862,#2983,#3750,.T.);
#3752=ORIENTED_EDGE('',*,*,#3751,.T.);
#3753=ORIENTED_EDGE('',*,*,#2988,.F.);
#3754=CARTESIAN_POINT('',(9.3999872999746,-4.4024140656333,18.300028244856));
#3755=DIRECTION('',(0.,-1.,0.));
#3756=VECTOR('',#3755,0.6);
#3757=LINE('',#3754,#3756);
#3758=EDGE_CURVE('',#2981,#2871,#3757,.T.);
#3759=ORIENTED_EDGE('',*,*,#3758,.T.);
#3760=EDGE_LOOP('',(#3746,#3752,#3753,#3759));
#3761=FACE_OUTER_BOUND('',#3760,.T.);
#3762=ADVANCED_FACE('',(#3761),#3745,.T.);
#3763=CARTESIAN_POINT('',(10.299987299975,-5.0024140656333,20.800028244856));
#3764=DIRECTION('',(0.,0.,1.));
#3765=DIRECTION('',(-1.,0.,0.));
#3766=AXIS2_PLACEMENT_3D('',#3763,#3765,#3764);
#3767=PLANE('',#3766);
#3768=ORIENTED_EDGE('',*,*,#3005,.F.);
#3769=CARTESIAN_POINT('',(10.299987299975,-4.4024140656333,18.400028244856));
#3770=DIRECTION('',(0.,-1.,0.));
#3771=VECTOR('',#3770,0.6);
#3772=LINE('',#3769,#3771);
#3773=EDGE_CURVE('',#2991,#2854,#3772,.T.);
#3774=ORIENTED_EDGE('',*,*,#3773,.T.);
#3775=ORIENTED_EDGE('',*,*,#2859,.F.);
#3776=ORIENTED_EDGE('',*,*,#2811,.F.);
#3777=CARTESIAN_POINT('',(10.299987299975,-4.8524140656333,20.800028244856));
#3778=DIRECTION('',(0.,0.70710678118655,-0.70710678118655));
#3779=VECTOR('',#3778,0.63639610306789);
#3780=LINE('',#3777,#3779);
#3781=EDGE_CURVE('',#2798,#3000,#3780,.T.);
#3782=ORIENTED_EDGE('',*,*,#3781,.T.);
#3783=EDGE_LOOP('',(#3768,#3774,#3775,#3776,#3782));
#3784=FACE_OUTER_BOUND('',#3783,.T.);
#3785=ADVANCED_FACE('',(#3784),#3767,.T.);
#3786=CARTESIAN_POINT('',(11.099987299975,-4.8524140656333,20.800028244856));
#3787=DIRECTION('',(-1.,1.409807015397E-16,0.));
#3788=DIRECTION('',(9.968841007516E-17,0.70710678118655,0.70710678118655));
#3789=AXIS2_PLACEMENT_3D('',#3786,#3788,#3787);
#3790=PLANE('',#3789);
#3791=ORIENTED_EDGE('',*,*,#3781,.F.);
#3792=ORIENTED_EDGE('',*,*,#2803,.F.);
#3793=CARTESIAN_POINT('',(14.249987299975,-4.8524140656333,20.800028244856));
#3794=DIRECTION('',(-0.57735026918963,0.57735026918962,-0.57735026918963));
#3795=VECTOR('',#3794,0.779422863406);
#3796=LINE('',#3793,#3795);
#3797=EDGE_CURVE('',#2790,#3008,#3796,.T.);
#3798=ORIENTED_EDGE('',*,*,#3797,.T.);
#3799=ORIENTED_EDGE('',*,*,#3013,.F.);
#3800=EDGE_LOOP('',(#3791,#3792,#3798,#3799));
#3801=FACE_OUTER_BOUND('',#3800,.T.);
#3802=ADVANCED_FACE('',(#3801),#3790,.T.);
#3803=CARTESIAN_POINT('',(14.249987299975,-2.5024140656333,20.800028244856));
#3804=DIRECTION('',(-1.2084060131974E-16,-1.,0.));
#3805=DIRECTION('',(-0.70710678118655,8.5447208635852E-17,0.70710678118655));
#3806=AXIS2_PLACEMENT_3D('',#3803,#3805,#3804);
#3807=PLANE('',#3806);
#3808=ORIENTED_EDGE('',*,*,#3797,.F.);
#3809=ORIENTED_EDGE('',*,*,#2795,.F.);
#3810=CARTESIAN_POINT('',(14.249987299975,4.8475859343667,20.800028244856));
#3811=DIRECTION('',(-0.57735026918963,-0.57735026918962,-0.57735026918963));
#3812=VECTOR('',#3811,0.779422863406);
#3813=LINE('',#3810,#3812);
#3814=EDGE_CURVE('',#2782,#3046,#3813,.T.);
#3815=ORIENTED_EDGE('',*,*,#3814,.T.);
#3816=ORIENTED_EDGE('',*,*,#3553,.F.);
#3817=EDGE_LOOP('',(#3808,#3809,#3815,#3816));
#3818=FACE_OUTER_BOUND('',#3817,.T.);
#3819=ADVANCED_FACE('',(#3818),#3807,.T.);
#3820=CARTESIAN_POINT('',(11.099987299975,4.8475859343667,20.800028244856));
#3821=DIRECTION('',(1.,0.,0.));
#3822=DIRECTION('',(0.,-0.70710678118655,0.70710678118655));
#3823=AXIS2_PLACEMENT_3D('',#3820,#3822,#3821);
#3824=PLANE('',#3823);
#3825=ORIENTED_EDGE('',*,*,#3713,.F.);
#3826=ORIENTED_EDGE('',*,*,#3059,.F.);
#3827=ORIENTED_EDGE('',*,*,#3814,.F.);
#3828=ORIENTED_EDGE('',*,*,#2787,.F.);
#3829=EDGE_LOOP('',(#3825,#3826,#3827,#3828));
#3830=FACE_OUTER_BOUND('',#3829,.T.);
#3831=ADVANCED_FACE('',(#3830),#3824,.T.);
#3832=CARTESIAN_POINT('',(9.3999872999746,4.9975859343667,18.400028244856));
#3833=DIRECTION('',(-1.,-8.8817841969994E-15,0.));
#3834=DIRECTION('',(1.1842378929335E-14,-1.,1.7763568394002E-14));
#3835=AXIS2_PLACEMENT_3D('',#3832,#3834,#3833);
#3836=CYLINDRICAL_SURFACE('',#3835,0.10000000000002);
#3837=ORIENTED_EDGE('',*,*,#3093,.F.);
#3838=ORIENTED_EDGE('',*,*,#3729,.F.);
#3839=ORIENTED_EDGE('',*,*,#2947,.F.);
#3840=ORIENTED_EDGE('',*,*,#3350,.F.);
#3841=EDGE_LOOP('',(#3837,#3838,#3839,#3840));
#3842=FACE_OUTER_BOUND('',#3841,.T.);
#3843=ADVANCED_FACE('',(#3842),#3836,.F.);
#3844=CARTESIAN_POINT('',(10.199987299975,4.9975859343667,18.400028244856));
#3845=DIRECTION('',(-3.5527136788006E-14,-1.7763568394003E-14,-1.));
#3846=DIRECTION('',(0.,-1.,5.9211894646675E-15));
#3847=AXIS2_PLACEMENT_3D('',#3844,#3846,#3845);
#3848=CYLINDRICAL_SURFACE('',#3847,0.099999999999998);
#3849=ORIENTED_EDGE('',*,*,#3076,.F.);
#3850=ORIENTED_EDGE('',*,*,#3706,.F.);
#3851=ORIENTED_EDGE('',*,*,#2964,.F.);
#3852=ORIENTED_EDGE('',*,*,#3736,.F.);
#3853=EDGE_LOOP('',(#3849,#3850,#3851,#3852));
#3854=FACE_OUTER_BOUND('',#3853,.T.);
#3855=ADVANCED_FACE('',(#3854),#3848,.F.);
#3856=CARTESIAN_POINT('',(10.199987299975,-4.4024140656333,18.400028244856));
#3857=DIRECTION('',(5.3290705181997E-14,1.7763568393999E-14,-1.));
#3858=DIRECTION('',(2.9605947323337E-15,-1.,-1.1842378929335E-14));
#3859=AXIS2_PLACEMENT_3D('',#3856,#3858,#3857);
#3860=CYLINDRICAL_SURFACE('',#3859,0.10000000000002);
#3861=ORIENTED_EDGE('',*,*,#2868,.F.);
#3862=ORIENTED_EDGE('',*,*,#3773,.F.);
#3863=ORIENTED_EDGE('',*,*,#2997,.F.);
#3864=ORIENTED_EDGE('',*,*,#3751,.F.);
#3865=EDGE_LOOP('',(#3861,#3862,#3863,#3864));
#3866=FACE_OUTER_BOUND('',#3865,.T.);
#3867=ADVANCED_FACE('',(#3866),#3860,.F.);
#3868=CARTESIAN_POINT('',(9.3999872999746,-4.4024140656333,18.400028244856));
#3869=DIRECTION('',(-1.,-1.7763568393998E-14,-1.0658141036399E-13));
#3870=DIRECTION('',(0.,-1.,0.));
#3871=AXIS2_PLACEMENT_3D('',#3868,#3870,#3869);
#3872=CYLINDRICAL_SURFACE('',#3871,0.10000000000003);
#3873=ORIENTED_EDGE('',*,*,#2885,.F.);
#3874=ORIENTED_EDGE('',*,*,#3758,.F.);
#3875=ORIENTED_EDGE('',*,*,#3035,.F.);
#3876=ORIENTED_EDGE('',*,*,#3441,.F.);
#3877=EDGE_LOOP('',(#3873,#3874,#3875,#3876));
#3878=FACE_OUTER_BOUND('',#3877,.T.);
#3879=ADVANCED_FACE('',(#3878),#3872,.F.);
#3880=CARTESIAN_POINT('',(9.2999872999746,1.8975859343667,17.200028244856));
#3881=DIRECTION('',(0.,3.6550093396311E-07,-0.99999999999993));
#3882=DIRECTION('',(-1.,3.3306690738755E-15,0.));
#3883=AXIS2_PLACEMENT_3D('',#3880,#3882,#3881);
#3884=CYLINDRICAL_SURFACE('',#3883,0.10000000000001);
#3885=ORIENTED_EDGE('',*,*,#3386,.F.);
#3886=ORIENTED_EDGE('',*,*,#3660,.F.);
#3887=ORIENTED_EDGE('',*,*,#3275,.F.);
#3888=ORIENTED_EDGE('',*,*,#3626,.F.);
#3889=EDGE_LOOP('',(#3885,#3886,#3887,#3888));
#3890=FACE_OUTER_BOUND('',#3889,.T.);
#3891=ADVANCED_FACE('',(#3890),#3884,.F.);
#3892=CARTESIAN_POINT('',(8.6999872999746,2.6975859343667,17.200028244856));
#3893=DIRECTION('',(1.7763568394E-14,-3.6550100279693E-07,-0.99999999999993));
#3894=DIRECTION('',(1.,3.7007434154172E-15,0.));
#3895=AXIS2_PLACEMENT_3D('',#3892,#3894,#3893);
#3896=CYLINDRICAL_SURFACE('',#3895,0.10000000000002);
#3897=ORIENTED_EDGE('',*,*,#3292,.F.);
#3898=ORIENTED_EDGE('',*,*,#3667,.F.);
#3899=ORIENTED_EDGE('',*,*,#3369,.F.);
#3900=ORIENTED_EDGE('',*,*,#3643,.F.);
#3901=EDGE_LOOP('',(#3897,#3898,#3899,#3900));
#3902=FACE_OUTER_BOUND('',#3901,.T.);
#3903=ADVANCED_FACE('',(#3902),#3896,.F.);
#3904=CARTESIAN_POINT('',(8.6999872999746,-1.9024140656333,17.200028244856));
#3905=DIRECTION('',(0.,-3.655010960559E-07,-0.99999999999993));
#3906=DIRECTION('',(1.,-1.4802973661669E-15,0.));
#3907=AXIS2_PLACEMENT_3D('',#3904,#3906,#3905);
#3908=CYLINDRICAL_SURFACE('',#3907,0.099999999999951);
#3909=ORIENTED_EDGE('',*,*,#3251,.F.);
#3910=ORIENTED_EDGE('',*,*,#3604,.F.);
#3911=ORIENTED_EDGE('',*,*,#3410,.F.);
#3912=ORIENTED_EDGE('',*,*,#3587,.F.);
#3913=EDGE_LOOP('',(#3909,#3910,#3911,#3912));
#3914=FACE_OUTER_BOUND('',#3913,.T.);
#3915=ADVANCED_FACE('',(#3914),#3908,.F.);
#3916=CARTESIAN_POINT('',(9.2999872999746,-2.7024140656332,17.200028244856));
#3917=DIRECTION('',(0.,3.6550000803706E-07,-0.99999999999993));
#3918=DIRECTION('',(-1.,2.9605947323337E-15,0.));
#3919=AXIS2_PLACEMENT_3D('',#3916,#3918,#3917);
#3920=CYLINDRICAL_SURFACE('',#3919,0.10000000000002);
#3921=ORIENTED_EDGE('',*,*,#3427,.F.);
#3922=ORIENTED_EDGE('',*,*,#3611,.F.);
#3923=ORIENTED_EDGE('',*,*,#3234,.F.);
#3924=ORIENTED_EDGE('',*,*,#3570,.F.);
#3925=EDGE_LOOP('',(#3921,#3922,#3923,#3924));
#3926=FACE_OUTER_BOUND('',#3925,.T.);
#3927=ADVANCED_FACE('',(#3926),#3920,.F.);
#3928=CARTESIAN_POINT('',(8.7999872999742,-4.9024140656337,20.800028244856));
#3929=DIRECTION('',(-1.,2.5159430094843E-08,3.5527136788001E-14));
#3930=DIRECTION('',(-3.298948416029E-14,-3.3370132054448E-14,-1.));
#3931=AXIS2_PLACEMENT_3D('',#3928,#3930,#3929);
#3932=CYLINDRICAL_SURFACE('',#3931,0.10000000000001);
#3933=ORIENTED_EDGE('',*,*,#2665,.F.);
#3934=ORIENTED_EDGE('',*,*,#3216,.F.);
#3935=CARTESIAN_POINT('',(8.6999872999746,-4.9024140656333,13.800028244856));
#3936=CARTESIAN_POINT('',(8.6999872999746,-4.9609927093963,13.800028244856));
#3937=CARTESIAN_POINT('',(8.7414086562116,-5.0024140656333,13.841449601093));
#3938=CARTESIAN_POINT('',(8.7999872999746,-5.0024140656333,13.900028244856));
#3939=(BOUNDED_CURVE()B_SPLINE_CURVE(3,(#3935,#3936,#3937,#3938),.UNSPECIFIED.,.F.,.U.)B_SPLINE_CURVE_WITH_KNOTS((4,4),(4.712388980385,6.28318530718),.UNSPECIFIED.)CURVE()GEOMETRIC_REPRESENTATION_ITEM()RATIONAL_B_SPLINE_CURVE((1.,0.804737854124,0.804737854124,1.))REPRESENTATION_ITEM(''));
#3940=EDGE_CURVE('',#3121,#2837,#3939,.T.);
#3941=ORIENTED_EDGE('',*,*,#3940,.T.);
#3942=ORIENTED_EDGE('',*,*,#2898,.F.);
#3943=EDGE_LOOP('',(#3933,#3934,#3941,#3942));
#3944=FACE_OUTER_BOUND('',#3943,.T.);
#3945=ADVANCED_FACE('',(#3944),#3932,.T.);
#3946=CARTESIAN_POINT('',(14.299987299975,-4.902414065633,20.800028244856));
#3947=DIRECTION('',(4.2962966517738E-09,-1.,-3.5527136788008E-14));
#3948=DIRECTION('',(-2.4361465226061E-14,2.4995878382989E-14,-1.));
#3949=AXIS2_PLACEMENT_3D('',#3946,#3948,#3947);
#3950=CYLINDRICAL_SURFACE('',#3949,0.099999999999992);
#3951=ORIENTED_EDGE('',*,*,#2826,.F.);
#3952=ORIENTED_EDGE('',*,*,#2850,.F.);
#3953=CARTESIAN_POINT('',(14.299987299975,-5.0024140656333,13.900028244856));
#3954=CARTESIAN_POINT('',(14.358565943738,-5.0024140656333,13.841449601093));
#3955=CARTESIAN_POINT('',(14.399987299975,-4.9609927093963,13.800028244856));
#3956=CARTESIAN_POINT('',(14.399987299975,-4.9024140656333,13.800028244856));
#3957=(BOUNDED_CURVE()B_SPLINE_CURVE(3,(#3953,#3954,#3955,#3956),.UNSPECIFIED.,.F.,.U.)B_SPLINE_CURVE_WITH_KNOTS((4,4),(1.521687259629E-16,1.570796326795),.UNSPECIFIED.)CURVE()GEOMETRIC_REPRESENTATION_ITEM()RATIONAL_B_SPLINE_CURVE((1.,0.804737854124,0.804737854124,1.))REPRESENTATION_ITEM(''));
#3958=EDGE_CURVE('',#2839,#3113,#3957,.T.);
#3959=ORIENTED_EDGE('',*,*,#3958,.T.);
#3960=ORIENTED_EDGE('',*,*,#3502,.F.);
#3961=EDGE_LOOP('',(#3951,#3952,#3959,#3960));
#3962=FACE_OUTER_BOUND('',#3961,.T.);
#3963=ADVANCED_FACE('',(#3962),#3950,.T.);
#3964=CARTESIAN_POINT('',(8.6999872999746,-4.9024140656334,13.900028244856));
#3965=DIRECTION('',(0.,2.515544217374E-08,-1.));
#3966=DIRECTION('',(1.,-1.6984464517071E-14,-1.7140285292457E-14));
#3967=AXIS2_PLACEMENT_3D('',#3964,#3966,#3965);
#3968=CYLINDRICAL_SURFACE('',#3967,0.10000000000001);
#3969=ORIENTED_EDGE('',*,*,#3940,.F.);
#3970=ORIENTED_EDGE('',*,*,#3126,.F.);
#3971=ORIENTED_EDGE('',*,*,#3958,.F.);
#3972=ORIENTED_EDGE('',*,*,#2844,.F.);
#3973=EDGE_LOOP('',(#3969,#3970,#3971,#3972));
#3974=FACE_OUTER_BOUND('',#3973,.T.);
#3975=ADVANCED_FACE('',(#3974),#3968,.T.);
#3976=CARTESIAN_POINT('',(14.299987299975,4.8975859343664,20.800028244856));
#3977=DIRECTION('',(1.,-2.5149242688375E-08,-3.552713678801E-14));
#3978=DIRECTION('',(-2.5376526277146E-14,-2.4995878382989E-14,-1.));
#3979=AXIS2_PLACEMENT_3D('',#3976,#3978,#3977);
#3980=CYLINDRICAL_SURFACE('',#3979,0.099999999999985);
#3981=ORIENTED_EDGE('',*,*,#2763,.F.);
#3982=ORIENTED_EDGE('',*,*,#3495,.F.);
#3983=CARTESIAN_POINT('',(14.399987299975,4.8975859343667,13.800028244856));
#3984=CARTESIAN_POINT('',(14.399987299975,4.9561645781297,13.800028244856));
#3985=CARTESIAN_POINT('',(14.358565943738,4.9975859343667,13.841449601093));
#3986=CARTESIAN_POINT('',(14.299987299975,4.9975859343667,13.900028244856));
#3987=(BOUNDED_CURVE()B_SPLINE_CURVE(3,(#3983,#3984,#3985,#3986),.UNSPECIFIED.,.F.,.U.)B_SPLINE_CURVE_WITH_KNOTS((4,4),(4.712388980385,6.28318530718),.UNSPECIFIED.)CURVE()GEOMETRIC_REPRESENTATION_ITEM()RATIONAL_B_SPLINE_CURVE((1.,0.804737854124,0.804737854124,1.))REPRESENTATION_ITEM(''));
#3988=EDGE_CURVE('',#3484,#2910,#3987,.T.);
#3989=ORIENTED_EDGE('',*,*,#3988,.T.);
#3990=ORIENTED_EDGE('',*,*,#2915,.F.);
#3991=EDGE_LOOP('',(#3981,#3982,#3989,#3990));
#3992=FACE_OUTER_BOUND('',#3991,.T.);
#3993=ADVANCED_FACE('',(#3992),#3980,.T.);
#3994=CARTESIAN_POINT('',(8.7999872999743,4.897585934367,20.800028244856));
#3995=DIRECTION('',(-4.2870595962087E-09,1.,3.5527136788006E-14));
#3996=DIRECTION('',(-2.7152883116547E-14,2.7279765747932E-14,-1.));
#3997=AXIS2_PLACEMENT_3D('',#3994,#3996,#3995);
#3998=CYLINDRICAL_SURFACE('',#3997,0.099999999999997);
#3999=ORIENTED_EDGE('',*,*,#2714,.F.);
#4000=ORIENTED_EDGE('',*,*,#2929,.F.);
#4001=CARTESIAN_POINT('',(8.7999872999746,4.9975859343667,13.900028244856));
#4002=CARTESIAN_POINT('',(8.7414086562116,4.9975859343667,13.841449601093));
#4003=CARTESIAN_POINT('',(8.6999872999746,4.9561645781297,13.800028244856));
#4004=CARTESIAN_POINT('',(8.6999872999746,4.8975859343667,13.800028244856));
#4005=(BOUNDED_CURVE()B_SPLINE_CURVE(3,(#4001,#4002,#4003,#4004),.UNSPECIFIED.,.F.,.U.)B_SPLINE_CURVE_WITH_KNOTS((4,4),(1.521687259629E-16,1.570796326795),.UNSPECIFIED.)CURVE()GEOMETRIC_REPRESENTATION_ITEM()RATIONAL_B_SPLINE_CURVE((1.,0.804737854124,0.804737854124,1.))REPRESENTATION_ITEM(''));
#4006=EDGE_CURVE('',#2918,#3302,#4005,.T.);
#4007=ORIENTED_EDGE('',*,*,#4006,.T.);
#4008=ORIENTED_EDGE('',*,*,#3307,.F.);
#4009=EDGE_LOOP('',(#3999,#4000,#4007,#4008));
#4010=FACE_OUTER_BOUND('',#4009,.T.);
#4011=ADVANCED_FACE('',(#4010),#3998,.T.);
#4012=CARTESIAN_POINT('',(14.399987299975,4.8975859343665,13.900028244856));
#4013=DIRECTION('',(-5.3290705182018E-14,-2.5149713422939E-08,-1.));
#4014=DIRECTION('',(-1.,-3.0229230424879E-14,2.9917588874107E-14));
#4015=AXIS2_PLACEMENT_3D('',#4012,#4014,#4013);
#4016=CYLINDRICAL_SURFACE('',#4015,0.099999999999977);
#4017=ORIENTED_EDGE('',*,*,#3988,.F.);
#4018=ORIENTED_EDGE('',*,*,#3538,.F.);
#4019=ORIENTED_EDGE('',*,*,#4006,.F.);
#4020=ORIENTED_EDGE('',*,*,#2923,.F.);
#4021=EDGE_LOOP('',(#4017,#4018,#4019,#4020));
#4022=FACE_OUTER_BOUND('',#4021,.T.);
#4023=ADVANCED_FACE('',(#4022),#4016,.T.);
#4024=CARTESIAN_POINT('',(12.345514274103,0.84514690997673,15.790028244856));
#4025=DIRECTION('',(0.93157761948495,0.36354248565298,0.));
#4026=DIRECTION('',(0.36354248565298,-0.93157761948495,0.));
#4027=AXIS2_PLACEMENT_3D('',#4024,#4026,#4025);
#4028=PLANE('',#4027);
#4029=ORIENTED_EDGE('',*,*,#1712,.F.);
#4030=CARTESIAN_POINT('',(12.345514274103,0.84514690997673,15.790028244856));
#4031=DIRECTION('',(0.9315776194854,0.36354248565183,0.));
#4032=VECTOR('',#4031,0.53672392889408);
#4033=LINE('',#4030,#4032);
#4034=EDGE_CURVE('',#1705,#1707,#4033,.T.);
#4035=ORIENTED_EDGE('',*,*,#4034,.T.);
#4036=EDGE_LOOP('',(#4029,#4035));
#4037=FACE_OUTER_BOUND('',#4036,.T.);
#4038=ADVANCED_FACE('',(#4037),#4028,.T.);
#4039=CARTESIAN_POINT('',(12.845514274103,1.0402688611957,15.790028244856));
#4040=DIRECTION('',(0.,0.,1.));
#4041=DIRECTION('',(-1.,0.,0.));
#4042=AXIS2_PLACEMENT_3D('',#4039,#4041,#4040);
#4043=PLANE('',#4042);
#4044=ORIENTED_EDGE('',*,*,#1720,.F.);
#4045=CARTESIAN_POINT('',(12.845514274103,1.0402688611957,15.790028244856));
#4046=DIRECTION('',(0.,-1.,0.));
#4047=VECTOR('',#4046,0.07317073170697);
#4048=LINE('',#4045,#4047);
#4049=EDGE_CURVE('',#1707,#1715,#4048,.T.);
#4050=ORIENTED_EDGE('',*,*,#4049,.T.);
#4051=EDGE_LOOP('',(#4044,#4050));
#4052=FACE_OUTER_BOUND('',#4051,.T.);
#4053=ADVANCED_FACE('',(#4052),#4043,.T.);
#4054=CARTESIAN_POINT('',(12.845514274103,0.96709812948873,15.790028244856));
#4055=DIRECTION('',(-0.94066726054355,-0.33933037727484,0.));
#4056=DIRECTION('',(-0.33933037727484,0.94066726054355,0.));
#4057=AXIS2_PLACEMENT_3D('',#4054,#4056,#4055);
#4058=PLANE('',#4057);
#4059=ORIENTED_EDGE('',*,*,#1728,.F.);
#4060=CARTESIAN_POINT('',(12.845514274103,0.96709812948873,15.790028244856));
#4061=DIRECTION('',(-0.94066726054248,-0.33933037727783,0.));
#4062=VECTOR('',#4061,0.14908980924681);
#4063=LINE('',#4060,#4062);
#4064=EDGE_CURVE('',#1715,#1723,#4063,.T.);
#4065=ORIENTED_EDGE('',*,*,#4064,.T.);
#4066=EDGE_LOOP('',(#4059,#4065));
#4067=FACE_OUTER_BOUND('',#4066,.T.);
#4068=ADVANCED_FACE('',(#4067),#4058,.T.);
#4069=CARTESIAN_POINT('',(12.705270371664,0.91650742826873,15.790028244856));
#4070=DIRECTION('',(0.,0.,1.));
#4071=DIRECTION('',(-1.,0.,0.));
#4072=AXIS2_PLACEMENT_3D('',#4069,#4071,#4070);
#4073=PLANE('',#4072);
#4074=ORIENTED_EDGE('',*,*,#1736,.F.);
#4075=CARTESIAN_POINT('',(12.705270371664,0.91650742826873,15.790028244856));
#4076=DIRECTION('',(0.,-1.,0.));
#4077=VECTOR('',#4076,0.206554878048);
#4078=LINE('',#4075,#4077);
#4079=EDGE_CURVE('',#1723,#1731,#4078,.T.);
#4080=ORIENTED_EDGE('',*,*,#4079,.T.);
#4081=EDGE_LOOP('',(#4074,#4080));
#4082=FACE_OUTER_BOUND('',#4081,.T.);
#4083=ADVANCED_FACE('',(#4082),#4073,.T.);
#4084=CARTESIAN_POINT('',(12.705270371664,0.70995255022073,15.790028244856));
#4085=DIRECTION('',(0.94667077607226,-0.32220248560609,0.));
#4086=DIRECTION('',(-0.32220248560609,-0.94667077607226,0.));
#4087=AXIS2_PLACEMENT_3D('',#4084,#4086,#4085);
#4088=PLANE('',#4087);
#4089=ORIENTED_EDGE('',*,*,#1744,.F.);
#4090=CARTESIAN_POINT('',(12.705270371664,0.70995255022073,15.790028244856));
#4091=DIRECTION('',(0.94667077607058,-0.32220248561103,0.));
#4092=VECTOR('',#4091,0.14814432428254);
#4093=LINE('',#4090,#4092);
#4094=EDGE_CURVE('',#1731,#1739,#4093,.T.);
#4095=ORIENTED_EDGE('',*,*,#4094,.T.);
#4096=EDGE_LOOP('',(#4089,#4095));
#4097=FACE_OUTER_BOUND('',#4096,.T.);
#4098=ADVANCED_FACE('',(#4097),#4088,.T.);
#4099=CARTESIAN_POINT('',(12.845514274103,0.66222008070773,15.790028244856));
#4100=DIRECTION('',(0.,0.,1.));
#4101=DIRECTION('',(-1.,0.,0.));
#4102=AXIS2_PLACEMENT_3D('',#4099,#4101,#4100);
#4103=PLANE('',#4102);
#4104=ORIENTED_EDGE('',*,*,#1752,.F.);
#4105=CARTESIAN_POINT('',(12.845514274103,0.66222008070773,15.790028244856));
#4106=DIRECTION('',(0.,-1.,0.));
#4107=VECTOR('',#4106,0.073170731707);
#4108=LINE('',#4105,#4107);
#4109=EDGE_CURVE('',#1739,#1747,#4108,.T.);
#4110=ORIENTED_EDGE('',*,*,#4109,.T.);
#4111=EDGE_LOOP('',(#4104,#4110));
#4112=FACE_OUTER_BOUND('',#4111,.T.);
#4113=ADVANCED_FACE('',(#4112),#4103,.T.);
#4114=CARTESIAN_POINT('',(12.845514274103,0.58904934900073,15.790028244856));
#4115=DIRECTION('',(-0.93538826358014,0.35362239232905,0.));
#4116=DIRECTION('',(0.35362239232905,0.93538826358014,-0.));
#4117=AXIS2_PLACEMENT_3D('',#4114,#4116,#4115);
#4118=PLANE('',#4117);
#4119=ORIENTED_EDGE('',*,*,#1760,.F.);
#4120=CARTESIAN_POINT('',(12.845514274103,0.58904934900073,15.790028244856));
#4121=DIRECTION('',(-0.93538826358008,0.35362239232924,0.));
#4122=VECTOR('',#4121,0.5345373888767);
#4123=LINE('',#4120,#4122);
#4124=EDGE_CURVE('',#1747,#1755,#4123,.T.);
#4125=ORIENTED_EDGE('',*,*,#4124,.T.);
#4126=EDGE_LOOP('',(#4119,#4125));
#4127=FACE_OUTER_BOUND('',#4126,.T.);
#4128=ADVANCED_FACE('',(#4127),#4118,.T.);
#4129=CARTESIAN_POINT('',(12.345514274103,0.77807373924473,15.790028244856));
#4130=DIRECTION('',(0.,0.,-1.));
#4131=DIRECTION('',(1.,-0.,0.));
#4132=AXIS2_PLACEMENT_3D('',#4129,#4131,#4130);
#4133=PLANE('',#4132);
#4134=ORIENTED_EDGE('',*,*,#1766,.F.);
#4135=CARTESIAN_POINT('',(12.345514274103,0.77807373924473,15.790028244856));
#4136=DIRECTION('',(0.,1.,0.));
#4137=VECTOR('',#4136,0.067073170732);
#4138=LINE('',#4135,#4137);
#4139=EDGE_CURVE('',#1755,#1705,#4138,.T.);
#4140=ORIENTED_EDGE('',*,*,#4139,.T.);
#4141=EDGE_LOOP('',(#4134,#4140));
#4142=FACE_OUTER_BOUND('',#4141,.T.);
#4143=ADVANCED_FACE('',(#4142),#4133,.T.);
#4144=CARTESIAN_POINT('',(11.099987299975,-2.5024140656333,15.790028244856));
#4145=DIRECTION('',(0.,-1.,0.));
#4146=DIRECTION('',(-0.,0.,1.));
#4147=AXIS2_PLACEMENT_3D('',#4144,#4146,#4145);
#4148=PLANE('',#4147);
#4149=ORIENTED_EDGE('',*,*,#4034,.F.);
#4150=ORIENTED_EDGE('',*,*,#4139,.F.);
#4151=ORIENTED_EDGE('',*,*,#4124,.F.);
#4152=ORIENTED_EDGE('',*,*,#4109,.F.);
#4153=ORIENTED_EDGE('',*,*,#4094,.F.);
#4154=ORIENTED_EDGE('',*,*,#4079,.F.);
#4155=ORIENTED_EDGE('',*,*,#4064,.F.);
#4156=ORIENTED_EDGE('',*,*,#4049,.F.);
#4157=EDGE_LOOP('',(#4149,#4150,#4151,#4152,#4153,#4154,#4155,#4156));
#4158=FACE_OUTER_BOUND('',#4157,.T.);
#4159=CARTESIAN_POINT('',(12.650392322884,0.89402267217173,15.790028244856));
#4160=VERTEX_POINT('',#4159);
#4161=CARTESIAN_POINT('',(12.650392322884,0.72681611729373,15.790028244856));
#4162=VERTEX_POINT('',#4161);
#4163=CARTESIAN_POINT('',(12.650392322884,0.89402267217173,15.790028244856));
#4164=DIRECTION('',(0.,-1.,0.));
#4165=VECTOR('',#4164,0.167206554878);
#4166=LINE('',#4163,#4165);
#4167=EDGE_CURVE('',#4160,#4162,#4166,.T.);
#4168=ORIENTED_EDGE('',*,*,#4167,.T.);
#4169=CARTESIAN_POINT('',(12.441550859469,0.80141596485473,15.790028244856));
#4170=VERTEX_POINT('',#4169);
#4171=CARTESIAN_POINT('',(12.650392322884,0.72681611729373,15.790028244856));
#4172=DIRECTION('',(-0.9417224702973,0.33639082766502,0.));
#4173=VECTOR('',#4172,0.22176540329241);
#4174=LINE('',#4171,#4173);
#4175=EDGE_CURVE('',#4162,#4170,#4174,.T.);
#4176=ORIENTED_EDGE('',*,*,#4175,.T.);
#4177=CARTESIAN_POINT('',(12.406489883859,0.81002638787248,15.795028244856));
#4178=VERTEX_POINT('',#4177);
#4179=CARTESIAN_POINT('',(12.441550859469,0.80141596485473,15.790028244856));
#4180=CARTESIAN_POINT('',(12.439271920466,0.80217167681973,15.790028244856));
#4181=CARTESIAN_POINT('',(12.434345703087,0.80380524463773,15.790028244856));
#4182=CARTESIAN_POINT('',(12.426200797475,0.80587531493173,15.790028244856));
#4183=CARTESIAN_POINT('',(12.416776308747,0.80773455903573,15.790028244856));
#4184=CARTESIAN_POINT('',(12.410050330003,0.80883597239873,15.790028244856));
#4185=CARTESIAN_POINT('',(12.406489883859,0.80941901363473,15.790028244856));
#4186=B_SPLINE_CURVE_WITH_KNOTS('',3,(#4179,#4180,#4181,#4182,#4183,#4184,#4185),.UNSPECIFIED.,.F.,.U.,(4,1,1,1,4),(0.,0.199966386263,0.432252853516,0.699458886841,1.),.UNSPECIFIED.);
#4187=EDGE_CURVE('',#4170,#4178,#4186,.T.);
#4188=ORIENTED_EDGE('',*,*,#4187,.T.);
#4189=CARTESIAN_POINT('',(12.441550859469,0.81875590387873,15.795028244856));
#4190=VERTEX_POINT('',#4189);
#4191=CARTESIAN_POINT('',(12.406489883859,0.81103867826873,15.790028244856));
#4192=CARTESIAN_POINT('',(12.410333570845,0.81173202627073,15.790028244856));
#4193=CARTESIAN_POINT('',(12.417425830673,0.81301137190773,15.790028244856));
#4194=CARTESIAN_POINT('',(12.427142656662,0.81484126388073,15.790028244856));
#4195=CARTESIAN_POINT('',(12.435002186449,0.81670766786573,15.790028244856));
#4196=CARTESIAN_POINT('',(12.439555942243,0.81813195131773,15.790028244856));
#4197=CARTESIAN_POINT('',(12.441550859469,0.81875590387873,15.790028244856));
#4198=B_SPLINE_CURVE_WITH_KNOTS('',3,(#4191,#4192,#4193,#4194,#4195,#4196,#4197),.UNSPECIFIED.,.F.,.U.,(4,1,1,1,4),(0.,0.326102152601,0.601714240872,0.825518284683,1.),.UNSPECIFIED.);
#4199=EDGE_CURVE('',#4178,#4190,#4198,.T.);
#4200=ORIENTED_EDGE('',*,*,#4199,.T.);
#4201=CARTESIAN_POINT('',(12.441550859469,0.81875590387873,15.790028244856));
#4202=DIRECTION('',(0.94076698696673,0.33905379548611,0.));
#4203=VECTOR('',#4202,0.22199063775437);
#4204=LINE('',#4201,#4203);
#4205=EDGE_CURVE('',#4190,#4160,#4204,.T.);
#4206=ORIENTED_EDGE('',*,*,#4205,.T.);
#4207=EDGE_LOOP('',(#4168,#4176,#4188,#4200,#4206));
#4208=FACE_BOUND('',#4207,.T.);
#4209=ADVANCED_FACE('',(#4158,#4208),#4148,.T.);
#4210=CARTESIAN_POINT('',(12.650392322884,0.72681611729373,15.790028244856));
#4211=DIRECTION('',(0.,0.,-1.));
#4212=DIRECTION('',(1.,-0.,0.));
#4213=AXIS2_PLACEMENT_3D('',#4210,#4212,#4211);
#4214=PLANE('',#4213);
#4215=CARTESIAN_POINT('',(12.650392322884,0.89402267217173,15.800028244856));
#4216=DIRECTION('',(0.,-1.,0.));
#4217=VECTOR('',#4216,0.167206554878);
#4218=LINE('',#4215,#4217);
#4219=EDGE_CURVE('',#4160,#4162,#4218,.T.);
#4220=ORIENTED_EDGE('',*,*,#4219,.T.);
#4221=ORIENTED_EDGE('',*,*,#4167,.F.);
#4222=EDGE_LOOP('',(#4220,#4221));
#4223=FACE_OUTER_BOUND('',#4222,.T.);
#4224=ADVANCED_FACE('',(#4223),#4214,.T.);
#4225=CARTESIAN_POINT('',(12.441550859469,0.80141596485473,15.790028244856));
#4226=DIRECTION('',(0.94172247029727,-0.3363908276651,0.));
#4227=DIRECTION('',(-0.3363908276651,-0.94172247029727,0.));
#4228=AXIS2_PLACEMENT_3D('',#4225,#4227,#4226);
#4229=PLANE('',#4228);
#4230=CARTESIAN_POINT('',(12.650392322884,0.72681611729373,15.800028244856));
#4231=DIRECTION('',(-0.9417224702973,0.33639082766502,0.));
#4232=VECTOR('',#4231,0.22176540329241);
#4233=LINE('',#4230,#4232);
#4234=EDGE_CURVE('',#4162,#4170,#4233,.T.);
#4235=ORIENTED_EDGE('',*,*,#4234,.T.);
#4236=ORIENTED_EDGE('',*,*,#4175,.F.);
#4237=EDGE_LOOP('',(#4235,#4236));
#4238=FACE_OUTER_BOUND('',#4237,.T.);
#4239=ADVANCED_FACE('',(#4238),#4229,.T.);
#4240=CARTESIAN_POINT('',(12.406489883859,0.80941901363473,15.790028244856));
#4241=CARTESIAN_POINT('',(12.406489883859,0.80941901363473,15.800028244856));
#4242=CARTESIAN_POINT('',(12.410050330003,0.80883597239873,15.790028244856));
#4243=CARTESIAN_POINT('',(12.410050330003,0.80883597239873,15.800028244856));
#4244=CARTESIAN_POINT('',(12.416776308747,0.80773455903573,15.790028244856));
#4245=CARTESIAN_POINT('',(12.416776308747,0.80773455903573,15.800028244856));
#4246=CARTESIAN_POINT('',(12.426200797475,0.80587531493173,15.790028244856));
#4247=CARTESIAN_POINT('',(12.426200797475,0.80587531493173,15.800028244856));
#4248=CARTESIAN_POINT('',(12.434345703087,0.80380524463773,15.790028244856));
#4249=CARTESIAN_POINT('',(12.434345703087,0.80380524463773,15.800028244856));
#4250=CARTESIAN_POINT('',(12.439271920466,0.80217167681973,15.790028244856));
#4251=CARTESIAN_POINT('',(12.439271920466,0.80217167681973,15.800028244856));
#4252=CARTESIAN_POINT('',(12.441550859469,0.80141596485473,15.790028244856));
#4253=CARTESIAN_POINT('',(12.441550859469,0.80141596485473,15.800028244856));
#4254=B_SPLINE_SURFACE_WITH_KNOTS('',3,1,((#4240,#4241),(#4242,#4243),(#4244,#4245),(#4246,#4247),(#4248,#4249),(#4250,#4251),(#4252,#4253)),.UNSPECIFIED.,.F.,.T.,.U.,(4,1,1,1,4),(2,2),(0.,0.300541113159,0.567747146484,0.800033613737,1.),(0.,1.),.UNSPECIFIED.);
#4255=CARTESIAN_POINT('',(12.441550859469,0.80141596485473,15.800028244856));
#4256=CARTESIAN_POINT('',(12.439271920466,0.80217167681973,15.800028244856));
#4257=CARTESIAN_POINT('',(12.434345703087,0.80380524463773,15.800028244856));
#4258=CARTESIAN_POINT('',(12.426200797475,0.80587531493173,15.800028244856));
#4259=CARTESIAN_POINT('',(12.416776308747,0.80773455903573,15.800028244856));
#4260=CARTESIAN_POINT('',(12.410050330003,0.80883597239873,15.800028244856));
#4261=CARTESIAN_POINT('',(12.406489883859,0.80941901363473,15.800028244856));
#4262=B_SPLINE_CURVE_WITH_KNOTS('',3,(#4255,#4256,#4257,#4258,#4259,#4260,#4261),.UNSPECIFIED.,.F.,.U.,(4,1,1,1,4),(0.,0.199966386263,0.432252853516,0.699458886841,1.),.UNSPECIFIED.);
#4263=EDGE_CURVE('',#4170,#4178,#4262,.T.);
#4264=ORIENTED_EDGE('',*,*,#4263,.T.);
#4265=ORIENTED_EDGE('',*,*,#4187,.F.);
#4266=EDGE_LOOP('',(#4264,#4265));
#4267=FACE_OUTER_BOUND('',#4266,.T.);
#4268=ADVANCED_FACE('',(#4267),#4254,.T.);
#4269=CARTESIAN_POINT('',(12.441550859469,0.81875590387873,15.790028244856));
#4270=CARTESIAN_POINT('',(12.441550859469,0.81875590387873,15.800028244856));
#4271=CARTESIAN_POINT('',(12.439555942243,0.81813195131773,15.790028244856));
#4272=CARTESIAN_POINT('',(12.439555942243,0.81813195131773,15.800028244856));
#4273=CARTESIAN_POINT('',(12.435002186449,0.81670766786573,15.790028244856));
#4274=CARTESIAN_POINT('',(12.435002186449,0.81670766786573,15.800028244856));
#4275=CARTESIAN_POINT('',(12.427142656662,0.81484126388073,15.790028244856));
#4276=CARTESIAN_POINT('',(12.427142656662,0.81484126388073,15.800028244856));
#4277=CARTESIAN_POINT('',(12.417425830673,0.81301137190773,15.790028244856));
#4278=CARTESIAN_POINT('',(12.417425830673,0.81301137190773,15.800028244856));
#4279=CARTESIAN_POINT('',(12.410333570845,0.81173202627073,15.790028244856));
#4280=CARTESIAN_POINT('',(12.410333570845,0.81173202627073,15.800028244856));
#4281=CARTESIAN_POINT('',(12.406489883859,0.81103867826873,15.790028244856));
#4282=CARTESIAN_POINT('',(12.406489883859,0.81103867826873,15.800028244856));
#4283=B_SPLINE_SURFACE_WITH_KNOTS('',3,1,((#4269,#4270),(#4271,#4272),(#4273,#4274),(#4275,#4276),(#4277,#4278),(#4279,#4280),(#4281,#4282)),.UNSPECIFIED.,.F.,.T.,.U.,(4,1,1,1,4),(2,2),(0.,0.174481715317,0.398285759128,0.673897847399,1.),(0.,1.),.UNSPECIFIED.);
#4284=CARTESIAN_POINT('',(12.406489883859,0.81103867826873,15.800028244856));
#4285=CARTESIAN_POINT('',(12.410333570845,0.81173202627073,15.800028244856));
#4286=CARTESIAN_POINT('',(12.417425830673,0.81301137190773,15.800028244856));
#4287=CARTESIAN_POINT('',(12.427142656662,0.81484126388073,15.800028244856));
#4288=CARTESIAN_POINT('',(12.435002186449,0.81670766786573,15.800028244856));
#4289=CARTESIAN_POINT('',(12.439555942243,0.81813195131773,15.800028244856));
#4290=CARTESIAN_POINT('',(12.441550859469,0.81875590387873,15.800028244856));
#4291=B_SPLINE_CURVE_WITH_KNOTS('',3,(#4284,#4285,#4286,#4287,#4288,#4289,#4290),.UNSPECIFIED.,.F.,.U.,(4,1,1,1,4),(0.,0.326102152601,0.601714240872,0.825518284683,1.),.UNSPECIFIED.);
#4292=EDGE_CURVE('',#4178,#4190,#4291,.T.);
#4293=ORIENTED_EDGE('',*,*,#4292,.T.);
#4294=ORIENTED_EDGE('',*,*,#4199,.F.);
#4295=EDGE_LOOP('',(#4293,#4294));
#4296=FACE_OUTER_BOUND('',#4295,.T.);
#4297=ADVANCED_FACE('',(#4296),#4283,.T.);
#4298=CARTESIAN_POINT('',(12.650392322884,0.89402267217173,15.790028244856));
#4299=DIRECTION('',(-0.94076698696712,-0.33905379548504,0.));
#4300=DIRECTION('',(-0.33905379548504,0.94076698696712,0.));
#4301=AXIS2_PLACEMENT_3D('',#4298,#4300,#4299);
#4302=PLANE('',#4301);
#4303=CARTESIAN_POINT('',(12.441550859469,0.81875590387873,15.800028244856));
#4304=DIRECTION('',(0.94076698696673,0.33905379548611,0.));
#4305=VECTOR('',#4304,0.22199063775437);
#4306=LINE('',#4303,#4305);
#4307=EDGE_CURVE('',#4190,#4160,#4306,.T.);
#4308=ORIENTED_EDGE('',*,*,#4307,.T.);
#4309=ORIENTED_EDGE('',*,*,#4205,.F.);
#4310=EDGE_LOOP('',(#4308,#4309));
#4311=FACE_OUTER_BOUND('',#4310,.T.);
#4312=ADVANCED_FACE('',(#4311),#4302,.T.);
#4313=CARTESIAN_POINT('',(12.845514274103,0.28598151363473,15.790028244856));
#4314=DIRECTION('',(0.,0.,1.));
#4315=DIRECTION('',(-1.,0.,0.));
#4316=AXIS2_PLACEMENT_3D('',#4313,#4315,#4314);
#4317=PLANE('',#4316);
#4318=ORIENTED_EDGE('',*,*,#1848,.F.);
#4319=CARTESIAN_POINT('',(12.845514274103,0.28598151363473,15.790028244856));
#4320=DIRECTION('',(0.,-1.,0.));
#4321=VECTOR('',#4320,0.135956554878);
#4322=LINE('',#4319,#4321);
#4323=EDGE_CURVE('',#1841,#1843,#4322,.T.);
#4324=ORIENTED_EDGE('',*,*,#4323,.T.);
#4325=EDGE_LOOP('',(#4318,#4324));
#4326=FACE_OUTER_BOUND('',#4325,.T.);
#4327=ADVANCED_FACE('',(#4326),#4317,.T.);
#4328=CARTESIAN_POINT('',(12.845514274103,0.15002495875673,15.790028244856));
#4329=DIRECTION('',(0.,0.,-1.));
#4330=DIRECTION('',(0.,1.,0.));
#4331=AXIS2_PLACEMENT_3D('',#4328,#4330,#4329);
#4332=PLANE('',#4331);
#4333=ORIENTED_EDGE('',*,*,#1856,.F.);
#4334=CARTESIAN_POINT('',(12.845514274103,0.15002495875673,15.790028244856));
#4335=DIRECTION('',(-1.,0.,0.));
#4336=VECTOR('',#4335,0.5);
#4337=LINE('',#4334,#4336);
#4338=EDGE_CURVE('',#1843,#1851,#4337,.T.);
#4339=ORIENTED_EDGE('',*,*,#4338,.T.);
#4340=EDGE_LOOP('',(#4333,#4339));
#4341=FACE_OUTER_BOUND('',#4340,.T.);
#4342=ADVANCED_FACE('',(#4341),#4332,.T.);
#4343=CARTESIAN_POINT('',(12.345514274103,0.15002495875673,15.790028244856));
#4344=DIRECTION('',(0.,0.,-1.));
#4345=DIRECTION('',(1.,-0.,0.));
#4346=AXIS2_PLACEMENT_3D('',#4343,#4345,#4344);
#4347=PLANE('',#4346);
#4348=ORIENTED_EDGE('',*,*,#1864,.F.);
#4349=CARTESIAN_POINT('',(12.345514274103,0.15002495875673,15.790028244856));
#4350=DIRECTION('',(0.,1.,0.));
#4351=VECTOR('',#4350,0.141101371951);
#4352=LINE('',#4349,#4351);
#4353=EDGE_CURVE('',#1851,#1859,#4352,.T.);
#4354=ORIENTED_EDGE('',*,*,#4353,.T.);
#4355=EDGE_LOOP('',(#4348,#4354));
#4356=FACE_OUTER_BOUND('',#4355,.T.);
#4357=ADVANCED_FACE('',(#4356),#4347,.T.);
#4358=CARTESIAN_POINT('',(12.345514274103,0.29112633070773,15.790028244856));
#4359=CARTESIAN_POINT('',(12.345514274103,0.29112633070773,15.800028244856));
#4360=CARTESIAN_POINT('',(12.34571902008,0.30031226274173,15.790028244856));
#4361=CARTESIAN_POINT('',(12.34571902008,0.30031226274173,15.800028244856));
#4362=CARTESIAN_POINT('',(12.346120469435,0.31832329555173,15.790028244856));
#4363=CARTESIAN_POINT('',(12.346120469435,0.31832329555173,15.800028244856));
#4364=CARTESIAN_POINT('',(12.349169947057,0.34473536764473,15.790028244856));
#4365=CARTESIAN_POINT('',(12.349169947057,0.34473536764473,15.800028244856));
#4366=CARTESIAN_POINT('',(12.354461781961,0.36993328914973,15.790028244856));
#4367=CARTESIAN_POINT('',(12.354461781961,0.36993328914973,15.800028244856));
#4368=CARTESIAN_POINT('',(12.361681031326,0.39398635266473,15.790028244856));
#4369=CARTESIAN_POINT('',(12.361681031326,0.39398635266473,15.800028244856));
#4370=CARTESIAN_POINT('',(12.370903543599,0.41692241968973,15.790028244856));
#4371=CARTESIAN_POINT('',(12.370903543599,0.41692241968973,15.800028244856));
#4372=CARTESIAN_POINT('',(12.382456889461,0.43852541359173,15.790028244856));
#4373=CARTESIAN_POINT('',(12.382456889461,0.43852541359173,15.800028244856));
#4374=CARTESIAN_POINT('',(12.395939533761,0.45903236561973,15.790028244856));
#4375=CARTESIAN_POINT('',(12.395939533761,0.45903236561973,15.800028244856));
#4376=CARTESIAN_POINT('',(12.411380717903,0.47817642185273,15.790028244856));
#4377=CARTESIAN_POINT('',(12.411380717903,0.47817642185273,15.800028244856));
#4378=CARTESIAN_POINT('',(12.428549795146,0.49562555963273,15.790028244856));
#4379=CARTESIAN_POINT('',(12.428549795146,0.49562555963273,15.800028244856));
#4380=CARTESIAN_POINT('',(12.447327131978,0.51083662008673,15.790028244856));
#4381=CARTESIAN_POINT('',(12.447327131978,0.51083662008673,15.800028244856));
#4382=CARTESIAN_POINT('',(12.467461584279,0.52385965025673,15.790028244856));
#4383=CARTESIAN_POINT('',(12.467461584279,0.52385965025673,15.800028244856));
#4384=CARTESIAN_POINT('',(12.489112353206,0.53433976240173,15.790028244856));
#4385=CARTESIAN_POINT('',(12.489112353206,0.53433976240173,15.800028244856));
#4386=CARTESIAN_POINT('',(12.512162784417,0.54247725662673,15.790028244856));
#4387=CARTESIAN_POINT('',(12.512162784417,0.54247725662673,15.800028244856));
#4388=CARTESIAN_POINT('',(12.53659616339,0.54823966370273,15.790028244856));
#4389=CARTESIAN_POINT('',(12.53659616339,0.54823966370273,15.800028244856));
#4390=CARTESIAN_POINT('',(12.562440163934,0.55187413755273,15.790028244856));
#4391=CARTESIAN_POINT('',(12.562440163934,0.55187413755273,15.800028244856));
#4392=CARTESIAN_POINT('',(12.580162681062,0.55226439920073,15.790028244856));
#4393=CARTESIAN_POINT('',(12.580162681062,0.55226439920073,15.800028244856));
#4394=CARTESIAN_POINT('',(12.589226164347,0.55246398314673,15.790028244856));
#4395=CARTESIAN_POINT('',(12.589226164347,0.55246398314673,15.800028244856));
#4396=B_SPLINE_SURFACE_WITH_KNOTS('',3,1,((#4358,#4359),(#4360,#4361),(#4362,#4363),(#4364,#4365),(#4366,#4367),(#4368,#4369),(#4370,#4371),(#4372,#4373),(#4374,#4375),(#4376,#4377),(#4378,#4379),(#4380,#4381),(#4382,#4383),(#4384,#4385),(#4386,#4387),(#4388,#4389),(#4390,#4391),(#4392,#4393),(#4394,#4395)),.UNSPECIFIED.,.F.,.T.,.U.,(4,1,1,1,1,1,1,1,1,1,1,1,1,1,1,1,4),(2,2),(0.,2.7598345539585,5.4112604495474,7.9752803757248,10.487020960052,12.948406274623,15.390216530121,17.835771881292,20.312702184839,22.768902511067,25.177312016615,27.559642385638,29.958182056456,32.387823047901,34.889864844265,37.49047127175,40.212547812463),(0.,1.),.UNSPECIFIED.);
#4397=ORIENTED_EDGE('',*,*,#1888,.F.);
#4398=CARTESIAN_POINT('',(12.345514274103,0.29112633070773,15.790028244856));
#4399=CARTESIAN_POINT('',(12.34571902008,0.30031226274173,15.790028244856));
#4400=CARTESIAN_POINT('',(12.346120469435,0.31832329555173,15.790028244856));
#4401=CARTESIAN_POINT('',(12.349169947057,0.34473536764473,15.790028244856));
#4402=CARTESIAN_POINT('',(12.354461781961,0.36993328914973,15.790028244856));
#4403=CARTESIAN_POINT('',(12.361681031326,0.39398635266473,15.790028244856));
#4404=CARTESIAN_POINT('',(12.370903543599,0.41692241968973,15.790028244856));
#4405=CARTESIAN_POINT('',(12.382456889461,0.43852541359173,15.790028244856));
#4406=CARTESIAN_POINT('',(12.395939533761,0.45903236561973,15.790028244856));
#4407=CARTESIAN_POINT('',(12.411380717903,0.47817642185273,15.790028244856));
#4408=CARTESIAN_POINT('',(12.428549795146,0.49562555963273,15.790028244856));
#4409=CARTESIAN_POINT('',(12.447327131978,0.51083662008673,15.790028244856));
#4410=CARTESIAN_POINT('',(12.467461584279,0.52385965025673,15.790028244856));
#4411=CARTESIAN_POINT('',(12.489112353206,0.53433976240173,15.790028244856));
#4412=CARTESIAN_POINT('',(12.512162784417,0.54247725662673,15.790028244856));
#4413=CARTESIAN_POINT('',(12.53659616339,0.54823966370273,15.790028244856));
#4414=CARTESIAN_POINT('',(12.562440163934,0.55187413755273,15.790028244856));
#4415=CARTESIAN_POINT('',(12.580162681062,0.55226439920073,15.790028244856));
#4416=CARTESIAN_POINT('',(12.589226164347,0.55246398314673,15.790028244856));
#4417=B_SPLINE_CURVE_WITH_KNOTS('',3,(#4398,#4399,#4400,#4401,#4402,#4403,#4404,#4405,#4406,#4407,#4408,#4409,#4410,#4411,#4412,#4413,#4414,#4415,#4416),.UNSPECIFIED.,.F.,.U.,(4,1,1,1,1,1,1,1,1,1,1,1,1,1,1,1,4),(0.,0.0686311786766,0.134566466039,0.198328154011,0.260789766641,0.321999151484,0.382721746503,0.443537474036,0.505133429485,0.566213874765,0.626105864618,0.685349322161,0.744995870348,0.805415841815,0.867636266346,0.932307782302,1.),.UNSPECIFIED.);
#4418=EDGE_CURVE('',#1859,#1867,#4417,.T.);
#4419=ORIENTED_EDGE('',*,*,#4418,.T.);
#4420=EDGE_LOOP('',(#4397,#4419));
#4421=FACE_OUTER_BOUND('',#4420,.T.);
#4422=ADVANCED_FACE('',(#4421),#4396,.T.);
#4423=CARTESIAN_POINT('',(12.589226164347,0.55246398314673,15.790028244856));
#4424=CARTESIAN_POINT('',(12.589226164347,0.55246398314673,15.800028244856));
#4425=CARTESIAN_POINT('',(12.5986699566,0.55226204954573,15.790028244856));
#4426=CARTESIAN_POINT('',(12.5986699566,0.55226204954573,15.800028244856));
#4427=CARTESIAN_POINT('',(12.617181563746,0.55186622174773,15.790028244856));
#4428=CARTESIAN_POINT('',(12.617181563746,0.55186622174773,15.800028244856));
#4429=CARTESIAN_POINT('',(12.644197661286,0.54824833243173,15.790028244856));
#4430=CARTESIAN_POINT('',(12.644197661286,0.54824833243173,15.800028244856));
#4431=CARTESIAN_POINT('',(12.669796177757,0.54247298438973,15.790028244856));
#4432=CARTESIAN_POINT('',(12.669796177757,0.54247298438973,15.800028244856));
#4433=CARTESIAN_POINT('',(12.693962570176,0.53436610345973,15.790028244856));
#4434=CARTESIAN_POINT('',(12.693962570176,0.53436610345973,15.800028244856));
#4435=CARTESIAN_POINT('',(12.716679407851,0.52387006040473,15.790028244856));
#4436=CARTESIAN_POINT('',(12.716679407851,0.52387006040473,15.800028244856));
#4437=CARTESIAN_POINT('',(12.737863696362,0.51085653057273,15.790028244856));
#4438=CARTESIAN_POINT('',(12.737863696362,0.51085653057273,15.800028244856));
#4439=CARTESIAN_POINT('',(12.757676958911,0.49567625535273,15.790028244856));
#4440=CARTESIAN_POINT('',(12.757676958911,0.49567625535273,15.800028244856));
#4441=CARTESIAN_POINT('',(12.775847737545,0.47822523056873,15.790028244856));
#4442=CARTESIAN_POINT('',(12.775847737545,0.47822523056873,15.800028244856));
#4443=CARTESIAN_POINT('',(12.79211051962,0.45892565478473,15.790028244856));
#4444=CARTESIAN_POINT('',(12.79211051962,0.45892565478473,15.800028244856));
#4445=CARTESIAN_POINT('',(12.80657392575,0.43828823664473,15.790028244856));
#4446=CARTESIAN_POINT('',(12.80657392575,0.43828823664473,15.800028244856));
#4447=CARTESIAN_POINT('',(12.818591088581,0.41613564801473,15.790028244856));
#4448=CARTESIAN_POINT('',(12.818591088581,0.41613564801473,15.800028244856));
#4449=CARTESIAN_POINT('',(12.828409682387,0.39265709378373,15.790028244856));
#4450=CARTESIAN_POINT('',(12.828409682387,0.39265709378373,15.800028244856));
#4451=CARTESIAN_POINT('',(12.836205058919,0.36789363799673,15.790028244856));
#4452=CARTESIAN_POINT('',(12.836205058919,0.36789363799673,15.800028244856));
#4453=CARTESIAN_POINT('',(12.841512548147,0.34173795913073,15.790028244856));
#4454=CARTESIAN_POINT('',(12.841512548147,0.34173795913073,15.800028244856));
#4455=CARTESIAN_POINT('',(12.845001757451,0.31430892886273,15.790028244856));
#4456=CARTESIAN_POINT('',(12.845001757451,0.31430892886273,15.800028244856));
#4457=CARTESIAN_POINT('',(12.845341121415,0.29555187212473,15.790028244856));
#4458=CARTESIAN_POINT('',(12.845341121415,0.29555187212473,15.800028244856));
#4459=CARTESIAN_POINT('',(12.845514274103,0.28598151363473,15.790028244856));
#4460=CARTESIAN_POINT('',(12.845514274103,0.28598151363473,15.800028244856));
#4461=B_SPLINE_SURFACE_WITH_KNOTS('',3,1,((#4423,#4424),(#4425,#4426),(#4427,#4428),(#4429,#4430),(#4431,#4432),(#4433,#4434),(#4435,#4436),(#4437,#4438),(#4439,#4440),(#4441,#4442),(#4443,#4444),(#4445,#4446),(#4447,#4448),(#4449,#4450),(#4451,#4452),(#4453,#4454),(#4455,#4456),(#4457,#4458),(#4459,#4460)),.UNSPECIFIED.,.F.,.T.,.U.,(4,1,1,1,1,1,1,1,1,1,1,1,1,1,1,1,4),(2,2),(0.,2.8365142146654,5.560100794046,8.1736693520295,10.711560979539,13.204927276386,15.676227544985,18.167054222786,20.691291936186,23.230331525201,25.739843352728,28.25082440184,30.787011065915,33.376637392027,36.037991721129,38.797056311322,41.671346563255),(0.,1.),.UNSPECIFIED.);
#4462=ORIENTED_EDGE('',*,*,#1910,.F.);
#4463=CARTESIAN_POINT('',(12.589226164347,0.55246398314673,15.790028244856));
#4464=CARTESIAN_POINT('',(12.5986699566,0.55226204954573,15.790028244856));
#4465=CARTESIAN_POINT('',(12.617181563746,0.55186622174773,15.790028244856));
#4466=CARTESIAN_POINT('',(12.644197661286,0.54824833243173,15.790028244856));
#4467=CARTESIAN_POINT('',(12.669796177757,0.54247298438973,15.790028244856));
#4468=CARTESIAN_POINT('',(12.693962570176,0.53436610345973,15.790028244856));
#4469=CARTESIAN_POINT('',(12.716679407851,0.52387006040473,15.790028244856));
#4470=CARTESIAN_POINT('',(12.737863696362,0.51085653057273,15.790028244856));
#4471=CARTESIAN_POINT('',(12.757676958911,0.49567625535273,15.790028244856));
#4472=CARTESIAN_POINT('',(12.775847737545,0.47822523056873,15.790028244856));
#4473=CARTESIAN_POINT('',(12.79211051962,0.45892565478473,15.790028244856));
#4474=CARTESIAN_POINT('',(12.80657392575,0.43828823664473,15.790028244856));
#4475=CARTESIAN_POINT('',(12.818591088581,0.41613564801473,15.790028244856));
#4476=CARTESIAN_POINT('',(12.828409682387,0.39265709378373,15.790028244856));
#4477=CARTESIAN_POINT('',(12.836205058919,0.36789363799673,15.790028244856));
#4478=CARTESIAN_POINT('',(12.841512548147,0.34173795913073,15.790028244856));
#4479=CARTESIAN_POINT('',(12.845001757451,0.31430892886273,15.790028244856));
#4480=CARTESIAN_POINT('',(12.845341121415,0.29555187212473,15.790028244856));
#4481=CARTESIAN_POINT('',(12.845514274103,0.28598151363473,15.790028244856));
#4482=B_SPLINE_CURVE_WITH_KNOTS('',3,(#4463,#4464,#4465,#4466,#4467,#4468,#4469,#4470,#4471,#4472,#4473,#4474,#4475,#4476,#4477,#4478,#4479,#4480,#4481),.UNSPECIFIED.,.F.,.U.,(4,1,1,1,1,1,1,1,1,1,1,1,1,1,1,1,4),(0.,0.06806869584499,0.133427432819,0.196146033813,0.257048592449,0.316882663159,0.376187208666,0.435960335364,0.496535236863,0.557465343481,0.61768686341,0.677943640697,0.738805284806,0.800949336767,0.86481466747,0.931024781079,1.),.UNSPECIFIED.);
#4483=EDGE_CURVE('',#1867,#1841,#4482,.T.);
#4484=ORIENTED_EDGE('',*,*,#4483,.T.);
#4485=EDGE_LOOP('',(#4462,#4484));
#4486=FACE_OUTER_BOUND('',#4485,.T.);
#4487=ADVANCED_FACE('',(#4486),#4461,.T.);
#4488=CARTESIAN_POINT('',(12.410363923889,0.47641475255873,15.790028244856));
#4489=DIRECTION('',(0.,1.,0.));
#4490=DIRECTION('',(0.,-0.,1.));
#4491=AXIS2_PLACEMENT_3D('',#4488,#4490,#4489);
#4492=PLANE('',#4491);
#4493=ORIENTED_EDGE('',*,*,#4323,.F.);
#4494=ORIENTED_EDGE('',*,*,#4483,.F.);
#4495=ORIENTED_EDGE('',*,*,#4418,.F.);
#4496=ORIENTED_EDGE('',*,*,#4353,.F.);
#4497=ORIENTED_EDGE('',*,*,#4338,.F.);
#4498=EDGE_LOOP('',(#4493,#4494,#4495,#4496,#4497));
#4499=FACE_OUTER_BOUND('',#4498,.T.);
#4500=CARTESIAN_POINT('',(12.400392322884,0.29084050753773,15.790028244856));
#4501=VERTEX_POINT('',#4500);
#4502=CARTESIAN_POINT('',(12.590655280201,0.48539081241573,15.795028244856));
#4503=VERTEX_POINT('',#4502);
#4504=CARTESIAN_POINT('',(12.400392322884,0.29084050753773,15.790028244856));
#4505=CARTESIAN_POINT('',(12.400538819968,0.29796014564073,15.790028244856));
#4506=CARTESIAN_POINT('',(12.400824690798,0.31185323339273,15.790028244856));
#4507=CARTESIAN_POINT('',(12.403051825687,0.33218340381073,15.790028244856));
#4508=CARTESIAN_POINT('',(12.406710626155,0.35144909085973,15.790028244856));
#4509=CARTESIAN_POINT('',(12.411981902938,0.36969252724973,15.790028244856));
#4510=CARTESIAN_POINT('',(12.418737365956,0.38685774319173,15.790028244856));
#4511=CARTESIAN_POINT('',(12.426958186132,0.40300283295473,15.790028244856));
#4512=CARTESIAN_POINT('',(12.436749071207,0.41800133018073,15.790028244856));
#4513=CARTESIAN_POINT('',(12.447874454603,0.43198334260173,15.790028244856));
#4514=CARTESIAN_POINT('',(12.460529240801,0.44460511681473,15.790028244856));
#4515=CARTESIAN_POINT('',(12.474791599184,0.45555675034173,15.790028244856));
#4516=CARTESIAN_POINT('',(12.490497863399,0.46483666609173,15.790028244856));
#4517=CARTESIAN_POINT('',(12.507725033372,0.47237293127173,15.790028244856));
#4518=CARTESIAN_POINT('',(12.526374406777,0.47827733660873,15.790028244856));
#4519=CARTESIAN_POINT('',(12.546517894345,0.48243032913173,15.790028244856));
#4520=CARTESIAN_POINT('',(12.568108398278,0.48490843623273,15.790028244856));
#4521=CARTESIAN_POINT('',(12.582994837632,0.48522692212473,15.790028244856));
#4522=CARTESIAN_POINT('',(12.590655280201,0.48539081241573,15.790028244856));
#4523=B_SPLINE_CURVE_WITH_KNOTS('',3,(#4504,#4505,#4506,#4507,#4508,#4509,#4510,#4511,#4512,#4513,#4514,#4515,#4516,#4517,#4518,#4519,#4520,#4521,#4522),.UNSPECIFIED.,.F.,.U.,(4,1,1,1,1,1,1,1,1,1,1,1,1,1,1,1,4),(0.,0.069058342953,0.134758762279,0.198144247804,0.259086501843,0.318702807209,0.376851277666,0.434535087223,0.492179388444,0.5499125454,0.607470327591,0.666175255421,0.726457393497,0.789500503897,0.855606389636,0.92569620355718,1.),.UNSPECIFIED.);
#4524=EDGE_CURVE('',#4501,#4503,#4523,.T.);
#4525=ORIENTED_EDGE('',*,*,#4524,.T.);
#4526=CARTESIAN_POINT('',(12.790636225323,0.28807755022073,15.795028244856));
#4527=VERTEX_POINT('',#4526);
#4528=CARTESIAN_POINT('',(12.590655280201,0.48539081241573,15.790028244856));
#4529=CARTESIAN_POINT('',(12.598346550953,0.48521825440573,15.790028244856));
#4530=CARTESIAN_POINT('',(12.613290967644,0.48488296796273,15.790028244856));
#4531=CARTESIAN_POINT('',(12.635071686959,0.48251418393473,15.790028244856));
#4532=CARTESIAN_POINT('',(12.655535868569,0.47841304525573,15.790028244856));
#4533=CARTESIAN_POINT('',(12.67474024862,0.47275553584273,15.790028244856));
#4534=CARTESIAN_POINT('',(12.692607893293,0.46535179073473,15.790028244856));
#4535=CARTESIAN_POINT('',(12.709217541039,0.45641103565573,15.790028244856));
#4536=CARTESIAN_POINT('',(12.724404462718,0.44564985272273,15.790028244856));
#4537=CARTESIAN_POINT('',(12.738275178077,0.43345248077673,15.790028244856));
#4538=CARTESIAN_POINT('',(12.750612708433,0.41976828335073,15.790028244856));
#4539=CARTESIAN_POINT('',(12.761355618039,0.40471326739173,15.790028244856));
#4540=CARTESIAN_POINT('',(12.770383417277,0.38834846092773,15.790028244856));
#4541=CARTESIAN_POINT('',(12.777906227632,0.37078626743673,15.790028244856));
#4542=CARTESIAN_POINT('',(12.783581475045,0.35188501112173,15.790028244856));
#4543=CARTESIAN_POINT('',(12.787632772303,0.33172657855073,15.790028244856));
#4544=CARTESIAN_POINT('',(12.79015567311,0.31030830027873,15.790028244856));
#4545=CARTESIAN_POINT('',(12.790473370864,0.29561133460573,15.790028244856));
#4546=CARTESIAN_POINT('',(12.790636225323,0.28807755022073,15.790028244856));
#4547=B_SPLINE_CURVE_WITH_KNOTS('',3,(#4528,#4529,#4530,#4531,#4532,#4533,#4534,#4535,#4536,#4537,#4538,#4539,#4540,#4541,#4542,#4543,#4544,#4545,#4546),.UNSPECIFIED.,.F.,.U.,(4,1,1,1,1,1,1,1,1,1,1,1,1,1,1,1,4),(0.,0.072318674547,0.140517795021,0.205702188386,0.26834427791,0.328461163609,0.387258121508,0.445337830391,0.503097275454,0.560609925481,0.618202377287,0.676619679402,0.736026245586,0.797524668466,0.86183096672,0.92917342744484,1.),.UNSPECIFIED.);
#4548=EDGE_CURVE('',#4503,#4527,#4547,.T.);
#4549=ORIENTED_EDGE('',*,*,#4548,.T.);
#4550=CARTESIAN_POINT('',(12.790636225323,0.21709812948873,15.790028244856));
#4551=VERTEX_POINT('',#4550);
#4552=CARTESIAN_POINT('',(12.790636225323,0.28807755022073,15.790028244856));
#4553=DIRECTION('',(0.,-1.,0.));
#4554=VECTOR('',#4553,0.070979420732);
#4555=LINE('',#4552,#4554);
#4556=EDGE_CURVE('',#4527,#4551,#4555,.T.);
#4557=ORIENTED_EDGE('',*,*,#4556,.T.);
#4558=CARTESIAN_POINT('',(12.400392322884,0.21709812948873,15.790028244856));
#4559=VERTEX_POINT('',#4558);
#4560=CARTESIAN_POINT('',(12.790636225323,0.21709812948873,15.790028244856));
#4561=DIRECTION('',(-1.,0.,0.));
#4562=VECTOR('',#4561,0.390243902439);
#4563=LINE('',#4560,#4562);
#4564=EDGE_CURVE('',#4551,#4559,#4563,.T.);
#4565=ORIENTED_EDGE('',*,*,#4564,.T.);
#4566=CARTESIAN_POINT('',(12.400392322884,0.21709812948873,15.790028244856));
#4567=DIRECTION('',(0.,1.,0.));
#4568=VECTOR('',#4567,0.073742378049);
#4569=LINE('',#4566,#4568);
#4570=EDGE_CURVE('',#4559,#4501,#4569,.T.);
#4571=ORIENTED_EDGE('',*,*,#4570,.T.);
#4572=EDGE_LOOP('',(#4525,#4549,#4557,#4565,#4571));
#4573=FACE_BOUND('',#4572,.T.);
#4574=ADVANCED_FACE('',(#4499,#4573),#4492,.T.);
#4575=CARTESIAN_POINT('',(12.400392322884,0.29084050753773,15.790028244856));
#4576=DIRECTION('',(0.,0.,1.));
#4577=DIRECTION('',(-1.,0.,0.));
#4578=AXIS2_PLACEMENT_3D('',#4575,#4577,#4576);
#4579=PLANE('',#4578);
#4580=CARTESIAN_POINT('',(12.400392322884,0.21709812948873,15.800028244856));
#4581=DIRECTION('',(0.,1.,0.));
#4582=VECTOR('',#4581,0.073742378049);
#4583=LINE('',#4580,#4582);
#4584=EDGE_CURVE('',#4559,#4501,#4583,.T.);
#4585=ORIENTED_EDGE('',*,*,#4584,.T.);
#4586=ORIENTED_EDGE('',*,*,#4570,.F.);
#4587=EDGE_LOOP('',(#4585,#4586));
#4588=FACE_OUTER_BOUND('',#4587,.T.);
#4589=ADVANCED_FACE('',(#4588),#4579,.T.);
#4590=CARTESIAN_POINT('',(12.590655280201,0.48539081241573,15.790028244856));
#4591=CARTESIAN_POINT('',(12.590655280201,0.48539081241573,15.800028244856));
#4592=CARTESIAN_POINT('',(12.582994837632,0.48522692212473,15.790028244856));
#4593=CARTESIAN_POINT('',(12.582994837632,0.48522692212473,15.800028244856));
#4594=CARTESIAN_POINT('',(12.568108398278,0.48490843623273,15.790028244856));
#4595=CARTESIAN_POINT('',(12.568108398278,0.48490843623273,15.800028244856));
#4596=CARTESIAN_POINT('',(12.546517894345,0.48243032913173,15.790028244856));
#4597=CARTESIAN_POINT('',(12.546517894345,0.48243032913173,15.800028244856));
#4598=CARTESIAN_POINT('',(12.526374406777,0.47827733660873,15.790028244856));
#4599=CARTESIAN_POINT('',(12.526374406777,0.47827733660873,15.800028244856));
#4600=CARTESIAN_POINT('',(12.507725033372,0.47237293127173,15.790028244856));
#4601=CARTESIAN_POINT('',(12.507725033372,0.47237293127173,15.800028244856));
#4602=CARTESIAN_POINT('',(12.490497863399,0.46483666609173,15.790028244856));
#4603=CARTESIAN_POINT('',(12.490497863399,0.46483666609173,15.800028244856));
#4604=CARTESIAN_POINT('',(12.474791599184,0.45555675034173,15.790028244856));
#4605=CARTESIAN_POINT('',(12.474791599184,0.45555675034173,15.800028244856));
#4606=CARTESIAN_POINT('',(12.460529240801,0.44460511681473,15.790028244856));
#4607=CARTESIAN_POINT('',(12.460529240801,0.44460511681473,15.800028244856));
#4608=CARTESIAN_POINT('',(12.447874454603,0.43198334260173,15.790028244856));
#4609=CARTESIAN_POINT('',(12.447874454603,0.43198334260173,15.800028244856));
#4610=CARTESIAN_POINT('',(12.436749071207,0.41800133018073,15.790028244856));
#4611=CARTESIAN_POINT('',(12.436749071207,0.41800133018073,15.800028244856));
#4612=CARTESIAN_POINT('',(12.426958186132,0.40300283295473,15.790028244856));
#4613=CARTESIAN_POINT('',(12.426958186132,0.40300283295473,15.800028244856));
#4614=CARTESIAN_POINT('',(12.418737365956,0.38685774319173,15.790028244856));
#4615=CARTESIAN_POINT('',(12.418737365956,0.38685774319173,15.800028244856));
#4616=CARTESIAN_POINT('',(12.411981902938,0.36969252724973,15.790028244856));
#4617=CARTESIAN_POINT('',(12.411981902938,0.36969252724973,15.800028244856));
#4618=CARTESIAN_POINT('',(12.406710626155,0.35144909085973,15.790028244856));
#4619=CARTESIAN_POINT('',(12.406710626155,0.35144909085973,15.800028244856));
#4620=CARTESIAN_POINT('',(12.403051825687,0.33218340381073,15.790028244856));
#4621=CARTESIAN_POINT('',(12.403051825687,0.33218340381073,15.800028244856));
#4622=CARTESIAN_POINT('',(12.400824690798,0.31185323339273,15.790028244856));
#4623=CARTESIAN_POINT('',(12.400824690798,0.31185323339273,15.800028244856));
#4624=CARTESIAN_POINT('',(12.400538819968,0.29796014564073,15.790028244856));
#4625=CARTESIAN_POINT('',(12.400538819968,0.29796014564073,15.800028244856));
#4626=CARTESIAN_POINT('',(12.400392322884,0.29084050753773,15.790028244856));
#4627=CARTESIAN_POINT('',(12.400392322884,0.29084050753773,15.800028244856));
#4628=B_SPLINE_SURFACE_WITH_KNOTS('',3,1,((#4590,#4591),(#4592,#4593),(#4594,#4595),(#4596,#4597),(#4598,#4599),(#4600,#4601),(#4602,#4603),(#4604,#4605),(#4606,#4607),(#4608,#4609),(#4610,#4611),(#4612,#4613),(#4614,#4615),(#4616,#4617),(#4618,#4619),(#4620,#4621),(#4622,#4623),(#4624,#4625),(#4626,#4627)),.UNSPECIFIED.,.F.,.T.,.U.,(4,1,1,1,1,1,1,1,1,1,1,1,1,1,1,1,4),(2,2),(0.,2.3013913664831,4.4722641934286,6.5197438915962,8.4723610785585,10.339463417374,12.157715250333,13.940436852051,15.728590288876,17.513991621081,19.30061663428,21.101633463708,22.948113146297,24.835661078082,26.798882557079,28.833803853833,30.972729209793),(0.,1.),.UNSPECIFIED.);
#4629=CARTESIAN_POINT('',(12.400392322884,0.29084050753773,15.800028244856));
#4630=CARTESIAN_POINT('',(12.400538819968,0.29796014564073,15.800028244856));
#4631=CARTESIAN_POINT('',(12.400824690798,0.31185323339273,15.800028244856));
#4632=CARTESIAN_POINT('',(12.403051825687,0.33218340381073,15.800028244856));
#4633=CARTESIAN_POINT('',(12.406710626155,0.35144909085973,15.800028244856));
#4634=CARTESIAN_POINT('',(12.411981902938,0.36969252724973,15.800028244856));
#4635=CARTESIAN_POINT('',(12.418737365956,0.38685774319173,15.800028244856));
#4636=CARTESIAN_POINT('',(12.426958186132,0.40300283295473,15.800028244856));
#4637=CARTESIAN_POINT('',(12.436749071207,0.41800133018073,15.800028244856));
#4638=CARTESIAN_POINT('',(12.447874454603,0.43198334260173,15.800028244856));
#4639=CARTESIAN_POINT('',(12.460529240801,0.44460511681473,15.800028244856));
#4640=CARTESIAN_POINT('',(12.474791599184,0.45555675034173,15.800028244856));
#4641=CARTESIAN_POINT('',(12.490497863399,0.46483666609173,15.800028244856));
#4642=CARTESIAN_POINT('',(12.507725033372,0.47237293127173,15.800028244856));
#4643=CARTESIAN_POINT('',(12.526374406777,0.47827733660873,15.800028244856));
#4644=CARTESIAN_POINT('',(12.546517894345,0.48243032913173,15.800028244856));
#4645=CARTESIAN_POINT('',(12.568108398278,0.48490843623273,15.800028244856));
#4646=CARTESIAN_POINT('',(12.582994837632,0.48522692212473,15.800028244856));
#4647=CARTESIAN_POINT('',(12.590655280201,0.48539081241573,15.800028244856));
#4648=B_SPLINE_CURVE_WITH_KNOTS('',3,(#4629,#4630,#4631,#4632,#4633,#4634,#4635,#4636,#4637,#4638,#4639,#4640,#4641,#4642,#4643,#4644,#4645,#4646,#4647),.UNSPECIFIED.,.F.,.U.,(4,1,1,1,1,1,1,1,1,1,1,1,1,1,1,1,4),(0.,0.069058342953,0.134758762279,0.198144247804,0.259086501843,0.318702807209,0.376851277666,0.434535087223,0.492179388444,0.5499125454,0.607470327591,0.666175255421,0.726457393497,0.789500503897,0.855606389636,0.92569620355718,1.),.UNSPECIFIED.);
#4649=EDGE_CURVE('',#4501,#4503,#4648,.T.);
#4650=ORIENTED_EDGE('',*,*,#4649,.T.);
#4651=ORIENTED_EDGE('',*,*,#4524,.F.);
#4652=EDGE_LOOP('',(#4650,#4651));
#4653=FACE_OUTER_BOUND('',#4652,.T.);
#4654=ADVANCED_FACE('',(#4653),#4628,.T.);
#4655=CARTESIAN_POINT('',(12.790636225323,0.28807755022073,15.790028244856));
#4656=CARTESIAN_POINT('',(12.790636225323,0.28807755022073,15.800028244856));
#4657=CARTESIAN_POINT('',(12.790473370864,0.29561133460573,15.790028244856));
#4658=CARTESIAN_POINT('',(12.790473370864,0.29561133460573,15.800028244856));
#4659=CARTESIAN_POINT('',(12.79015567311,0.31030830027873,15.790028244856));
#4660=CARTESIAN_POINT('',(12.79015567311,0.31030830027873,15.800028244856));
#4661=CARTESIAN_POINT('',(12.787632772303,0.33172657855073,15.790028244856));
#4662=CARTESIAN_POINT('',(12.787632772303,0.33172657855073,15.800028244856));
#4663=CARTESIAN_POINT('',(12.783581475045,0.35188501112173,15.790028244856));
#4664=CARTESIAN_POINT('',(12.783581475045,0.35188501112173,15.800028244856));
#4665=CARTESIAN_POINT('',(12.777906227632,0.37078626743673,15.790028244856));
#4666=CARTESIAN_POINT('',(12.777906227632,0.37078626743673,15.800028244856));
#4667=CARTESIAN_POINT('',(12.770383417277,0.38834846092773,15.790028244856));
#4668=CARTESIAN_POINT('',(12.770383417277,0.38834846092773,15.800028244856));
#4669=CARTESIAN_POINT('',(12.761355618039,0.40471326739173,15.790028244856));
#4670=CARTESIAN_POINT('',(12.761355618039,0.40471326739173,15.800028244856));
#4671=CARTESIAN_POINT('',(12.750612708433,0.41976828335073,15.790028244856));
#4672=CARTESIAN_POINT('',(12.750612708433,0.41976828335073,15.800028244856));
#4673=CARTESIAN_POINT('',(12.738275178077,0.43345248077673,15.790028244856));
#4674=CARTESIAN_POINT('',(12.738275178077,0.43345248077673,15.800028244856));
#4675=CARTESIAN_POINT('',(12.724404462718,0.44564985272273,15.790028244856));
#4676=CARTESIAN_POINT('',(12.724404462718,0.44564985272273,15.800028244856));
#4677=CARTESIAN_POINT('',(12.709217541039,0.45641103565573,15.790028244856));
#4678=CARTESIAN_POINT('',(12.709217541039,0.45641103565573,15.800028244856));
#4679=CARTESIAN_POINT('',(12.692607893293,0.46535179073473,15.790028244856));
#4680=CARTESIAN_POINT('',(12.692607893293,0.46535179073473,15.800028244856));
#4681=CARTESIAN_POINT('',(12.67474024862,0.47275553584273,15.790028244856));
#4682=CARTESIAN_POINT('',(12.67474024862,0.47275553584273,15.800028244856));
#4683=CARTESIAN_POINT('',(12.655535868569,0.47841304525573,15.790028244856));
#4684=CARTESIAN_POINT('',(12.655535868569,0.47841304525573,15.800028244856));
#4685=CARTESIAN_POINT('',(12.635071686959,0.48251418393473,15.790028244856));
#4686=CARTESIAN_POINT('',(12.635071686959,0.48251418393473,15.800028244856));
#4687=CARTESIAN_POINT('',(12.613290967644,0.48488296796273,15.790028244856));
#4688=CARTESIAN_POINT('',(12.613290967644,0.48488296796273,15.800028244856));
#4689=CARTESIAN_POINT('',(12.598346550953,0.48521825440573,15.790028244856));
#4690=CARTESIAN_POINT('',(12.598346550953,0.48521825440573,15.800028244856));
#4691=CARTESIAN_POINT('',(12.590655280201,0.48539081241573,15.790028244856));
#4692=CARTESIAN_POINT('',(12.590655280201,0.48539081241573,15.800028244856));
#4693=B_SPLINE_SURFACE_WITH_KNOTS('',3,1,((#4655,#4656),(#4657,#4658),(#4659,#4660),(#4661,#4662),(#4663,#4664),(#4665,#4666),(#4667,#4668),(#4669,#4670),(#4671,#4672),(#4673,#4674),(#4675,#4676),(#4677,#4678),(#4679,#4680),(#4681,#4682),(#4683,#4684),(#4685,#4686),(#4687,#4688),(#4689,#4690),(#4691,#4692)),.UNSPECIFIED.,.F.,.T.,.U.,(4,1,1,1,1,1,1,1,1,1,1,1,1,1,1,1,4),(2,2),(0.,2.2632182163128,4.4151038482922,6.4699708336846,8.4351139419174,10.333413095833,12.200100943697,14.040431222956,15.878211486969,17.723877929869,19.579778200065,21.458597707774,23.379594671392,25.381282922059,27.464208879941,29.643468531014,31.954365920365),(0.,1.),.UNSPECIFIED.);
#4694=CARTESIAN_POINT('',(12.590655280201,0.48539081241573,15.800028244856));
#4695=CARTESIAN_POINT('',(12.598346550953,0.48521825440573,15.800028244856));
#4696=CARTESIAN_POINT('',(12.613290967644,0.48488296796273,15.800028244856));
#4697=CARTESIAN_POINT('',(12.635071686959,0.48251418393473,15.800028244856));
#4698=CARTESIAN_POINT('',(12.655535868569,0.47841304525573,15.800028244856));
#4699=CARTESIAN_POINT('',(12.67474024862,0.47275553584273,15.800028244856));
#4700=CARTESIAN_POINT('',(12.692607893293,0.46535179073473,15.800028244856));
#4701=CARTESIAN_POINT('',(12.709217541039,0.45641103565573,15.800028244856));
#4702=CARTESIAN_POINT('',(12.724404462718,0.44564985272273,15.800028244856));
#4703=CARTESIAN_POINT('',(12.738275178077,0.43345248077673,15.800028244856));
#4704=CARTESIAN_POINT('',(12.750612708433,0.41976828335073,15.800028244856));
#4705=CARTESIAN_POINT('',(12.761355618039,0.40471326739173,15.800028244856));
#4706=CARTESIAN_POINT('',(12.770383417277,0.38834846092773,15.800028244856));
#4707=CARTESIAN_POINT('',(12.777906227632,0.37078626743673,15.800028244856));
#4708=CARTESIAN_POINT('',(12.783581475045,0.35188501112173,15.800028244856));
#4709=CARTESIAN_POINT('',(12.787632772303,0.33172657855073,15.800028244856));
#4710=CARTESIAN_POINT('',(12.79015567311,0.31030830027873,15.800028244856));
#4711=CARTESIAN_POINT('',(12.790473370864,0.29561133460573,15.800028244856));
#4712=CARTESIAN_POINT('',(12.790636225323,0.28807755022073,15.800028244856));
#4713=B_SPLINE_CURVE_WITH_KNOTS('',3,(#4694,#4695,#4696,#4697,#4698,#4699,#4700,#4701,#4702,#4703,#4704,#4705,#4706,#4707,#4708,#4709,#4710,#4711,#4712),.UNSPECIFIED.,.F.,.U.,(4,1,1,1,1,1,1,1,1,1,1,1,1,1,1,1,4),(0.,0.072318674547,0.140517795021,0.205702188386,0.26834427791,0.328461163609,0.387258121508,0.445337830391,0.503097275454,0.560609925481,0.618202377287,0.676619679402,0.736026245586,0.797524668466,0.86183096672,0.92917342744484,1.),.UNSPECIFIED.);
#4714=EDGE_CURVE('',#4503,#4527,#4713,.T.);
#4715=ORIENTED_EDGE('',*,*,#4714,.T.);
#4716=ORIENTED_EDGE('',*,*,#4548,.F.);
#4717=EDGE_LOOP('',(#4715,#4716));
#4718=FACE_OUTER_BOUND('',#4717,.T.);
#4719=ADVANCED_FACE('',(#4718),#4693,.T.);
#4720=CARTESIAN_POINT('',(12.790636225323,0.21709812948873,15.790028244856));
#4721=DIRECTION('',(0.,0.,-1.));
#4722=DIRECTION('',(1.,-0.,0.));
#4723=AXIS2_PLACEMENT_3D('',#4720,#4722,#4721);
#4724=PLANE('',#4723);
#4725=CARTESIAN_POINT('',(12.790636225323,0.28807755022073,15.800028244856));
#4726=DIRECTION('',(0.,-1.,0.));
#4727=VECTOR('',#4726,0.070979420732);
#4728=LINE('',#4725,#4727);
#4729=EDGE_CURVE('',#4527,#4551,#4728,.T.);
#4730=ORIENTED_EDGE('',*,*,#4729,.T.);
#4731=ORIENTED_EDGE('',*,*,#4556,.F.);
#4732=EDGE_LOOP('',(#4730,#4731));
#4733=FACE_OUTER_BOUND('',#4732,.T.);
#4734=ADVANCED_FACE('',(#4733),#4724,.T.);
#4735=CARTESIAN_POINT('',(12.400392322884,0.21709812948873,15.790028244856));
#4736=DIRECTION('',(0.,0.,1.));
#4737=DIRECTION('',(0.,-1.,0.));
#4738=AXIS2_PLACEMENT_3D('',#4735,#4737,#4736);
#4739=PLANE('',#4738);
#4740=CARTESIAN_POINT('',(12.790636225323,0.21709812948873,15.800028244856));
#4741=DIRECTION('',(-1.,0.,0.));
#4742=VECTOR('',#4741,0.390243902439);
#4743=LINE('',#4740,#4742);
#4744=EDGE_CURVE('',#4551,#4559,#4743,.T.);
#4745=ORIENTED_EDGE('',*,*,#4744,.T.);
#4746=ORIENTED_EDGE('',*,*,#4564,.F.);
#4747=EDGE_LOOP('',(#4745,#4746));
#4748=FACE_OUTER_BOUND('',#4747,.T.);
#4749=ADVANCED_FACE('',(#4748),#4739,.T.);
#4750=CARTESIAN_POINT('',(12.790636225323,0.052463983146729,15.790028244856));
#4751=DIRECTION('',(0.,0.,1.));
#4752=DIRECTION('',(0.,-1.,0.));
#4753=AXIS2_PLACEMENT_3D('',#4750,#4752,#4751);
#4754=PLANE('',#4753);
#4755=ORIENTED_EDGE('',*,*,#1614,.F.);
#4756=CARTESIAN_POINT('',(12.790636225323,0.052463983146729,15.790028244856));
#4757=DIRECTION('',(1.,0.,0.));
#4758=VECTOR('',#4757,0.054878048779999);
#4759=LINE('',#4756,#4758);
#4760=EDGE_CURVE('',#1607,#1609,#4759,.T.);
#4761=ORIENTED_EDGE('',*,*,#4760,.T.);
#4762=EDGE_LOOP('',(#4755,#4761));
#4763=FACE_OUTER_BOUND('',#4762,.T.);
#4764=ADVANCED_FACE('',(#4763),#4754,.T.);
#4765=CARTESIAN_POINT('',(12.845514274103,0.052463983146729,15.790028244856));
#4766=DIRECTION('',(0.,0.,1.));
#4767=DIRECTION('',(-1.,0.,0.));
#4768=AXIS2_PLACEMENT_3D('',#4765,#4767,#4766);
#4769=PLANE('',#4768);
#4770=ORIENTED_EDGE('',*,*,#1622,.F.);
#4771=CARTESIAN_POINT('',(12.845514274103,0.052463983146729,15.790028244856));
#4772=DIRECTION('',(0.,-1.,0.));
#4773=VECTOR('',#4772,0.268292682926);
#4774=LINE('',#4771,#4773);
#4775=EDGE_CURVE('',#1609,#1617,#4774,.T.);
#4776=ORIENTED_EDGE('',*,*,#4775,.T.);
#4777=EDGE_LOOP('',(#4770,#4776));
#4778=FACE_OUTER_BOUND('',#4777,.T.);
#4779=ADVANCED_FACE('',(#4778),#4769,.T.);
#4780=CARTESIAN_POINT('',(12.845514274103,-0.21582869977927,15.790028244856));
#4781=DIRECTION('',(0.,0.,-1.));
#4782=DIRECTION('',(0.,1.,0.));
#4783=AXIS2_PLACEMENT_3D('',#4780,#4782,#4781);
#4784=PLANE('',#4783);
#4785=ORIENTED_EDGE('',*,*,#1630,.F.);
#4786=CARTESIAN_POINT('',(12.845514274103,-0.21582869977927,15.790028244856));
#4787=DIRECTION('',(-1.,0.,0.));
#4788=VECTOR('',#4787,0.5);
#4789=LINE('',#4786,#4788);
#4790=EDGE_CURVE('',#1617,#1625,#4789,.T.);
#4791=ORIENTED_EDGE('',*,*,#4790,.T.);
#4792=EDGE_LOOP('',(#4785,#4791));
#4793=FACE_OUTER_BOUND('',#4792,.T.);
#4794=ADVANCED_FACE('',(#4793),#4784,.T.);
#4795=CARTESIAN_POINT('',(12.345514274103,-0.21582869977927,15.790028244856));
#4796=DIRECTION('',(0.,0.,-1.));
#4797=DIRECTION('',(1.,-0.,0.));
#4798=AXIS2_PLACEMENT_3D('',#4795,#4797,#4796);
#4799=PLANE('',#4798);
#4800=ORIENTED_EDGE('',*,*,#1638,.F.);
#4801=CARTESIAN_POINT('',(12.345514274103,-0.21582869977927,15.790028244856));
#4802=DIRECTION('',(0.,1.,0.));
#4803=VECTOR('',#4802,0.256097560975);
#4804=LINE('',#4801,#4803);
#4805=EDGE_CURVE('',#1625,#1633,#4804,.T.);
#4806=ORIENTED_EDGE('',*,*,#4805,.T.);
#4807=EDGE_LOOP('',(#4800,#4806));
#4808=FACE_OUTER_BOUND('',#4807,.T.);
#4809=ADVANCED_FACE('',(#4808),#4799,.T.);
#4810=CARTESIAN_POINT('',(12.345514274103,0.040268861195729,15.790028244856));
#4811=DIRECTION('',(0.,0.,1.));
#4812=DIRECTION('',(0.,-1.,0.));
#4813=AXIS2_PLACEMENT_3D('',#4810,#4812,#4811);
#4814=PLANE('',#4813);
#4815=ORIENTED_EDGE('',*,*,#1646,.F.);
#4816=CARTESIAN_POINT('',(12.345514274103,0.040268861195729,15.790028244856));
#4817=DIRECTION('',(1.,0.,0.));
#4818=VECTOR('',#4817,0.054878048781001);
#4819=LINE('',#4816,#4818);
#4820=EDGE_CURVE('',#1633,#1641,#4819,.T.);
#4821=ORIENTED_EDGE('',*,*,#4820,.T.);
#4822=EDGE_LOOP('',(#4815,#4821));
#4823=FACE_OUTER_BOUND('',#4822,.T.);
#4824=ADVANCED_FACE('',(#4823),#4814,.T.);
#4825=CARTESIAN_POINT('',(12.400392322884,0.040268861195729,15.790028244856));
#4826=DIRECTION('',(0.,0.,1.));
#4827=DIRECTION('',(-1.,0.,0.));
#4828=AXIS2_PLACEMENT_3D('',#4825,#4827,#4826);
#4829=PLANE('',#4828);
#4830=ORIENTED_EDGE('',*,*,#1654,.F.);
#4831=CARTESIAN_POINT('',(12.400392322884,0.040268861195729,15.790028244856));
#4832=DIRECTION('',(0.,-1.,0.));
#4833=VECTOR('',#4832,0.189024390244);
#4834=LINE('',#4831,#4833);
#4835=EDGE_CURVE('',#1641,#1649,#4834,.T.);
#4836=ORIENTED_EDGE('',*,*,#4835,.T.);
#4837=EDGE_LOOP('',(#4830,#4836));
#4838=FACE_OUTER_BOUND('',#4837,.T.);
#4839=ADVANCED_FACE('',(#4838),#4829,.T.);
#4840=CARTESIAN_POINT('',(12.400392322884,-0.14875552904827,15.790028244856));
#4841=DIRECTION('',(0.,0.,1.));
#4842=DIRECTION('',(0.,-1.,0.));
#4843=AXIS2_PLACEMENT_3D('',#4840,#4842,#4841);
#4844=PLANE('',#4843);
#4845=ORIENTED_EDGE('',*,*,#1662,.F.);
#4846=CARTESIAN_POINT('',(12.400392322884,-0.14875552904827,15.790028244856));
#4847=DIRECTION('',(1.,0.,0.));
#4848=VECTOR('',#4847,0.164634146341);
#4849=LINE('',#4846,#4848);
#4850=EDGE_CURVE('',#1649,#1657,#4849,.T.);
#4851=ORIENTED_EDGE('',*,*,#4850,.T.);
#4852=EDGE_LOOP('',(#4845,#4851));
#4853=FACE_OUTER_BOUND('',#4852,.T.);
#4854=ADVANCED_FACE('',(#4853),#4844,.T.);
#4855=CARTESIAN_POINT('',(12.565026469225,-0.14875552904827,15.790028244856));
#4856=DIRECTION('',(0.,0.,-1.));
#4857=DIRECTION('',(1.,-0.,0.));
#4858=AXIS2_PLACEMENT_3D('',#4855,#4857,#4856);
#4859=PLANE('',#4858);
#4860=ORIENTED_EDGE('',*,*,#1670,.F.);
#4861=CARTESIAN_POINT('',(12.565026469225,-0.14875552904827,15.790028244856));
#4862=DIRECTION('',(0.,1.,0.));
#4863=VECTOR('',#4862,0.176829268293);
#4864=LINE('',#4861,#4863);
#4865=EDGE_CURVE('',#1657,#1665,#4864,.T.);
#4866=ORIENTED_EDGE('',*,*,#4865,.T.);
#4867=EDGE_LOOP('',(#4860,#4866));
#4868=FACE_OUTER_BOUND('',#4867,.T.);
#4869=ADVANCED_FACE('',(#4868),#4859,.T.);
#4870=CARTESIAN_POINT('',(12.565026469225,0.028073739244729,15.790028244856));
#4871=DIRECTION('',(0.,0.,1.));
#4872=DIRECTION('',(0.,-1.,0.));
#4873=AXIS2_PLACEMENT_3D('',#4870,#4872,#4871);
#4874=PLANE('',#4873);
#4875=ORIENTED_EDGE('',*,*,#1678,.F.);
#4876=CARTESIAN_POINT('',(12.565026469225,0.028073739244729,15.790028244856));
#4877=DIRECTION('',(1.,0.,0.));
#4878=VECTOR('',#4877,0.054878048781001);
#4879=LINE('',#4876,#4878);
#4880=EDGE_CURVE('',#1665,#1673,#4879,.T.);
#4881=ORIENTED_EDGE('',*,*,#4880,.T.);
#4882=EDGE_LOOP('',(#4875,#4881));
#4883=FACE_OUTER_BOUND('',#4882,.T.);
#4884=ADVANCED_FACE('',(#4883),#4874,.T.);
#4885=CARTESIAN_POINT('',(12.619904518006,0.028073739244729,15.790028244856));
#4886=DIRECTION('',(0.,0.,1.));
#4887=DIRECTION('',(-1.,0.,0.));
#4888=AXIS2_PLACEMENT_3D('',#4885,#4887,#4886);
#4889=PLANE('',#4888);
#4890=ORIENTED_EDGE('',*,*,#1686,.F.);
#4891=CARTESIAN_POINT('',(12.619904518006,0.028073739244729,15.790028244856));
#4892=DIRECTION('',(0.,-1.,0.));
#4893=VECTOR('',#4892,0.176829268293);
#4894=LINE('',#4891,#4893);
#4895=EDGE_CURVE('',#1673,#1681,#4894,.T.);
#4896=ORIENTED_EDGE('',*,*,#4895,.T.);
#4897=EDGE_LOOP('',(#4890,#4896));
#4898=FACE_OUTER_BOUND('',#4897,.T.);
#4899=ADVANCED_FACE('',(#4898),#4889,.T.);
#4900=CARTESIAN_POINT('',(12.619904518006,-0.14875552904827,15.790028244856));
#4901=DIRECTION('',(0.,0.,1.));
#4902=DIRECTION('',(0.,-1.,0.));
#4903=AXIS2_PLACEMENT_3D('',#4900,#4902,#4901);
#4904=PLANE('',#4903);
#4905=ORIENTED_EDGE('',*,*,#1694,.F.);
#4906=CARTESIAN_POINT('',(12.619904518006,-0.14875552904827,15.790028244856));
#4907=DIRECTION('',(1.,0.,0.));
#4908=VECTOR('',#4907,0.170731707317);
#4909=LINE('',#4906,#4908);
#4910=EDGE_CURVE('',#1681,#1689,#4909,.T.);
#4911=ORIENTED_EDGE('',*,*,#4910,.T.);
#4912=EDGE_LOOP('',(#4905,#4911));
#4913=FACE_OUTER_BOUND('',#4912,.T.);
#4914=ADVANCED_FACE('',(#4913),#4904,.T.);
#4915=CARTESIAN_POINT('',(12.790636225323,-0.14875552904827,15.790028244856));
#4916=DIRECTION('',(0.,0.,-1.));
#4917=DIRECTION('',(1.,-0.,0.));
#4918=AXIS2_PLACEMENT_3D('',#4915,#4917,#4916);
#4919=PLANE('',#4918);
#4920=ORIENTED_EDGE('',*,*,#1700,.F.);
#4921=CARTESIAN_POINT('',(12.790636225323,-0.14875552904827,15.790028244856));
#4922=DIRECTION('',(0.,1.,0.));
#4923=VECTOR('',#4922,0.201219512195);
#4924=LINE('',#4921,#4923);
#4925=EDGE_CURVE('',#1689,#1607,#4924,.T.);
#4926=ORIENTED_EDGE('',*,*,#4925,.T.);
#4927=EDGE_LOOP('',(#4920,#4926));
#4928=FACE_OUTER_BOUND('',#4927,.T.);
#4929=ADVANCED_FACE('',(#4928),#4919,.T.);
#4930=CARTESIAN_POINT('',(11.099987299975,-2.5024140656333,15.790028244856));
#4931=DIRECTION('',(0.,-1.,0.));
#4932=DIRECTION('',(-0.,0.,1.));
#4933=AXIS2_PLACEMENT_3D('',#4930,#4932,#4931);
#4934=PLANE('',#4933);
#4935=ORIENTED_EDGE('',*,*,#4760,.F.);
#4936=ORIENTED_EDGE('',*,*,#4925,.F.);
#4937=ORIENTED_EDGE('',*,*,#4910,.F.);
#4938=ORIENTED_EDGE('',*,*,#4895,.F.);
#4939=ORIENTED_EDGE('',*,*,#4880,.F.);
#4940=ORIENTED_EDGE('',*,*,#4865,.F.);
#4941=ORIENTED_EDGE('',*,*,#4850,.F.);
#4942=ORIENTED_EDGE('',*,*,#4835,.F.);
#4943=ORIENTED_EDGE('',*,*,#4820,.F.);
#4944=ORIENTED_EDGE('',*,*,#4805,.F.);
#4945=ORIENTED_EDGE('',*,*,#4790,.F.);
#4946=ORIENTED_EDGE('',*,*,#4775,.F.);
#4947=EDGE_LOOP('',(#4935,#4936,#4937,#4938,#4939,#4940,#4941,#4942,#4943,#4944,#4945,#4946));
#4948=FACE_OUTER_BOUND('',#4947,.T.);
#4949=ADVANCED_FACE('',(#4948),#4934,.T.);
#4950=CARTESIAN_POINT('',(12.764721591176,-0.31338967538927,15.790028244856));
#4951=DIRECTION('',(0.,0.,1.));
#4952=DIRECTION('',(0.,-1.,0.));
#4953=AXIS2_PLACEMENT_3D('',#4950,#4952,#4951);
#4954=PLANE('',#4953);
#4955=ORIENTED_EDGE('',*,*,#1922,.F.);
#4956=CARTESIAN_POINT('',(12.764721591176,-0.31338967538927,15.790028244856));
#4957=DIRECTION('',(1.,0.,0.));
#4958=VECTOR('',#4957,0.054878048780999);
#4959=LINE('',#4956,#4958);
#4960=EDGE_CURVE('',#1915,#1917,#4959,.T.);
#4961=ORIENTED_EDGE('',*,*,#4960,.T.);
#4962=EDGE_LOOP('',(#4955,#4961));
#4963=FACE_OUTER_BOUND('',#4962,.T.);
#4964=ADVANCED_FACE('',(#4963),#4954,.T.);
#4965=CARTESIAN_POINT('',(12.819599639957,-0.31338967538927,15.790028244856));
#4966=CARTESIAN_POINT('',(12.819599639957,-0.31338967538927,15.800028244856));
#4967=CARTESIAN_POINT('',(12.822189264792,-0.31808137077727,15.790028244856));
#4968=CARTESIAN_POINT('',(12.822189264792,-0.31808137077727,15.800028244856));
#4969=CARTESIAN_POINT('',(12.827406073089,-0.32753280756327,15.790028244856));
#4970=CARTESIAN_POINT('',(12.827406073089,-0.32753280756327,15.800028244856));
#4971=CARTESIAN_POINT('',(12.833843118146,-0.34264763980527,15.790028244856));
#4972=CARTESIAN_POINT('',(12.833843118146,-0.34264763980527,15.800028244856));
#4973=CARTESIAN_POINT('',(12.839395372451,-0.35855210626727,15.790028244856));
#4974=CARTESIAN_POINT('',(12.839395372451,-0.35855210626727,15.800028244856));
#4975=CARTESIAN_POINT('',(12.843822797231,-0.37538541250627,15.790028244856));
#4976=CARTESIAN_POINT('',(12.843822797231,-0.37538541250627,15.800028244856));
#4977=CARTESIAN_POINT('',(12.847381005106,-0.39303565566327,15.790028244856));
#4978=CARTESIAN_POINT('',(12.847381005106,-0.39303565566327,15.800028244856));
#4979=CARTESIAN_POINT('',(12.849791106799,-0.41159636028027,15.790028244856));
#4980=CARTESIAN_POINT('',(12.849791106799,-0.41159636028027,15.800028244856));
#4981=CARTESIAN_POINT('',(12.851377598305,-0.43099399474627,15.790028244856));
#4982=CARTESIAN_POINT('',(12.851377598305,-0.43099399474627,15.800028244856));
#4983=CARTESIAN_POINT('',(12.851532833174,-0.44422989808427,15.790028244856));
#4984=CARTESIAN_POINT('',(12.851532833174,-0.44422989808427,15.800028244856));
#4985=CARTESIAN_POINT('',(12.851611835079,-0.45096589490127,15.790028244856));
#4986=CARTESIAN_POINT('',(12.851611835079,-0.45096589490127,15.800028244856));
#4987=B_SPLINE_SURFACE_WITH_KNOTS('',3,1,((#4965,#4966),(#4967,#4968),(#4969,#4970),(#4971,#4972),(#4973,#4974),(#4975,#4976),(#4977,#4978),(#4979,#4980),(#4981,#4982),(#4983,#4984),(#4985,#4986)),.UNSPECIFIED.,.F.,.T.,.U.,(4,1,1,1,1,1,1,1,4),(2,2),(0.,1.607922792709,3.2391660961008,4.9246747296499,6.6614996283431,8.4602608797209,10.326436611528,12.277390379999,14.299206898473),(0.,1.),.UNSPECIFIED.);
#4988=ORIENTED_EDGE('',*,*,#1938,.F.);
#4989=CARTESIAN_POINT('',(12.819599639957,-0.31338967538927,15.790028244856));
#4990=CARTESIAN_POINT('',(12.822189264792,-0.31808137077727,15.790028244856));
#4991=CARTESIAN_POINT('',(12.827406073089,-0.32753280756327,15.790028244856));
#4992=CARTESIAN_POINT('',(12.833843118146,-0.34264763980527,15.790028244856));
#4993=CARTESIAN_POINT('',(12.839395372451,-0.35855210626727,15.790028244856));
#4994=CARTESIAN_POINT('',(12.843822797231,-0.37538541250627,15.790028244856));
#4995=CARTESIAN_POINT('',(12.847381005106,-0.39303565566327,15.790028244856));
#4996=CARTESIAN_POINT('',(12.849791106799,-0.41159636028027,15.790028244856));
#4997=CARTESIAN_POINT('',(12.851377598305,-0.43099399474627,15.790028244856));
#4998=CARTESIAN_POINT('',(12.851532833174,-0.44422989808427,15.790028244856));
#4999=CARTESIAN_POINT('',(12.851611835079,-0.45096589490127,15.790028244856));
#5000=B_SPLINE_CURVE_WITH_KNOTS('',3,(#4989,#4990,#4991,#4992,#4993,#4994,#4995,#4996,#4997,#4998,#4999),.UNSPECIFIED.,.F.,.U.,(4,1,1,1,1,1,1,1,4),(0.,0.112448389909,0.226527675213,0.344401949326,0.465864972487,0.591659449352,0.722168487025,0.858606387555,1.),.UNSPECIFIED.);
#5001=EDGE_CURVE('',#1917,#1925,#5000,.T.);
#5002=ORIENTED_EDGE('',*,*,#5001,.T.);
#5003=EDGE_LOOP('',(#4988,#5002));
#5004=FACE_OUTER_BOUND('',#5003,.T.);
#5005=ADVANCED_FACE('',(#5004),#4987,.T.);
#5006=CARTESIAN_POINT('',(12.851611835079,-0.45096589490127,15.790028244856));
#5007=CARTESIAN_POINT('',(12.851611835079,-0.45096589490127,15.800028244856));
#5008=CARTESIAN_POINT('',(12.851418256536,-0.45964542567727,15.790028244856));
#5009=CARTESIAN_POINT('',(12.851418256536,-0.45964542567727,15.800028244856));
#5010=CARTESIAN_POINT('',(12.851039691954,-0.47661922301027,15.790028244856));
#5011=CARTESIAN_POINT('',(12.851039691954,-0.47661922301027,15.800028244856));
#5012=CARTESIAN_POINT('',(12.847855415824,-0.50141545394227,15.790028244856));
#5013=CARTESIAN_POINT('',(12.847855415824,-0.50141545394227,15.800028244856));
#5014=CARTESIAN_POINT('',(12.842539158376,-0.52487359233227,15.790028244856));
#5015=CARTESIAN_POINT('',(12.842539158376,-0.52487359233227,15.800028244856));
#5016=CARTESIAN_POINT('',(12.83506962122,-0.54698549045127,15.790028244856));
#5017=CARTESIAN_POINT('',(12.83506962122,-0.54698549045127,15.800028244856));
#5018=CARTESIAN_POINT('',(12.82563108237,-0.56782850608027,15.790028244856));
#5019=CARTESIAN_POINT('',(12.82563108237,-0.56782850608027,15.800028244856));
#5020=CARTESIAN_POINT('',(12.813964117173,-0.58729467032127,15.790028244856));
#5021=CARTESIAN_POINT('',(12.813964117173,-0.58729467032127,15.800028244856));
#5022=CARTESIAN_POINT('',(12.799976844483,-0.60525516465727,15.790028244856));
#5023=CARTESIAN_POINT('',(12.799976844483,-0.60525516465727,15.800028244856));
#5024=CARTESIAN_POINT('',(12.784233098966,-0.62194765365327,15.790028244856));
#5025=CARTESIAN_POINT('',(12.784233098966,-0.62194765365327,15.800028244856));
#5026=CARTESIAN_POINT('',(12.766618045436,-0.63684182947027,15.790028244856));
#5027=CARTESIAN_POINT('',(12.766618045436,-0.63684182947027,15.800028244856));
#5028=CARTESIAN_POINT('',(12.747564703027,-0.64987886963227,15.790028244856));
#5029=CARTESIAN_POINT('',(12.747564703027,-0.64987886963227,15.800028244856));
#5030=CARTESIAN_POINT('',(12.727132334213,-0.66090814392027,15.790028244856));
#5031=CARTESIAN_POINT('',(12.727132334213,-0.66090814392027,15.800028244856));
#5032=CARTESIAN_POINT('',(12.70530972187,-0.66985765467027,15.790028244856));
#5033=CARTESIAN_POINT('',(12.70530972187,-0.66985765467027,15.800028244856));
#5034=CARTESIAN_POINT('',(12.682141164073,-0.67683197137927,15.790028244856));
#5035=CARTESIAN_POINT('',(12.682141164073,-0.67683197137927,15.800028244856));
#5036=CARTESIAN_POINT('',(12.657605805857,-0.68170923979227,15.790028244856));
#5037=CARTESIAN_POINT('',(12.657605805857,-0.68170923979227,15.800028244856));
#5038=CARTESIAN_POINT('',(12.631738069914,-0.68487880844227,15.790028244856));
#5039=CARTESIAN_POINT('',(12.631738069914,-0.68487880844227,15.800028244856));
#5040=CARTESIAN_POINT('',(12.614007171586,-0.68518462065527,15.790028244856));
#5041=CARTESIAN_POINT('',(12.614007171586,-0.68518462065527,15.800028244856));
#5042=CARTESIAN_POINT('',(12.604946438737,-0.68534089490127,15.790028244856));
#5043=CARTESIAN_POINT('',(12.604946438737,-0.68534089490127,15.800028244856));
#5044=B_SPLINE_SURFACE_WITH_KNOTS('',3,1,((#5006,#5007),(#5008,#5009),(#5010,#5011),(#5012,#5013),(#5014,#5015),(#5016,#5017),(#5018,#5019),(#5020,#5021),(#5022,#5023),(#5024,#5025),(#5026,#5027),(#5028,#5029),(#5030,#5031),(#5032,#5033),(#5034,#5035),(#5036,#5037),(#5038,#5039),(#5040,#5041),(#5042,#5043)),.UNSPECIFIED.,.F.,.T.,.U.,(4,1,1,1,1,1,1,1,1,1,1,1,1,1,1,1,4),(2,2),(0.,2.6072744196552,5.0988179813985,7.4970783810967,9.8237200585457,12.099812017972,14.359904296865,16.625550031943,18.927322698161,21.242763113293,23.542873563807,25.852801392774,28.206197580549,30.618315182375,33.111137629994,35.715179330416,38.436526025365),(0.,1.),.UNSPECIFIED.);
#5045=ORIENTED_EDGE('',*,*,#1962,.F.);
#5046=CARTESIAN_POINT('',(12.851611835079,-0.45096589490127,15.790028244856));
#5047=CARTESIAN_POINT('',(12.851418256536,-0.45964542567727,15.790028244856));
#5048=CARTESIAN_POINT('',(12.851039691954,-0.47661922301027,15.790028244856));
#5049=CARTESIAN_POINT('',(12.847855415824,-0.50141545394227,15.790028244856));
#5050=CARTESIAN_POINT('',(12.842539158376,-0.52487359233227,15.790028244856));
#5051=CARTESIAN_POINT('',(12.83506962122,-0.54698549045127,15.790028244856));
#5052=CARTESIAN_POINT('',(12.82563108237,-0.56782850608027,15.790028244856));
#5053=CARTESIAN_POINT('',(12.813964117173,-0.58729467032127,15.790028244856));
#5054=CARTESIAN_POINT('',(12.799976844483,-0.60525516465727,15.790028244856));
#5055=CARTESIAN_POINT('',(12.784233098966,-0.62194765365327,15.790028244856));
#5056=CARTESIAN_POINT('',(12.766618045436,-0.63684182947027,15.790028244856));
#5057=CARTESIAN_POINT('',(12.747564703027,-0.64987886963227,15.790028244856));
#5058=CARTESIAN_POINT('',(12.727132334213,-0.66090814392027,15.790028244856));
#5059=CARTESIAN_POINT('',(12.70530972187,-0.66985765467027,15.790028244856));
#5060=CARTESIAN_POINT('',(12.682141164073,-0.67683197137927,15.790028244856));
#5061=CARTESIAN_POINT('',(12.657605805857,-0.68170923979227,15.790028244856));
#5062=CARTESIAN_POINT('',(12.631738069914,-0.68487880844227,15.790028244856));
#5063=CARTESIAN_POINT('',(12.614007171586,-0.68518462065527,15.790028244856));
#5064=CARTESIAN_POINT('',(12.604946438737,-0.68534089490127,15.790028244856));
#5065=B_SPLINE_CURVE_WITH_KNOTS('',3,(#5046,#5047,#5048,#5049,#5050,#5051,#5052,#5053,#5054,#5055,#5056,#5057,#5058,#5059,#5060,#5061,#5062,#5063,#5064),.UNSPECIFIED.,.F.,.U.,(4,1,1,1,1,1,1,1,1,1,1,1,1,1,1,1,4),(0.,0.06783324845577,0.132655536508,0.195050884051,0.255582933069,0.314799834147,0.373600472826,0.432545595327,0.492430629284,0.552671255963,0.612513044188,0.672610250357,0.733838369314,0.796594238568,0.861449799291,0.929198942351,1.),.UNSPECIFIED.);
#5066=EDGE_CURVE('',#1925,#1941,#5065,.T.);
#5067=ORIENTED_EDGE('',*,*,#5066,.T.);
#5068=EDGE_LOOP('',(#5045,#5067));
#5069=FACE_OUTER_BOUND('',#5068,.T.);
#5070=ADVANCED_FACE('',(#5069),#5044,.T.);
#5071=CARTESIAN_POINT('',(12.604946438737,-0.68534089490127,15.790028244856));
#5072=CARTESIAN_POINT('',(12.604946438737,-0.68534089490127,15.800028244856));
#5073=CARTESIAN_POINT('',(12.595218683182,-0.68512313317427,15.790028244856));
#5074=CARTESIAN_POINT('',(12.595218683182,-0.68512313317427,15.800028244856));
#5075=CARTESIAN_POINT('',(12.576180507398,-0.68469695202427,15.790028244856));
#5076=CARTESIAN_POINT('',(12.576180507398,-0.68469695202427,15.800028244856));
#5077=CARTESIAN_POINT('',(12.54834202821,-0.68130939418127,15.790028244856));
#5078=CARTESIAN_POINT('',(12.54834202821,-0.68130939418127,15.800028244856));
#5079=CARTESIAN_POINT('',(12.521945030482,-0.67575096497927,15.790028244856));
#5080=CARTESIAN_POINT('',(12.521945030482,-0.67575096497927,15.800028244856));
#5081=CARTESIAN_POINT('',(12.497029584142,-0.66779612280927,15.790028244856));
#5082=CARTESIAN_POINT('',(12.497029584142,-0.66779612280927,15.800028244856));
#5083=CARTESIAN_POINT('',(12.47356201435,-0.65766627770027,15.790028244856));
#5084=CARTESIAN_POINT('',(12.47356201435,-0.65766627770027,15.800028244856));
#5085=CARTESIAN_POINT('',(12.451511095403,-0.64535282029427,15.790028244856));
#5086=CARTESIAN_POINT('',(12.451511095403,-0.64535282029427,15.800028244856));
#5087=CARTESIAN_POINT('',(12.43099044051,-0.63065566970627,15.790028244856));
#5088=CARTESIAN_POINT('',(12.43099044051,-0.63065566970627,15.800028244856));
#5089=CARTESIAN_POINT('',(12.4121395275,-0.61380888246127,15.790028244856));
#5090=CARTESIAN_POINT('',(12.4121395275,-0.61380888246127,15.800028244856));
#5091=CARTESIAN_POINT('',(12.395052774249,-0.59536990509927,15.790028244856));
#5092=CARTESIAN_POINT('',(12.395052774249,-0.59536990509927,15.800028244856));
#5093=CARTESIAN_POINT('',(12.380142562845,-0.57547432651127,15.790028244856));
#5094=CARTESIAN_POINT('',(12.380142562845,-0.57547432651127,15.800028244856));
#5095=CARTESIAN_POINT('',(12.3675421884,-0.55436213655727,15.790028244856));
#5096=CARTESIAN_POINT('',(12.3675421884,-0.55436213655727,15.800028244856));
#5097=CARTESIAN_POINT('',(12.357168560195,-0.53206321850827,15.790028244856));
#5098=CARTESIAN_POINT('',(12.357168560195,-0.53206321850827,15.800028244856));
#5099=CARTESIAN_POINT('',(12.349249928763,-0.50849559784027,15.790028244856));
#5100=CARTESIAN_POINT('',(12.349249928763,-0.50849559784027,15.800028244856));
#5101=CARTESIAN_POINT('',(12.343562978019,-0.48376954095027,15.790028244856));
#5102=CARTESIAN_POINT('',(12.343562978019,-0.48376954095027,15.800028244856));
#5103=CARTESIAN_POINT('',(12.340039013824,-0.45779989188827,15.790028244856));
#5104=CARTESIAN_POINT('',(12.340039013824,-0.45779989188827,15.800028244856));
#5105=CARTESIAN_POINT('',(12.339626825634,-0.44008413582527,15.790028244856));
#5106=CARTESIAN_POINT('',(12.339626825634,-0.44008413582527,15.800028244856));
#5107=CARTESIAN_POINT('',(12.339416713128,-0.43105354734027,15.790028244856));
#5108=CARTESIAN_POINT('',(12.339416713128,-0.43105354734027,15.800028244856));
#5109=B_SPLINE_SURFACE_WITH_KNOTS('',3,1,((#5071,#5072),(#5073,#5074),(#5075,#5076),(#5077,#5078),(#5079,#5080),(#5081,#5082),(#5083,#5084),(#5085,#5086),(#5087,#5088),(#5089,#5090),(#5091,#5092),(#5093,#5094),(#5095,#5096),(#5097,#5098),(#5099,#5100),(#5101,#5102),(#5103,#5104),(#5105,#5106),(#5107,#5108)),.UNSPECIFIED.,.F.,.T.,.U.,(4,1,1,1,1,1,1,1,1,1,1,1,1,1,1,1,4),(2,2),(0.,2.9222716729703,5.7191735015892,8.4124283302953,11.016851474486,13.564217957569,16.080654248878,18.591003869063,21.132447338814,23.664827495992,26.132537515726,28.588985516428,31.0396437635,33.508091690713,36.045070365762,38.653825426268,41.366334217718),(0.,1.),.UNSPECIFIED.);
#5110=ORIENTED_EDGE('',*,*,#1986,.F.);
#5111=CARTESIAN_POINT('',(12.604946438737,-0.68534089490127,15.790028244856));
#5112=CARTESIAN_POINT('',(12.595218683182,-0.68512313317427,15.790028244856));
#5113=CARTESIAN_POINT('',(12.576180507398,-0.68469695202427,15.790028244856));
#5114=CARTESIAN_POINT('',(12.54834202821,-0.68130939418127,15.790028244856));
#5115=CARTESIAN_POINT('',(12.521945030482,-0.67575096497927,15.790028244856));
#5116=CARTESIAN_POINT('',(12.497029584142,-0.66779612280927,15.790028244856));
#5117=CARTESIAN_POINT('',(12.47356201435,-0.65766627770027,15.790028244856));
#5118=CARTESIAN_POINT('',(12.451511095403,-0.64535282029427,15.790028244856));
#5119=CARTESIAN_POINT('',(12.43099044051,-0.63065566970627,15.790028244856));
#5120=CARTESIAN_POINT('',(12.4121395275,-0.61380888246127,15.790028244856));
#5121=CARTESIAN_POINT('',(12.395052774249,-0.59536990509927,15.790028244856));
#5122=CARTESIAN_POINT('',(12.380142562845,-0.57547432651127,15.790028244856));
#5123=CARTESIAN_POINT('',(12.3675421884,-0.55436213655727,15.790028244856));
#5124=CARTESIAN_POINT('',(12.357168560195,-0.53206321850827,15.790028244856));
#5125=CARTESIAN_POINT('',(12.349249928763,-0.50849559784027,15.790028244856));
#5126=CARTESIAN_POINT('',(12.343562978019,-0.48376954095027,15.790028244856));
#5127=CARTESIAN_POINT('',(12.340039013824,-0.45779989188827,15.790028244856));
#5128=CARTESIAN_POINT('',(12.339626825634,-0.44008413582527,15.790028244856));
#5129=CARTESIAN_POINT('',(12.339416713128,-0.43105354734027,15.790028244856));
#5130=B_SPLINE_CURVE_WITH_KNOTS('',3,(#5111,#5112,#5113,#5114,#5115,#5116,#5117,#5118,#5119,#5120,#5121,#5122,#5123,#5124,#5125,#5126,#5127,#5128,#5129),.UNSPECIFIED.,.F.,.U.,(4,1,1,1,1,1,1,1,1,1,1,1,1,1,1,1,4),(0.,0.07064371857535,0.138256715509,0.203364124218,0.266324093803,0.327904761543,0.388737715173,0.449423528109,0.510861011459,0.572079396048,0.631734428731,0.691117210579,0.75036002949,0.810032900531,0.871362450829,0.934427141231,1.),.UNSPECIFIED.);
#5131=EDGE_CURVE('',#1941,#1965,#5130,.T.);
#5132=ORIENTED_EDGE('',*,*,#5131,.T.);
#5133=EDGE_LOOP('',(#5110,#5132));
#5134=FACE_OUTER_BOUND('',#5133,.T.);
#5135=ADVANCED_FACE('',(#5134),#5109,.T.);
#5136=CARTESIAN_POINT('',(12.339416713128,-0.43105354734027,15.790028244856));
#5137=CARTESIAN_POINT('',(12.339416713128,-0.43105354734027,15.800028244856));
#5138=CARTESIAN_POINT('',(12.339458385345,-0.42524011702827,15.790028244856));
#5139=CARTESIAN_POINT('',(12.339458385345,-0.42524011702827,15.800028244856));
#5140=CARTESIAN_POINT('',(12.339539740378,-0.41389078560427,15.790028244856));
#5141=CARTESIAN_POINT('',(12.339539740378,-0.41389078560427,15.800028244856));
#5142=CARTESIAN_POINT('',(12.340559940011,-0.39724116312027,15.790028244856));
#5143=CARTESIAN_POINT('',(12.340559940011,-0.39724116312027,15.800028244856));
#5144=CARTESIAN_POINT('',(12.34200179437,-0.38136752455627,15.790028244856));
#5145=CARTESIAN_POINT('',(12.34200179437,-0.38136752455627,15.800028244856));
#5146=CARTESIAN_POINT('',(12.344250105238,-0.36624689888627,15.790028244856));
#5147=CARTESIAN_POINT('',(12.344250105238,-0.36624689888627,15.800028244856));
#5148=CARTESIAN_POINT('',(12.346926484934,-0.35188006414527,15.790028244856));
#5149=CARTESIAN_POINT('',(12.346926484934,-0.35188006414527,15.800028244856));
#5150=CARTESIAN_POINT('',(12.350415274196,-0.33832084066527,15.790028244856));
#5151=CARTESIAN_POINT('',(12.350415274196,-0.33832084066527,15.800028244856));
#5152=CARTESIAN_POINT('',(12.354324436339,-0.32548399249827,15.790028244856));
#5153=CARTESIAN_POINT('',(12.354324436339,-0.32548399249827,15.800028244856));
#5154=CARTESIAN_POINT('',(12.357618191483,-0.31736973714427,15.790028244856));
#5155=CARTESIAN_POINT('',(12.357618191483,-0.31736973714427,15.800028244856));
#5156=CARTESIAN_POINT('',(12.359233786298,-0.31338967538927,15.790028244856));
#5157=CARTESIAN_POINT('',(12.359233786298,-0.31338967538927,15.800028244856));
#5158=B_SPLINE_SURFACE_WITH_KNOTS('',3,1,((#5136,#5137),(#5138,#5139),(#5140,#5141),(#5142,#5143),(#5144,#5145),(#5146,#5147),(#5148,#5149),(#5150,#5151),(#5152,#5153),(#5154,#5155),(#5156,#5157)),.UNSPECIFIED.,.F.,.T.,.U.,(4,1,1,1,1,1,1,1,4),(2,2),(0.,1.7445129783563,3.4057440964504,5.0048064251385,6.5266683043107,7.992239335777,9.3885421857155,10.727041709257,12.015639022644),(0.,1.),.UNSPECIFIED.);
#5159=ORIENTED_EDGE('',*,*,#2002,.F.);
#5160=CARTESIAN_POINT('',(12.339416713128,-0.43105354734027,15.790028244856));
#5161=CARTESIAN_POINT('',(12.339458385345,-0.42524011702827,15.790028244856));
#5162=CARTESIAN_POINT('',(12.339539740378,-0.41389078560427,15.790028244856));
#5163=CARTESIAN_POINT('',(12.340559940011,-0.39724116312027,15.790028244856));
#5164=CARTESIAN_POINT('',(12.34200179437,-0.38136752455627,15.790028244856));
#5165=CARTESIAN_POINT('',(12.344250105238,-0.36624689888627,15.790028244856));
#5166=CARTESIAN_POINT('',(12.346926484934,-0.35188006414527,15.790028244856));
#5167=CARTESIAN_POINT('',(12.350415274196,-0.33832084066527,15.790028244856));
#5168=CARTESIAN_POINT('',(12.354324436339,-0.32548399249827,15.790028244856));
#5169=CARTESIAN_POINT('',(12.357618191483,-0.31736973714427,15.790028244856));
#5170=CARTESIAN_POINT('',(12.359233786298,-0.31338967538927,15.790028244856));
#5171=B_SPLINE_CURVE_WITH_KNOTS('',3,(#5160,#5161,#5162,#5163,#5164,#5165,#5166,#5167,#5168,#5169,#5170),.UNSPECIFIED.,.F.,.U.,(4,1,1,1,1,1,1,1,4),(0.,0.145186866472,0.28344261092,0.416524365929,0.543181123535,0.665153082638,0.781360206313,0.892756655642,1.),.UNSPECIFIED.);
#5172=EDGE_CURVE('',#1965,#1989,#5171,.T.);
#5173=ORIENTED_EDGE('',*,*,#5172,.T.);
#5174=EDGE_LOOP('',(#5159,#5173));
#5175=FACE_OUTER_BOUND('',#5174,.T.);
#5176=ADVANCED_FACE('',(#5175),#5158,.T.);
#5177=CARTESIAN_POINT('',(12.359233786298,-0.31338967538927,15.790028244856));
#5178=DIRECTION('',(0.,0.,1.));
#5179=DIRECTION('',(0.,-1.,0.));
#5180=AXIS2_PLACEMENT_3D('',#5177,#5179,#5178);
#5181=PLANE('',#5180);
#5182=ORIENTED_EDGE('',*,*,#2010,.F.);
#5183=CARTESIAN_POINT('',(12.359233786298,-0.31338967538927,15.790028244856));
#5184=DIRECTION('',(1.,0.,0.));
#5185=VECTOR('',#5184,0.067073170732);
#5186=LINE('',#5183,#5185);
#5187=EDGE_CURVE('',#1989,#2005,#5186,.T.);
#5188=ORIENTED_EDGE('',*,*,#5187,.T.);
#5189=EDGE_LOOP('',(#5182,#5188));
#5190=FACE_OUTER_BOUND('',#5189,.T.);
#5191=ADVANCED_FACE('',(#5190),#5181,.T.);
#5192=CARTESIAN_POINT('',(12.42630695703,-0.31338967538927,15.790028244856));
#5193=CARTESIAN_POINT('',(12.42630695703,-0.31338967538927,15.800028244856));
#5194=CARTESIAN_POINT('',(12.423726870534,-0.31782986820327,15.790028244856));
#5195=CARTESIAN_POINT('',(12.423726870534,-0.31782986820327,15.800028244856));
#5196=CARTESIAN_POINT('',(12.41859016351,-0.32666987013927,15.790028244856));
#5197=CARTESIAN_POINT('',(12.41859016351,-0.32666987013927,15.800028244856));
#5198=CARTESIAN_POINT('',(12.412168268797,-0.34057358594627,15.790028244856));
#5199=CARTESIAN_POINT('',(12.412168268797,-0.34057358594627,15.800028244856));
#5200=CARTESIAN_POINT('',(12.406598199709,-0.35474520752227,15.790028244856));
#5201=CARTESIAN_POINT('',(12.406598199709,-0.35474520752227,15.800028244856));
#5202=CARTESIAN_POINT('',(12.402151699295,-0.36928394329927,15.790028244856));
#5203=CARTESIAN_POINT('',(12.402151699295,-0.36928394329927,15.800028244856));
#5204=CARTESIAN_POINT('',(12.398561116084,-0.38409829079627,15.790028244856));
#5205=CARTESIAN_POINT('',(12.398561116084,-0.38409829079627,15.800028244856));
#5206=CARTESIAN_POINT('',(12.396152810728,-0.39926593346627,15.790028244856));
#5207=CARTESIAN_POINT('',(12.396152810728,-0.39926593346627,15.800028244856));
#5208=CARTESIAN_POINT('',(12.394532493933,-0.41475813400027,15.790028244856));
#5209=CARTESIAN_POINT('',(12.394532493933,-0.41475813400027,15.800028244856));
#5210=CARTESIAN_POINT('',(12.394374532206,-0.42520583614427,15.790028244856));
#5211=CARTESIAN_POINT('',(12.394374532206,-0.42520583614427,15.800028244856));
#5212=CARTESIAN_POINT('',(12.394294761908,-0.43048190099927,15.790028244856));
#5213=CARTESIAN_POINT('',(12.394294761908,-0.43048190099927,15.800028244856));
#5214=B_SPLINE_SURFACE_WITH_KNOTS('',3,1,((#5192,#5193),(#5194,#5195),(#5196,#5197),(#5198,#5199),(#5200,#5201),(#5202,#5203),(#5204,#5205),(#5206,#5207),(#5208,#5209),(#5210,#5211),(#5212,#5213)),.UNSPECIFIED.,.F.,.T.,.U.,(4,1,1,1,1,1,1,1,4),(2,2),(0.,1.5410435219083,3.068071205157,4.5925963440952,6.1095890799694,7.6290070177133,9.1651758174848,10.717329174668,12.300824172298),(0.,1.),.UNSPECIFIED.);
#5215=ORIENTED_EDGE('',*,*,#2026,.F.);
#5216=CARTESIAN_POINT('',(12.42630695703,-0.31338967538927,15.790028244856));
#5217=CARTESIAN_POINT('',(12.423726870534,-0.31782986820327,15.790028244856));
#5218=CARTESIAN_POINT('',(12.41859016351,-0.32666987013927,15.790028244856));
#5219=CARTESIAN_POINT('',(12.412168268797,-0.34057358594627,15.790028244856));
#5220=CARTESIAN_POINT('',(12.406598199709,-0.35474520752227,15.790028244856));
#5221=CARTESIAN_POINT('',(12.402151699295,-0.36928394329927,15.790028244856));
#5222=CARTESIAN_POINT('',(12.398561116084,-0.38409829079627,15.790028244856));
#5223=CARTESIAN_POINT('',(12.396152810728,-0.39926593346627,15.790028244856));
#5224=CARTESIAN_POINT('',(12.394532493933,-0.41475813400027,15.790028244856));
#5225=CARTESIAN_POINT('',(12.394374532206,-0.42520583614427,15.790028244856));
#5226=CARTESIAN_POINT('',(12.394294761908,-0.43048190099927,15.790028244856));
#5227=B_SPLINE_CURVE_WITH_KNOTS('',3,(#5216,#5217,#5218,#5219,#5220,#5221,#5222,#5223,#5224,#5225,#5226),.UNSPECIFIED.,.F.,.U.,(4,1,1,1,1,1,1,1,4),(0.,0.125279696736,0.249419970742,0.373356799493,0.496681278782,0.620202915744,0.745086320161,0.871269195019,1.),.UNSPECIFIED.);
#5228=EDGE_CURVE('',#2005,#2013,#5227,.T.);
#5229=ORIENTED_EDGE('',*,*,#5228,.T.);
#5230=EDGE_LOOP('',(#5215,#5229));
#5231=FACE_OUTER_BOUND('',#5230,.T.);
#5232=ADVANCED_FACE('',(#5231),#5214,.T.);
#5233=CARTESIAN_POINT('',(12.394294761908,-0.43048190099927,15.790028244856));
#5234=CARTESIAN_POINT('',(12.394294761908,-0.43048190099927,15.800028244856));
#5235=CARTESIAN_POINT('',(12.394440429951,-0.43725658193127,15.790028244856));
#5236=CARTESIAN_POINT('',(12.394440429951,-0.43725658193127,15.800028244856));
#5237=CARTESIAN_POINT('',(12.394726116614,-0.45054320230627,15.790028244856));
#5238=CARTESIAN_POINT('',(12.394726116614,-0.45054320230627,15.800028244856));
#5239=CARTESIAN_POINT('',(12.397531031457,-0.46995394116227,15.790028244856));
#5240=CARTESIAN_POINT('',(12.397531031457,-0.46995394116227,15.800028244856));
#5241=CARTESIAN_POINT('',(12.401727501073,-0.48846763775327,15.790028244856));
#5242=CARTESIAN_POINT('',(12.401727501073,-0.48846763775327,15.800028244856));
#5243=CARTESIAN_POINT('',(12.407869359712,-0.50601005341227,15.790028244856));
#5244=CARTESIAN_POINT('',(12.407869359712,-0.50601005341227,15.800028244856));
#5245=CARTESIAN_POINT('',(12.415796374885,-0.52256126864627,15.790028244856));
#5246=CARTESIAN_POINT('',(12.415796374885,-0.52256126864627,15.800028244856));
#5247=CARTESIAN_POINT('',(12.425538278541,-0.53810693064527,15.790028244856));
#5248=CARTESIAN_POINT('',(12.425538278541,-0.53810693064527,15.800028244856));
#5249=CARTESIAN_POINT('',(12.436886204728,-0.55274251117327,15.790028244856));
#5250=CARTESIAN_POINT('',(12.436886204728,-0.55274251117327,15.800028244856));
#5251=CARTESIAN_POINT('',(12.449981723355,-0.56624474942327,15.790028244856));
#5252=CARTESIAN_POINT('',(12.449981723355,-0.56624474942327,15.800028244856));
#5253=CARTESIAN_POINT('',(12.464463275244,-0.57854904431127,15.790028244856));
#5254=CARTESIAN_POINT('',(12.464463275244,-0.57854904431127,15.800028244856));
#5255=CARTESIAN_POINT('',(12.480426630579,-0.58911045947927,15.790028244856));
#5256=CARTESIAN_POINT('',(12.480426630579,-0.58911045947927,15.800028244856));
#5257=CARTESIAN_POINT('',(12.497439720623,-0.59826880958927,15.790028244856));
#5258=CARTESIAN_POINT('',(12.497439720623,-0.59826880958927,15.800028244856));
#5259=CARTESIAN_POINT('',(12.515801035739,-0.60560279855127,15.790028244856));
#5260=CARTESIAN_POINT('',(12.515801035739,-0.60560279855127,15.800028244856));
#5261=CARTESIAN_POINT('',(12.535369697674,-0.61128254817327,15.790028244856));
#5262=CARTESIAN_POINT('',(12.535369697674,-0.61128254817327,15.800028244856));
#5263=CARTESIAN_POINT('',(12.556119005007,-0.61538213018827,15.790028244856));
#5264=CARTESIAN_POINT('',(12.556119005007,-0.61538213018827,15.800028244856));
#5265=CARTESIAN_POINT('',(12.578087226716,-0.61775737152927,15.790028244856));
#5266=CARTESIAN_POINT('',(12.578087226716,-0.61775737152927,15.800028244856));
#5267=CARTESIAN_POINT('',(12.593126594485,-0.61809456693027,15.790028244856));
#5268=CARTESIAN_POINT('',(12.593126594485,-0.61809456693027,15.800028244856));
#5269=CARTESIAN_POINT('',(12.600849639957,-0.61826772417027,15.790028244856));
#5270=CARTESIAN_POINT('',(12.600849639957,-0.61826772417027,15.800028244856));
#5271=B_SPLINE_SURFACE_WITH_KNOTS('',3,1,((#5233,#5234),(#5235,#5236),(#5237,#5238),(#5239,#5240),(#5241,#5242),(#5243,#5244),(#5245,#5246),(#5247,#5248),(#5249,#5250),(#5251,#5252),(#5253,#5254),(#5255,#5256),(#5257,#5258),(#5259,#5260),(#5261,#5262),(#5263,#5264),(#5265,#5266),(#5267,#5268),(#5269,#5270)),.UNSPECIFIED.,.F.,.T.,.U.,(4,1,1,1,1,1,1,1,1,1,1,1,1,1,1,1,4),(2,2),(0.,2.0343988874734,3.9898979715313,5.8810294941143,7.7310495781324,9.5620956105716,11.383842946831,13.233493826771,15.116397491786,17.026120700621,18.931714824954,20.857085633601,22.82227000716,24.860581741291,26.971601383176,29.169852701245,31.490307459307),(0.,1.),.UNSPECIFIED.);
#5272=ORIENTED_EDGE('',*,*,#2050,.F.);
#5273=CARTESIAN_POINT('',(12.394294761908,-0.43048190099927,15.790028244856));
#5274=CARTESIAN_POINT('',(12.394440429951,-0.43725658193127,15.790028244856));
#5275=CARTESIAN_POINT('',(12.394726116614,-0.45054320230627,15.790028244856));
#5276=CARTESIAN_POINT('',(12.397531031457,-0.46995394116227,15.790028244856));
#5277=CARTESIAN_POINT('',(12.401727501073,-0.48846763775327,15.790028244856));
#5278=CARTESIAN_POINT('',(12.407869359712,-0.50601005341227,15.790028244856));
#5279=CARTESIAN_POINT('',(12.415796374885,-0.52256126864627,15.790028244856));
#5280=CARTESIAN_POINT('',(12.425538278541,-0.53810693064527,15.790028244856));
#5281=CARTESIAN_POINT('',(12.436886204728,-0.55274251117327,15.790028244856));
#5282=CARTESIAN_POINT('',(12.449981723355,-0.56624474942327,15.790028244856));
#5283=CARTESIAN_POINT('',(12.464463275244,-0.57854904431127,15.790028244856));
#5284=CARTESIAN_POINT('',(12.480426630579,-0.58911045947927,15.790028244856));
#5285=CARTESIAN_POINT('',(12.497439720623,-0.59826880958927,15.790028244856));
#5286=CARTESIAN_POINT('',(12.515801035739,-0.60560279855127,15.790028244856));
#5287=CARTESIAN_POINT('',(12.535369697674,-0.61128254817327,15.790028244856));
#5288=CARTESIAN_POINT('',(12.556119005007,-0.61538213018827,15.790028244856));
#5289=CARTESIAN_POINT('',(12.578087226716,-0.61775737152927,15.790028244856));
#5290=CARTESIAN_POINT('',(12.593126594485,-0.61809456693027,15.790028244856));
#5291=CARTESIAN_POINT('',(12.600849639957,-0.61826772417027,15.790028244856));
#5292=B_SPLINE_CURVE_WITH_KNOTS('',3,(#5273,#5274,#5275,#5276,#5277,#5278,#5279,#5280,#5281,#5282,#5283,#5284,#5285,#5286,#5287,#5288,#5289,#5290,#5291),.UNSPECIFIED.,.F.,.U.,(4,1,1,1,1,1,1,1,1,1,1,1,1,1,1,1,4),(0.,0.06460397028839,0.126702413963,0.186756814036,0.245505687365,0.30365202445,0.361503073971,0.420240222928,0.480033340777,0.540678134776,0.601191806381,0.662333502477,0.724739510297,0.789467736173,0.856504860044,0.926312095839,1.),.UNSPECIFIED.);
#5293=EDGE_CURVE('',#2013,#2029,#5292,.T.);
#5294=ORIENTED_EDGE('',*,*,#5293,.T.);
#5295=EDGE_LOOP('',(#5272,#5294));
#5296=FACE_OUTER_BOUND('',#5295,.T.);
#5297=ADVANCED_FACE('',(#5296),#5271,.T.);
#5298=CARTESIAN_POINT('',(12.600849639957,-0.61826772417027,15.790028244856));
#5299=CARTESIAN_POINT('',(12.600849639957,-0.61826772417027,15.800028244856));
#5300=CARTESIAN_POINT('',(12.608160242805,-0.61812881424527,15.790028244856));
#5301=CARTESIAN_POINT('',(12.608160242805,-0.61812881424527,15.800028244856));
#5302=CARTESIAN_POINT('',(12.622437677702,-0.61785752643827,15.790028244856));
#5303=CARTESIAN_POINT('',(12.622437677702,-0.61785752643827,15.800028244856));
#5304=CARTESIAN_POINT('',(12.643276516663,-0.61552673312627,15.790028244856));
#5305=CARTESIAN_POINT('',(12.643276516663,-0.61552673312627,15.800028244856));
#5306=CARTESIAN_POINT('',(12.662979877585,-0.61175111100527,15.790028244856));
#5307=CARTESIAN_POINT('',(12.662979877585,-0.61175111100527,15.800028244856));
#5308=CARTESIAN_POINT('',(12.681530393175,-0.60644494015627,15.790028244856));
#5309=CARTESIAN_POINT('',(12.681530393175,-0.60644494015627,15.800028244856));
#5310=CARTESIAN_POINT('',(12.698910896213,-0.59952588756127,15.790028244856));
#5311=CARTESIAN_POINT('',(12.698910896213,-0.59952588756127,15.800028244856));
#5312=CARTESIAN_POINT('',(12.71516756664,-0.59116791451827,15.790028244856));
#5313=CARTESIAN_POINT('',(12.71516756664,-0.59116791451827,15.800028244856));
#5314=CARTESIAN_POINT('',(12.730226992457,-0.58117490564227,15.790028244856));
#5315=CARTESIAN_POINT('',(12.730226992457,-0.58117490564227,15.800028244856));
#5316=CARTESIAN_POINT('',(12.744018672081,-0.56976745574327,15.790028244856));
#5317=CARTESIAN_POINT('',(12.744018672081,-0.56976745574327,15.800028244856));
#5318=CARTESIAN_POINT('',(12.756386498136,-0.55710218156627,15.790028244856));
#5319=CARTESIAN_POINT('',(12.756386498136,-0.55710218156627,15.800028244856));
#5320=CARTESIAN_POINT('',(12.767248228297,-0.54344430259627,15.790028244856));
#5321=CARTESIAN_POINT('',(12.767248228297,-0.54344430259627,15.800028244856));
#5322=CARTESIAN_POINT('',(12.776314391713,-0.52876406252727,15.790028244856));
#5323=CARTESIAN_POINT('',(12.776314391713,-0.52876406252727,15.800028244856));
#5324=CARTESIAN_POINT('',(12.783832342153,-0.51319835218927,15.790028244856));
#5325=CARTESIAN_POINT('',(12.783832342153,-0.51319835218927,15.800028244856));
#5326=CARTESIAN_POINT('',(12.78964475475,-0.49667684266327,15.790028244856));
#5327=CARTESIAN_POINT('',(12.78964475475,-0.49667684266327,15.800028244856));
#5328=CARTESIAN_POINT('',(12.793719459823,-0.47916860750727,15.790028244856));
#5329=CARTESIAN_POINT('',(12.793719459823,-0.47916860750727,15.800028244856));
#5330=CARTESIAN_POINT('',(12.796243244477,-0.46075740446527,15.790028244856));
#5331=CARTESIAN_POINT('',(12.796243244477,-0.46075740446527,15.800028244856));
#5332=CARTESIAN_POINT('',(12.796568237256,-0.44814761655327,15.790028244856));
#5333=CARTESIAN_POINT('',(12.796568237256,-0.44814761655327,15.800028244856));
#5334=CARTESIAN_POINT('',(12.796733786298,-0.44172427904827,15.790028244856));
#5335=CARTESIAN_POINT('',(12.796733786298,-0.44172427904827,15.800028244856));
#5336=B_SPLINE_SURFACE_WITH_KNOTS('',3,1,((#5298,#5299),(#5300,#5301),(#5302,#5303),(#5304,#5305),(#5306,#5307),(#5308,#5309),(#5310,#5311),(#5312,#5313),(#5314,#5315),(#5316,#5317),(#5318,#5319),(#5320,#5321),(#5322,#5323),(#5324,#5325),(#5326,#5327),(#5328,#5329),(#5330,#5331),(#5332,#5333),(#5334,#5335)),.UNSPECIFIED.,.F.,.T.,.U.,(4,1,1,1,1,1,1,1,1,1,1,1,1,1,1,1,4),(2,2),(0.,2.196114970205,4.288960728075,6.2914427027678,8.2182828727113,10.077122672117,11.903818013455,13.700886655559,15.496941579551,17.271677286125,19.010884885357,20.729445838631,22.445196214355,24.195676476767,25.980236368423,27.838586225832,29.768094676535),(0.,1.),.UNSPECIFIED.);
#5337=ORIENTED_EDGE('',*,*,#2074,.F.);
#5338=CARTESIAN_POINT('',(12.600849639957,-0.61826772417027,15.790028244856));
#5339=CARTESIAN_POINT('',(12.608160242805,-0.61812881424527,15.790028244856));
#5340=CARTESIAN_POINT('',(12.622437677702,-0.61785752643827,15.790028244856));
#5341=CARTESIAN_POINT('',(12.643276516663,-0.61552673312627,15.790028244856));
#5342=CARTESIAN_POINT('',(12.662979877585,-0.61175111100527,15.790028244856));
#5343=CARTESIAN_POINT('',(12.681530393175,-0.60644494015627,15.790028244856));
#5344=CARTESIAN_POINT('',(12.698910896213,-0.59952588756127,15.790028244856));
#5345=CARTESIAN_POINT('',(12.71516756664,-0.59116791451827,15.790028244856));
#5346=CARTESIAN_POINT('',(12.730226992457,-0.58117490564227,15.790028244856));
#5347=CARTESIAN_POINT('',(12.744018672081,-0.56976745574327,15.790028244856));
#5348=CARTESIAN_POINT('',(12.756386498136,-0.55710218156627,15.790028244856));
#5349=CARTESIAN_POINT('',(12.767248228297,-0.54344430259627,15.790028244856));
#5350=CARTESIAN_POINT('',(12.776314391713,-0.52876406252727,15.790028244856));
#5351=CARTESIAN_POINT('',(12.783832342153,-0.51319835218927,15.790028244856));
#5352=CARTESIAN_POINT('',(12.78964475475,-0.49667684266327,15.790028244856));
#5353=CARTESIAN_POINT('',(12.793719459823,-0.47916860750727,15.790028244856));
#5354=CARTESIAN_POINT('',(12.796243244477,-0.46075740446527,15.790028244856));
#5355=CARTESIAN_POINT('',(12.796568237256,-0.44814761655327,15.790028244856));
#5356=CARTESIAN_POINT('',(12.796733786298,-0.44172427904827,15.790028244856));
#5357=B_SPLINE_CURVE_WITH_KNOTS('',3,(#5338,#5339,#5340,#5341,#5342,#5343,#5344,#5345,#5346,#5347,#5348,#5349,#5350,#5351,#5352,#5353,#5354,#5355,#5356),.UNSPECIFIED.,.F.,.U.,(4,1,1,1,1,1,1,1,1,1,1,1,1,1,1,1,4),(0.,0.07377411937406,0.144079114726,0.211348518309,0.27607688574,0.33852091582,0.399885116693,0.460254067465,0.520588964391,0.580207684563,0.638632908553,0.696364549491,0.75400177466,0.812805681374,0.872754425526,0.935181996978,1.),.UNSPECIFIED.);
#5358=EDGE_CURVE('',#2029,#2053,#5357,.T.);
#5359=ORIENTED_EDGE('',*,*,#5358,.T.);
#5360=EDGE_LOOP('',(#5337,#5359));
#5361=FACE_OUTER_BOUND('',#5360,.T.);
#5362=ADVANCED_FACE('',(#5361),#5336,.T.);
#5363=CARTESIAN_POINT('',(12.796733786298,-0.44172427904827,15.790028244856));
#5364=CARTESIAN_POINT('',(12.796733786298,-0.44172427904827,15.800028244856));
#5365=CARTESIAN_POINT('',(12.796654516025,-0.43568656876527,15.790028244856));
#5366=CARTESIAN_POINT('',(12.796654516025,-0.43568656876527,15.800028244856));
#5367=CARTESIAN_POINT('',(12.796498215729,-0.42378177951827,15.790028244856));
#5368=CARTESIAN_POINT('',(12.796498215729,-0.42378177951827,15.800028244856));
#5369=CARTESIAN_POINT('',(12.794894228255,-0.40622583859727,15.790028244856));
#5370=CARTESIAN_POINT('',(12.794894228255,-0.40622583859727,15.800028244856));
#5371=CARTESIAN_POINT('',(12.792480118597,-0.38922072420627,15.790028244856));
#5372=CARTESIAN_POINT('',(12.792480118597,-0.38922072420627,15.800028244856));
#5373=CARTESIAN_POINT('',(12.788926761236,-0.37284034877927,15.790028244856));
#5374=CARTESIAN_POINT('',(12.788926761236,-0.37284034877927,15.800028244856));
#5375=CARTESIAN_POINT('',(12.784478759811,-0.35702855179127,15.790028244856));
#5376=CARTESIAN_POINT('',(12.784478759811,-0.35702855179127,15.800028244856));
#5377=CARTESIAN_POINT('',(12.778891729257,-0.34187497529827,15.790028244856));
#5378=CARTESIAN_POINT('',(12.778891729257,-0.34187497529827,15.800028244856));
#5379=CARTESIAN_POINT('',(12.772510185064,-0.32721769607127,15.790028244856));
#5380=CARTESIAN_POINT('',(12.772510185064,-0.32721769607127,15.800028244856));
#5381=CARTESIAN_POINT('',(12.767310368265,-0.31798584045427,15.790028244856));
#5382=CARTESIAN_POINT('',(12.767310368265,-0.31798584045427,15.800028244856));
#5383=CARTESIAN_POINT('',(12.764721591176,-0.31338967538927,15.790028244856));
#5384=CARTESIAN_POINT('',(12.764721591176,-0.31338967538927,15.800028244856));
#5385=B_SPLINE_SURFACE_WITH_KNOTS('',3,1,((#5363,#5364),(#5365,#5366),(#5367,#5368),(#5369,#5370),(#5371,#5372),(#5373,#5374),(#5375,#5376),(#5377,#5378),(#5379,#5380),(#5381,#5382),(#5383,#5384)),.UNSPECIFIED.,.F.,.T.,.U.,(4,1,1,1,1,1,1,1,4),(2,2),(0.,1.8121789012435,3.5731439381109,5.2882911366708,6.9657370105256,8.6015052991493,10.215200677301,11.811564695707,13.394317566602),(0.,1.),.UNSPECIFIED.);
#5386=ORIENTED_EDGE('',*,*,#2088,.F.);
#5387=CARTESIAN_POINT('',(12.796733786298,-0.44172427904827,15.790028244856));
#5388=CARTESIAN_POINT('',(12.796654516025,-0.43568656876527,15.790028244856));
#5389=CARTESIAN_POINT('',(12.796498215729,-0.42378177951827,15.790028244856));
#5390=CARTESIAN_POINT('',(12.794894228255,-0.40622583859727,15.790028244856));
#5391=CARTESIAN_POINT('',(12.792480118597,-0.38922072420627,15.790028244856));
#5392=CARTESIAN_POINT('',(12.788926761236,-0.37284034877927,15.790028244856));
#5393=CARTESIAN_POINT('',(12.784478759811,-0.35702855179127,15.790028244856));
#5394=CARTESIAN_POINT('',(12.778891729257,-0.34187497529827,15.790028244856));
#5395=CARTESIAN_POINT('',(12.772510185064,-0.32721769607127,15.790028244856));
#5396=CARTESIAN_POINT('',(12.767310368265,-0.31798584045427,15.790028244856));
#5397=CARTESIAN_POINT('',(12.764721591176,-0.31338967538927,15.790028244856));
#5398=B_SPLINE_CURVE_WITH_KNOTS('',3,(#5387,#5388,#5389,#5390,#5391,#5392,#5393,#5394,#5395,#5396,#5397),.UNSPECIFIED.,.F.,.U.,(4,1,1,1,1,1,1,1,4),(0.,0.135294604763,0.266765657925,0.394816018836,0.520051654434,0.642175702971,0.762651820558,0.881834004381,1.),.UNSPECIFIED.);
#5399=EDGE_CURVE('',#2053,#1915,#5398,.T.);
#5400=ORIENTED_EDGE('',*,*,#5399,.T.);
#5401=EDGE_LOOP('',(#5386,#5400));
#5402=FACE_OUTER_BOUND('',#5401,.T.);
#5403=ADVANCED_FACE('',(#5402),#5385,.T.);
#5404=CARTESIAN_POINT('',(12.844675501856,-0.37998369718427,15.790028244856));
#5405=DIRECTION('',(1.,-2.1973354039425E-16,2.2676501368687E-13));
#5406=DIRECTION('',(-2.2676501368687E-13,-1.2507211990628E-13,1.));
#5407=AXIS2_PLACEMENT_3D('',#5404,#5406,#5405);
#5408=PLANE('',#5407);
#5409=ORIENTED_EDGE('',*,*,#4960,.F.);
#5410=ORIENTED_EDGE('',*,*,#5399,.F.);
#5411=ORIENTED_EDGE('',*,*,#5358,.F.);
#5412=ORIENTED_EDGE('',*,*,#5293,.F.);
#5413=ORIENTED_EDGE('',*,*,#5228,.F.);
#5414=ORIENTED_EDGE('',*,*,#5187,.F.);
#5415=ORIENTED_EDGE('',*,*,#5172,.F.);
#5416=ORIENTED_EDGE('',*,*,#5131,.F.);
#5417=ORIENTED_EDGE('',*,*,#5066,.F.);
#5418=ORIENTED_EDGE('',*,*,#5001,.F.);
#5419=EDGE_LOOP('',(#5409,#5410,#5411,#5412,#5413,#5414,#5415,#5416,#5417,#5418));
#5420=FACE_OUTER_BOUND('',#5419,.T.);
#5421=ADVANCED_FACE('',(#5420),#5408,.T.);
#5422=CARTESIAN_POINT('',(12.790636225323,-0.72802382173127,15.790028244856));
#5423=DIRECTION('',(0.,0.,1.));
#5424=DIRECTION('',(0.,-1.,0.));
#5425=AXIS2_PLACEMENT_3D('',#5422,#5424,#5423);
#5426=PLANE('',#5425);
#5427=ORIENTED_EDGE('',*,*,#1564,.F.);
#5428=CARTESIAN_POINT('',(12.790636225323,-0.72802382173127,15.790028244856));
#5429=DIRECTION('',(1.,0.,0.));
#5430=VECTOR('',#5429,0.054878048779999);
#5431=LINE('',#5428,#5430);
#5432=EDGE_CURVE('',#1557,#1559,#5431,.T.);
#5433=ORIENTED_EDGE('',*,*,#5432,.T.);
#5434=EDGE_LOOP('',(#5427,#5433));
#5435=FACE_OUTER_BOUND('',#5434,.T.);
#5436=ADVANCED_FACE('',(#5435),#5426,.T.);
#5437=CARTESIAN_POINT('',(12.845514274103,-0.72802382173127,15.790028244856));
#5438=DIRECTION('',(0.,0.,1.));
#5439=DIRECTION('',(-1.,0.,0.));
#5440=AXIS2_PLACEMENT_3D('',#5437,#5439,#5438);
#5441=PLANE('',#5440);
#5442=ORIENTED_EDGE('',*,*,#1572,.F.);
#5443=CARTESIAN_POINT('',(12.845514274103,-0.72802382173127,15.790028244856));
#5444=DIRECTION('',(0.,-1.,0.));
#5445=VECTOR('',#5444,0.256097560975);
#5446=LINE('',#5443,#5445);
#5447=EDGE_CURVE('',#1559,#1567,#5446,.T.);
#5448=ORIENTED_EDGE('',*,*,#5447,.T.);
#5449=EDGE_LOOP('',(#5442,#5448));
#5450=FACE_OUTER_BOUND('',#5449,.T.);
#5451=ADVANCED_FACE('',(#5450),#5441,.T.);
#5452=CARTESIAN_POINT('',(12.845514274103,-0.98412138270627,15.790028244856));
#5453=DIRECTION('',(0.,0.,-1.));
#5454=DIRECTION('',(2.2204460492503E-16,1.,0.));
#5455=AXIS2_PLACEMENT_3D('',#5452,#5454,#5453);
#5456=PLANE('',#5455);
#5457=ORIENTED_EDGE('',*,*,#1580,.F.);
#5458=CARTESIAN_POINT('',(12.845514274103,-0.98412138270627,15.790028244856));
#5459=DIRECTION('',(-1.,0.,0.));
#5460=VECTOR('',#5459,0.5);
#5461=LINE('',#5458,#5460);
#5462=EDGE_CURVE('',#1567,#1575,#5461,.T.);
#5463=ORIENTED_EDGE('',*,*,#5462,.T.);
#5464=EDGE_LOOP('',(#5457,#5463));
#5465=FACE_OUTER_BOUND('',#5464,.T.);
#5466=ADVANCED_FACE('',(#5465),#5456,.T.);
#5467=CARTESIAN_POINT('',(12.345514274103,-0.98412138270627,15.790028244856));
#5468=DIRECTION('',(0.,0.,-1.));
#5469=DIRECTION('',(1.,-0.,0.));
#5470=AXIS2_PLACEMENT_3D('',#5467,#5469,#5468);
#5471=PLANE('',#5470);
#5472=ORIENTED_EDGE('',*,*,#1588,.F.);
#5473=CARTESIAN_POINT('',(12.345514274103,-0.98412138270627,15.790028244856));
#5474=DIRECTION('',(0.,1.,0.));
#5475=VECTOR('',#5474,0.067073170732);
#5476=LINE('',#5473,#5475);
#5477=EDGE_CURVE('',#1575,#1583,#5476,.T.);
#5478=ORIENTED_EDGE('',*,*,#5477,.T.);
#5479=EDGE_LOOP('',(#5472,#5478));
#5480=FACE_OUTER_BOUND('',#5479,.T.);
#5481=ADVANCED_FACE('',(#5480),#5471,.T.);
#5482=CARTESIAN_POINT('',(12.345514274103,-0.91704821197427,15.790028244856));
#5483=DIRECTION('',(0.,0.,1.));
#5484=DIRECTION('',(0.,-1.,0.));
#5485=AXIS2_PLACEMENT_3D('',#5482,#5484,#5483);
#5486=PLANE('',#5485);
#5487=ORIENTED_EDGE('',*,*,#1596,.F.);
#5488=CARTESIAN_POINT('',(12.345514274103,-0.91704821197427,15.790028244856));
#5489=DIRECTION('',(1.,0.,0.));
#5490=VECTOR('',#5489,0.44512195122);
#5491=LINE('',#5488,#5490);
#5492=EDGE_CURVE('',#1583,#1591,#5491,.T.);
#5493=ORIENTED_EDGE('',*,*,#5492,.T.);
#5494=EDGE_LOOP('',(#5487,#5493));
#5495=FACE_OUTER_BOUND('',#5494,.T.);
#5496=ADVANCED_FACE('',(#5495),#5486,.T.);
#5497=CARTESIAN_POINT('',(12.790636225323,-0.91704821197427,15.790028244856));
#5498=DIRECTION('',(0.,0.,-1.));
#5499=DIRECTION('',(1.,-0.,0.));
#5500=AXIS2_PLACEMENT_3D('',#5497,#5499,#5498);
#5501=PLANE('',#5500);
#5502=ORIENTED_EDGE('',*,*,#1602,.F.);
#5503=CARTESIAN_POINT('',(12.790636225323,-0.91704821197427,15.790028244856));
#5504=DIRECTION('',(0.,1.,0.));
#5505=VECTOR('',#5504,0.189024390243);
#5506=LINE('',#5503,#5505);
#5507=EDGE_CURVE('',#1591,#1557,#5506,.T.);
#5508=ORIENTED_EDGE('',*,*,#5507,.T.);
#5509=EDGE_LOOP('',(#5502,#5508));
#5510=FACE_OUTER_BOUND('',#5509,.T.);
#5511=ADVANCED_FACE('',(#5510),#5501,.T.);
#5512=CARTESIAN_POINT('',(11.099987299975,-2.5024140656333,15.790028244856));
#5513=DIRECTION('',(0.,-1.,0.));
#5514=DIRECTION('',(-0.,0.,1.));
#5515=AXIS2_PLACEMENT_3D('',#5512,#5514,#5513);
#5516=PLANE('',#5515);
#5517=ORIENTED_EDGE('',*,*,#5432,.F.);
#5518=ORIENTED_EDGE('',*,*,#5507,.F.);
#5519=ORIENTED_EDGE('',*,*,#5492,.F.);
#5520=ORIENTED_EDGE('',*,*,#5477,.F.);
#5521=ORIENTED_EDGE('',*,*,#5462,.F.);
#5522=ORIENTED_EDGE('',*,*,#5447,.F.);
#5523=EDGE_LOOP('',(#5517,#5518,#5519,#5520,#5521,#5522));
#5524=FACE_OUTER_BOUND('',#5523,.T.);
#5525=ADVANCED_FACE('',(#5524),#5516,.T.);
#5526=CARTESIAN_POINT('',(11.099987299975,-2.5024140656333,15.800028244856));
#5527=DIRECTION('',(0.,-1.,0.));
#5528=DIRECTION('',(-0.,0.,1.));
#5529=AXIS2_PLACEMENT_3D('',#5526,#5528,#5527);
#5530=PLANE('',#5529);
#5531=ORIENTED_EDGE('',*,*,#4219,.F.);
#5532=ORIENTED_EDGE('',*,*,#4307,.F.);
#5533=ORIENTED_EDGE('',*,*,#4292,.F.);
#5534=ORIENTED_EDGE('',*,*,#4263,.F.);
#5535=ORIENTED_EDGE('',*,*,#4234,.F.);
#5536=EDGE_LOOP('',(#5531,#5532,#5533,#5534,#5535));
#5537=FACE_OUTER_BOUND('',#5536,.T.);
#5538=ADVANCED_FACE('',(#5537),#5530,.T.);
#5539=CARTESIAN_POINT('',(11.099987299975,-2.5024140656333,15.800028244856));
#5540=DIRECTION('',(0.,-1.,0.));
#5541=DIRECTION('',(-0.,0.,1.));
#5542=AXIS2_PLACEMENT_3D('',#5539,#5541,#5540);
#5543=PLANE('',#5542);
#5544=ORIENTED_EDGE('',*,*,#4584,.F.);
#5545=ORIENTED_EDGE('',*,*,#4744,.F.);
#5546=ORIENTED_EDGE('',*,*,#4729,.F.);
#5547=ORIENTED_EDGE('',*,*,#4714,.F.);
#5548=ORIENTED_EDGE('',*,*,#4649,.F.);
#5549=EDGE_LOOP('',(#5544,#5545,#5546,#5547,#5548));
#5550=FACE_OUTER_BOUND('',#5549,.T.);
#5551=ADVANCED_FACE('',(#5550),#5543,.T.);
#5552=CARTESIAN_POINT('',(11.099987299975,-2.5024140656333,10.800028244856));
#5553=DIRECTION('',(0.,1.,0.));
#5554=DIRECTION('',(0.,0.,-1.));
#5555=AXIS2_PLACEMENT_3D('',#5552,#5554,#5553);
#5556=PLANE('',#5555);
#5557=CARTESIAN_POINT('',(10.857166976947,-2.6969380973463,10.800028244856));
#5558=VERTEX_POINT('',#5557);
#5559=CARTESIAN_POINT('',(10.857166976947,-2.3078900339203,10.800028244856));
#5560=VERTEX_POINT('',#5559);
#5561=CARTESIAN_POINT('',(10.857166976947,-2.6969380973463,10.800028244856));
#5562=DIRECTION('',(0.,1.,0.));
#5563=VECTOR('',#5562,0.389048063426);
#5564=LINE('',#5561,#5563);
#5565=EDGE_CURVE('',#5558,#5560,#5564,.T.);
#5566=ORIENTED_EDGE('',*,*,#5565,.T.);
#5567=CARTESIAN_POINT('',(10.905463268262,-2.2595937426053,10.800028244856));
#5568=VERTEX_POINT('',#5567);
#5569=CARTESIAN_POINT('',(10.857166976947,-2.3078900339203,10.800028244856));
#5570=CARTESIAN_POINT('',(10.857166976947,-2.2792198952153,10.800028244856));
#5571=CARTESIAN_POINT('',(10.876793129557,-2.2595937426053,10.800028244856));
#5572=CARTESIAN_POINT('',(10.905463268262,-2.2595937426053,10.800028244856));
#5573=(BOUNDED_CURVE()B_SPLINE_CURVE(3,(#5569,#5570,#5571,#5572),.UNSPECIFIED.,.F.,.U.)B_SPLINE_CURVE_WITH_KNOTS((4,4),(2.389713239295,3.893472067885),.UNSPECIFIED.)CURVE()GEOMETRIC_REPRESENTATION_ITEM()RATIONAL_B_SPLINE_CURVE((1.,0.820270997176,0.820270997176,1.))REPRESENTATION_ITEM(''));
#5574=EDGE_CURVE('',#5560,#5568,#5573,.T.);
#5575=ORIENTED_EDGE('',*,*,#5574,.T.);
#5576=CARTESIAN_POINT('',(11.294511331688,-2.2595937426053,10.800028244856));
#5577=VERTEX_POINT('',#5576);
#5578=CARTESIAN_POINT('',(10.905463268262,-2.2595937426053,10.800028244856));
#5579=DIRECTION('',(1.,0.,0.));
#5580=VECTOR('',#5579,0.389048063426);
#5581=LINE('',#5578,#5580);
#5582=EDGE_CURVE('',#5568,#5577,#5581,.T.);
#5583=ORIENTED_EDGE('',*,*,#5582,.T.);
#5584=CARTESIAN_POINT('',(11.342807623003,-2.3078900339203,10.800028244856));
#5585=VERTEX_POINT('',#5584);
#5586=CARTESIAN_POINT('',(11.294511331688,-2.2595937426053,10.800028244856));
#5587=CARTESIAN_POINT('',(11.323181470393,-2.2595937426053,10.800028244856));
#5588=CARTESIAN_POINT('',(11.342807623003,-2.2792198952153,10.800028244856));
#5589=CARTESIAN_POINT('',(11.342807623003,-2.3078900339203,10.800028244856));
#5590=(BOUNDED_CURVE()B_SPLINE_CURVE(3,(#5586,#5587,#5588,#5589),.UNSPECIFIED.,.F.,.U.)B_SPLINE_CURVE_WITH_KNOTS((4,4),(2.389713239295,3.893472067885),.UNSPECIFIED.)CURVE()GEOMETRIC_REPRESENTATION_ITEM()RATIONAL_B_SPLINE_CURVE((1.,0.820270997176,0.820270997176,1.))REPRESENTATION_ITEM(''));
#5591=EDGE_CURVE('',#5577,#5585,#5590,.T.);
#5592=ORIENTED_EDGE('',*,*,#5591,.T.);
#5593=CARTESIAN_POINT('',(11.342807623003,-2.6969380973463,10.800028244856));
#5594=VERTEX_POINT('',#5593);
#5595=CARTESIAN_POINT('',(11.342807623003,-2.3078900339203,10.800028244856));
#5596=DIRECTION('',(0.,-1.,0.));
#5597=VECTOR('',#5596,0.389048063426);
#5598=LINE('',#5595,#5597);
#5599=EDGE_CURVE('',#5585,#5594,#5598,.T.);
#5600=ORIENTED_EDGE('',*,*,#5599,.T.);
#5601=CARTESIAN_POINT('',(11.294511331688,-2.7452343886613,10.800028244856));
#5602=VERTEX_POINT('',#5601);
#5603=CARTESIAN_POINT('',(11.342807623003,-2.6969380973463,10.800028244856));
#5604=CARTESIAN_POINT('',(11.342807623003,-2.7256082360513,10.800028244856));
#5605=CARTESIAN_POINT('',(11.323181470393,-2.7452343886613,10.800028244856));
#5606=CARTESIAN_POINT('',(11.294511331688,-2.7452343886613,10.800028244856));
#5607=(BOUNDED_CURVE()B_SPLINE_CURVE(3,(#5603,#5604,#5605,#5606),.UNSPECIFIED.,.F.,.U.)B_SPLINE_CURVE_WITH_KNOTS((4,4),(5.531305892885,7.035064721475),.UNSPECIFIED.)CURVE()GEOMETRIC_REPRESENTATION_ITEM()RATIONAL_B_SPLINE_CURVE((1.,0.820270997176,0.820270997176,1.))REPRESENTATION_ITEM(''));
#5608=EDGE_CURVE('',#5594,#5602,#5607,.T.);
#5609=ORIENTED_EDGE('',*,*,#5608,.T.);
#5610=CARTESIAN_POINT('',(10.905463268262,-2.7452343886613,10.800028244856));
#5611=VERTEX_POINT('',#5610);
#5612=CARTESIAN_POINT('',(11.294511331688,-2.7452343886613,10.800028244856));
#5613=DIRECTION('',(-1.,0.,0.));
#5614=VECTOR('',#5613,0.389048063426);
#5615=LINE('',#5612,#5614);
#5616=EDGE_CURVE('',#5602,#5611,#5615,.T.);
#5617=ORIENTED_EDGE('',*,*,#5616,.T.);
#5618=CARTESIAN_POINT('',(10.905463268262,-2.7452343886613,10.800028244856));
#5619=CARTESIAN_POINT('',(10.876793129557,-2.7452343886613,10.800028244856));
#5620=CARTESIAN_POINT('',(10.857166976947,-2.7256082360513,10.800028244856));
#5621=CARTESIAN_POINT('',(10.857166976947,-2.6969380973463,10.800028244856));
#5622=(BOUNDED_CURVE()B_SPLINE_CURVE(3,(#5618,#5619,#5620,#5621),.UNSPECIFIED.,.F.,.U.)B_SPLINE_CURVE_WITH_KNOTS((4,4),(5.531305892885,7.035064721475),.UNSPECIFIED.)CURVE()GEOMETRIC_REPRESENTATION_ITEM()RATIONAL_B_SPLINE_CURVE((1.,0.820270997176,0.820270997176,1.))REPRESENTATION_ITEM(''));
#5623=EDGE_CURVE('',#5611,#5558,#5622,.T.);
#5624=ORIENTED_EDGE('',*,*,#5623,.T.);
#5625=EDGE_LOOP('',(#5566,#5575,#5583,#5592,#5600,#5609,#5617,#5624));
#5626=FACE_OUTER_BOUND('',#5625,.T.);
#5627=ADVANCED_FACE('',(#5626),#5556,.T.);
#5628=CARTESIAN_POINT('',(10.749987299975,-2.8524140656333,20.200028244856));
#5629=DIRECTION('',(-1.9737298215558E-16,0.,-1.));
#5630=DIRECTION('',(-1.,0.,1.9737298215558E-16));
#5631=AXIS2_PLACEMENT_3D('',#5628,#5630,#5629);
#5632=PLANE('',#5631);
#5633=ORIENTED_EDGE('',*,*,#2597,.F.);
#5634=CARTESIAN_POINT('',(10.749987299975,-2.2024140656333,11.200028244856));
#5635=VERTEX_POINT('',#5634);
#5636=CARTESIAN_POINT('',(10.749987299975,-2.2024140656333,14.300028244856));
#5637=DIRECTION('',(0.,0.,-1.));
#5638=VECTOR('',#5637,3.1);
#5639=LINE('',#5636,#5638);
#5640=EDGE_CURVE('',#2583,#5635,#5639,.T.);
#5641=ORIENTED_EDGE('',*,*,#5640,.T.);
#5642=CARTESIAN_POINT('',(10.749987299975,-2.8024140656333,11.200028244856));
#5643=VERTEX_POINT('',#5642);
#5644=CARTESIAN_POINT('',(10.749987299975,-2.2024140656333,11.200028244856));
#5645=DIRECTION('',(0.,-1.,0.));
#5646=VECTOR('',#5645,0.6);
#5647=LINE('',#5644,#5646);
#5648=EDGE_CURVE('',#5635,#5643,#5647,.T.);
#5649=ORIENTED_EDGE('',*,*,#5648,.T.);
#5650=CARTESIAN_POINT('',(10.749987299975,-2.8024140656333,11.200028244856));
#5651=DIRECTION('',(0.,0.,1.));
#5652=VECTOR('',#5651,3.1);
#5653=LINE('',#5650,#5652);
#5654=EDGE_CURVE('',#5643,#2592,#5653,.T.);
#5655=ORIENTED_EDGE('',*,*,#5654,.T.);
#5656=EDGE_LOOP('',(#5633,#5641,#5649,#5655));
#5657=FACE_OUTER_BOUND('',#5656,.T.);
#5658=ADVANCED_FACE('',(#5657),#5632,.T.);
#5659=CARTESIAN_POINT('',(10.749987299975,-2.1524140656333,20.200028244856));
#5660=DIRECTION('',(1.,0.,0.));
#5661=DIRECTION('',(-0.,1.,0.));
#5662=AXIS2_PLACEMENT_3D('',#5659,#5661,#5660);
#5663=PLANE('',#5662);
#5664=ORIENTED_EDGE('',*,*,#2580,.F.);
#5665=CARTESIAN_POINT('',(11.399987299975,-2.1524140656333,11.200028244856));
#5666=VERTEX_POINT('',#5665);
#5667=CARTESIAN_POINT('',(11.399987299975,-2.1524140656333,14.300028244856));
#5668=DIRECTION('',(0.,0.,-1.));
#5669=VECTOR('',#5668,3.1);
#5670=LINE('',#5667,#5669);
#5671=EDGE_CURVE('',#2573,#5666,#5670,.T.);
#5672=ORIENTED_EDGE('',*,*,#5671,.T.);
#5673=CARTESIAN_POINT('',(10.799987299975,-2.1524140656333,11.200028244856));
#5674=VERTEX_POINT('',#5673);
#5675=CARTESIAN_POINT('',(11.399987299975,-2.1524140656333,11.200028244856));
#5676=DIRECTION('',(-1.,0.,0.));
#5677=VECTOR('',#5676,0.6);
#5678=LINE('',#5675,#5677);
#5679=EDGE_CURVE('',#5666,#5674,#5678,.T.);
#5680=ORIENTED_EDGE('',*,*,#5679,.T.);
#5681=CARTESIAN_POINT('',(10.799987299975,-2.1524140656333,11.200028244856));
#5682=DIRECTION('',(0.,0.,1.));
#5683=VECTOR('',#5682,3.1);
#5684=LINE('',#5681,#5683);
#5685=EDGE_CURVE('',#5674,#2575,#5684,.T.);
#5686=ORIENTED_EDGE('',*,*,#5685,.T.);
#5687=EDGE_LOOP('',(#5664,#5672,#5680,#5686));
#5688=FACE_OUTER_BOUND('',#5687,.T.);
#5689=ADVANCED_FACE('',(#5688),#5663,.T.);
#5690=CARTESIAN_POINT('',(11.449987299975,-2.8524140656333,20.200028244856));
#5691=DIRECTION('',(1.9737298215558E-16,0.,1.));
#5692=DIRECTION('',(1.,0.,-1.9737298215558E-16));
#5693=AXIS2_PLACEMENT_3D('',#5690,#5692,#5691);
#5694=PLANE('',#5693);
#5695=ORIENTED_EDGE('',*,*,#2631,.F.);
#5696=CARTESIAN_POINT('',(11.449987299975,-2.8024140656333,11.200028244856));
#5697=VERTEX_POINT('',#5696);
#5698=CARTESIAN_POINT('',(11.449987299975,-2.8024140656333,14.300028244856));
#5699=DIRECTION('',(0.,0.,-1.));
#5700=VECTOR('',#5699,3.1);
#5701=LINE('',#5698,#5700);
#5702=EDGE_CURVE('',#2617,#5697,#5701,.T.);
#5703=ORIENTED_EDGE('',*,*,#5702,.T.);
#5704=CARTESIAN_POINT('',(11.449987299975,-2.2024140656333,11.200028244856));
#5705=VERTEX_POINT('',#5704);
#5706=CARTESIAN_POINT('',(11.449987299975,-2.8024140656333,11.200028244856));
#5707=DIRECTION('',(0.,1.,0.));
#5708=VECTOR('',#5707,0.6);
#5709=LINE('',#5706,#5708);
#5710=EDGE_CURVE('',#5697,#5705,#5709,.T.);
#5711=ORIENTED_EDGE('',*,*,#5710,.T.);
#5712=CARTESIAN_POINT('',(11.449987299975,-2.2024140656333,11.200028244856));
#5713=DIRECTION('',(0.,0.,1.));
#5714=VECTOR('',#5713,3.1);
#5715=LINE('',#5712,#5714);
#5716=EDGE_CURVE('',#5705,#2626,#5715,.T.);
#5717=ORIENTED_EDGE('',*,*,#5716,.T.);
#5718=EDGE_LOOP('',(#5695,#5703,#5711,#5717));
#5719=FACE_OUTER_BOUND('',#5718,.T.);
#5720=ADVANCED_FACE('',(#5719),#5694,.T.);
#5721=CARTESIAN_POINT('',(10.749987299975,-2.8524140656333,20.200028244856));
#5722=DIRECTION('',(-1.,-6.832141690001E-16,0.));
#5723=DIRECTION('',(6.832141690001E-16,-1.,0.));
#5724=AXIS2_PLACEMENT_3D('',#5721,#5723,#5722);
#5725=PLANE('',#5724);
#5726=CARTESIAN_POINT('',(10.799987299975,-2.8524140656333,11.200028244856));
#5727=VERTEX_POINT('',#5726);
#5728=CARTESIAN_POINT('',(11.399987299975,-2.8524140656333,11.200028244856));
#5729=VERTEX_POINT('',#5728);
#5730=CARTESIAN_POINT('',(10.799987299975,-2.8524140656333,11.200028244856));
#5731=DIRECTION('',(1.,0.,0.));
#5732=VECTOR('',#5731,0.6);
#5733=LINE('',#5730,#5732);
#5734=EDGE_CURVE('',#5727,#5729,#5733,.T.);
#5735=ORIENTED_EDGE('',*,*,#5734,.T.);
#5736=CARTESIAN_POINT('',(11.399987299975,-2.8524140656333,11.200028244856));
#5737=DIRECTION('',(0.,0.,1.));
#5738=VECTOR('',#5737,3.1);
#5739=LINE('',#5736,#5738);
#5740=EDGE_CURVE('',#5729,#2609,#5739,.T.);
#5741=ORIENTED_EDGE('',*,*,#5740,.T.);
#5742=ORIENTED_EDGE('',*,*,#2614,.F.);
#5743=CARTESIAN_POINT('',(10.799987299975,-2.8524140656333,14.300028244856));
#5744=DIRECTION('',(0.,0.,-1.));
#5745=VECTOR('',#5744,3.1);
#5746=LINE('',#5743,#5745);
#5747=EDGE_CURVE('',#2600,#5727,#5746,.T.);
#5748=ORIENTED_EDGE('',*,*,#5747,.T.);
#5749=EDGE_LOOP('',(#5735,#5741,#5742,#5748));
#5750=FACE_OUTER_BOUND('',#5749,.T.);
#5751=ADVANCED_FACE('',(#5750),#5725,.T.);
#5752=CARTESIAN_POINT('',(10.749987299975,-2.8524140656333,20.200028244856));
#5753=DIRECTION('',(-1.,-6.832141690001E-16,0.));
#5754=DIRECTION('',(6.832141690001E-16,-1.,0.));
#5755=AXIS2_PLACEMENT_3D('',#5752,#5754,#5753);
#5756=PLANE('',#5755);
#5757=CARTESIAN_POINT('',(11.399987299975,-2.8524140656333,19.800028244856));
#5758=VERTEX_POINT('',#5757);
#5759=CARTESIAN_POINT('',(10.799987299975,-2.8524140656333,19.800028244856));
#5760=VERTEX_POINT('',#5759);
#5761=CARTESIAN_POINT('',(11.399987299975,-2.8524140656333,19.800028244856));
#5762=DIRECTION('',(-1.,0.,0.));
#5763=VECTOR('',#5762,0.6);
#5764=LINE('',#5761,#5763);
#5765=EDGE_CURVE('',#5758,#5760,#5764,.T.);
#5766=ORIENTED_EDGE('',*,*,#5765,.T.);
#5767=CARTESIAN_POINT('',(10.799987299975,-2.8524140656333,19.800028244856));
#5768=DIRECTION('',(0.,0.,-1.));
#5769=VECTOR('',#5768,4.);
#5770=LINE('',#5767,#5769);
#5771=EDGE_CURVE('',#5760,#2095,#5770,.T.);
#5772=ORIENTED_EDGE('',*,*,#5771,.T.);
#5773=ORIENTED_EDGE('',*,*,#2100,.F.);
#5774=CARTESIAN_POINT('',(11.399987299975,-2.8524140656333,15.800028244856));
#5775=DIRECTION('',(0.,0.,1.));
#5776=VECTOR('',#5775,4.);
#5777=LINE('',#5774,#5776);
#5778=EDGE_CURVE('',#2093,#5758,#5777,.T.);
#5779=ORIENTED_EDGE('',*,*,#5778,.T.);
#5780=EDGE_LOOP('',(#5766,#5772,#5773,#5779));
#5781=FACE_OUTER_BOUND('',#5780,.T.);
#5782=ADVANCED_FACE('',(#5781),#5756,.T.);
#5783=CARTESIAN_POINT('',(11.449987299975,-2.8524140656333,20.200028244856));
#5784=DIRECTION('',(0.,0.,1.));
#5785=DIRECTION('',(1.,0.,-0.));
#5786=AXIS2_PLACEMENT_3D('',#5783,#5785,#5784);
#5787=PLANE('',#5786);
#5788=CARTESIAN_POINT('',(11.449987299975,-2.2024140656333,19.800028244856));
#5789=VERTEX_POINT('',#5788);
#5790=CARTESIAN_POINT('',(11.449987299975,-2.8024140656333,19.800028244856));
#5791=VERTEX_POINT('',#5790);
#5792=CARTESIAN_POINT('',(11.449987299975,-2.2024140656333,19.800028244856));
#5793=DIRECTION('',(0.,-1.,0.));
#5794=VECTOR('',#5793,0.6);
#5795=LINE('',#5792,#5794);
#5796=EDGE_CURVE('',#5789,#5791,#5795,.T.);
#5797=ORIENTED_EDGE('',*,*,#5796,.T.);
#5798=CARTESIAN_POINT('',(11.449987299975,-2.8024140656333,19.800028244856));
#5799=DIRECTION('',(0.,0.,-1.));
#5800=VECTOR('',#5799,4.);
#5801=LINE('',#5798,#5800);
#5802=EDGE_CURVE('',#5791,#2146,#5801,.T.);
#5803=ORIENTED_EDGE('',*,*,#5802,.T.);
#5804=ORIENTED_EDGE('',*,*,#2151,.F.);
#5805=CARTESIAN_POINT('',(11.449987299975,-2.2024140656333,15.800028244856));
#5806=DIRECTION('',(0.,0.,1.));
#5807=VECTOR('',#5806,4.);
#5808=LINE('',#5805,#5807);
#5809=EDGE_CURVE('',#2137,#5789,#5808,.T.);
#5810=ORIENTED_EDGE('',*,*,#5809,.T.);
#5811=EDGE_LOOP('',(#5797,#5803,#5804,#5810));
#5812=FACE_OUTER_BOUND('',#5811,.T.);
#5813=ADVANCED_FACE('',(#5812),#5787,.T.);
#5814=CARTESIAN_POINT('',(10.749987299975,-2.1524140656333,20.200028244856));
#5815=DIRECTION('',(1.,0.,0.));
#5816=DIRECTION('',(-0.,1.,0.));
#5817=AXIS2_PLACEMENT_3D('',#5814,#5816,#5815);
#5818=PLANE('',#5817);
#5819=CARTESIAN_POINT('',(10.799987299975,-2.1524140656333,19.800028244856));
#5820=VERTEX_POINT('',#5819);
#5821=CARTESIAN_POINT('',(11.399987299975,-2.1524140656333,19.800028244856));
#5822=VERTEX_POINT('',#5821);
#5823=CARTESIAN_POINT('',(10.799987299975,-2.1524140656333,19.800028244856));
#5824=DIRECTION('',(1.,0.,0.));
#5825=VECTOR('',#5824,0.6);
#5826=LINE('',#5823,#5825);
#5827=EDGE_CURVE('',#5820,#5822,#5826,.T.);
#5828=ORIENTED_EDGE('',*,*,#5827,.T.);
#5829=CARTESIAN_POINT('',(11.399987299975,-2.1524140656333,19.800028244856));
#5830=DIRECTION('',(0.,0.,-1.));
#5831=VECTOR('',#5830,4.);
#5832=LINE('',#5829,#5831);
#5833=EDGE_CURVE('',#5822,#2129,#5832,.T.);
#5834=ORIENTED_EDGE('',*,*,#5833,.T.);
#5835=ORIENTED_EDGE('',*,*,#2134,.F.);
#5836=CARTESIAN_POINT('',(10.799987299975,-2.1524140656333,15.800028244856));
#5837=DIRECTION('',(0.,0.,1.));
#5838=VECTOR('',#5837,4.);
#5839=LINE('',#5836,#5838);
#5840=EDGE_CURVE('',#2120,#5820,#5839,.T.);
#5841=ORIENTED_EDGE('',*,*,#5840,.T.);
#5842=EDGE_LOOP('',(#5828,#5834,#5835,#5841));
#5843=FACE_OUTER_BOUND('',#5842,.T.);
#5844=ADVANCED_FACE('',(#5843),#5818,.T.);
#5845=CARTESIAN_POINT('',(10.749987299975,-2.8524140656333,20.200028244856));
#5846=DIRECTION('',(0.,0.,-1.));
#5847=DIRECTION('',(-1.,-0.,-0.));
#5848=AXIS2_PLACEMENT_3D('',#5845,#5847,#5846);
#5849=PLANE('',#5848);
#5850=ORIENTED_EDGE('',*,*,#2117,.F.);
#5851=CARTESIAN_POINT('',(10.749987299975,-2.8024140656333,19.800028244856));
#5852=VERTEX_POINT('',#5851);
#5853=CARTESIAN_POINT('',(10.749987299975,-2.8024140656333,15.800028244856));
#5854=DIRECTION('',(0.,0.,1.));
#5855=VECTOR('',#5854,4.);
#5856=LINE('',#5853,#5855);
#5857=EDGE_CURVE('',#2103,#5852,#5856,.T.);
#5858=ORIENTED_EDGE('',*,*,#5857,.T.);
#5859=CARTESIAN_POINT('',(10.749987299975,-2.2024140656333,19.800028244856));
#5860=VERTEX_POINT('',#5859);
#5861=CARTESIAN_POINT('',(10.749987299975,-2.8024140656333,19.800028244856));
#5862=DIRECTION('',(0.,1.,0.));
#5863=VECTOR('',#5862,0.6);
#5864=LINE('',#5861,#5863);
#5865=EDGE_CURVE('',#5852,#5860,#5864,.T.);
#5866=ORIENTED_EDGE('',*,*,#5865,.T.);
#5867=CARTESIAN_POINT('',(10.749987299975,-2.2024140656333,19.800028244856));
#5868=DIRECTION('',(0.,0.,-1.));
#5869=VECTOR('',#5868,4.);
#5870=LINE('',#5867,#5869);
#5871=EDGE_CURVE('',#5860,#2112,#5870,.T.);
#5872=ORIENTED_EDGE('',*,*,#5871,.T.);
#5873=EDGE_LOOP('',(#5850,#5858,#5866,#5872));
#5874=FACE_OUTER_BOUND('',#5873,.T.);
#5875=ADVANCED_FACE('',(#5874),#5849,.T.);
#5876=CARTESIAN_POINT('',(11.099987299975,-2.5024140656333,20.200028244856));
#5877=DIRECTION('',(0.,1.,0.));
#5878=DIRECTION('',(0.,-0.,1.));
#5879=AXIS2_PLACEMENT_3D('',#5876,#5878,#5877);
#5880=PLANE('',#5879);
#5881=CARTESIAN_POINT('',(11.342807623003,-2.6969380973463,20.200028244856));
#5882=VERTEX_POINT('',#5881);
#5883=CARTESIAN_POINT('',(11.342807623003,-2.3078900339203,20.200028244856));
#5884=VERTEX_POINT('',#5883);
#5885=CARTESIAN_POINT('',(11.342807623003,-2.6969380973463,20.200028244856));
#5886=DIRECTION('',(0.,1.,0.));
#5887=VECTOR('',#5886,0.389048063426);
#5888=LINE('',#5885,#5887);
#5889=EDGE_CURVE('',#5882,#5884,#5888,.T.);
#5890=ORIENTED_EDGE('',*,*,#5889,.T.);
#5891=CARTESIAN_POINT('',(11.294511331688,-2.2595937426053,20.200028244856));
#5892=VERTEX_POINT('',#5891);
#5893=CARTESIAN_POINT('',(11.342807623003,-2.3078900339203,20.200028244856));
#5894=CARTESIAN_POINT('',(11.342807623003,-2.2792198952153,20.200028244856));
#5895=CARTESIAN_POINT('',(11.323181470393,-2.2595937426053,20.200028244856));
#5896=CARTESIAN_POINT('',(11.294511331688,-2.2595937426053,20.200028244856));
#5897=(BOUNDED_CURVE()B_SPLINE_CURVE(3,(#5893,#5894,#5895,#5896),.UNSPECIFIED.,.F.,.U.)B_SPLINE_CURVE_WITH_KNOTS((4,4),(2.389713239295,3.893472067885),.UNSPECIFIED.)CURVE()GEOMETRIC_REPRESENTATION_ITEM()RATIONAL_B_SPLINE_CURVE((1.,0.820270997176,0.820270997176,1.))REPRESENTATION_ITEM(''));
#5898=EDGE_CURVE('',#5884,#5892,#5897,.T.);
#5899=ORIENTED_EDGE('',*,*,#5898,.T.);
#5900=CARTESIAN_POINT('',(10.905463268262,-2.2595937426053,20.200028244856));
#5901=VERTEX_POINT('',#5900);
#5902=CARTESIAN_POINT('',(11.294511331688,-2.2595937426053,20.200028244856));
#5903=DIRECTION('',(-1.,0.,0.));
#5904=VECTOR('',#5903,0.389048063426);
#5905=LINE('',#5902,#5904);
#5906=EDGE_CURVE('',#5892,#5901,#5905,.T.);
#5907=ORIENTED_EDGE('',*,*,#5906,.T.);
#5908=CARTESIAN_POINT('',(10.857166976947,-2.3078900339203,20.200028244856));
#5909=VERTEX_POINT('',#5908);
#5910=CARTESIAN_POINT('',(10.905463268262,-2.2595937426053,20.200028244856));
#5911=CARTESIAN_POINT('',(10.876793129557,-2.2595937426053,20.200028244856));
#5912=CARTESIAN_POINT('',(10.857166976947,-2.2792198952153,20.200028244856));
#5913=CARTESIAN_POINT('',(10.857166976947,-2.3078900339203,20.200028244856));
#5914=(BOUNDED_CURVE()B_SPLINE_CURVE(3,(#5910,#5911,#5912,#5913),.UNSPECIFIED.,.F.,.U.)B_SPLINE_CURVE_WITH_KNOTS((4,4),(2.389713239295,3.893472067885),.UNSPECIFIED.)CURVE()GEOMETRIC_REPRESENTATION_ITEM()RATIONAL_B_SPLINE_CURVE((1.,0.820270997176,0.820270997176,1.))REPRESENTATION_ITEM(''));
#5915=EDGE_CURVE('',#5901,#5909,#5914,.T.);
#5916=ORIENTED_EDGE('',*,*,#5915,.T.);
#5917=CARTESIAN_POINT('',(10.857166976947,-2.6969380973463,20.200028244856));
#5918=VERTEX_POINT('',#5917);
#5919=CARTESIAN_POINT('',(10.857166976947,-2.3078900339203,20.200028244856));
#5920=DIRECTION('',(0.,-1.,0.));
#5921=VECTOR('',#5920,0.389048063426);
#5922=LINE('',#5919,#5921);
#5923=EDGE_CURVE('',#5909,#5918,#5922,.T.);
#5924=ORIENTED_EDGE('',*,*,#5923,.T.);
#5925=CARTESIAN_POINT('',(10.905463268262,-2.7452343886613,20.200028244856));
#5926=VERTEX_POINT('',#5925);
#5927=CARTESIAN_POINT('',(10.857166976947,-2.6969380973463,20.200028244856));
#5928=CARTESIAN_POINT('',(10.857166976947,-2.7256082360513,20.200028244856));
#5929=CARTESIAN_POINT('',(10.876793129557,-2.7452343886613,20.200028244856));
#5930=CARTESIAN_POINT('',(10.905463268262,-2.7452343886613,20.200028244856));
#5931=(BOUNDED_CURVE()B_SPLINE_CURVE(3,(#5927,#5928,#5929,#5930),.UNSPECIFIED.,.F.,.U.)B_SPLINE_CURVE_WITH_KNOTS((4,4),(5.531305892885,7.035064721475),.UNSPECIFIED.)CURVE()GEOMETRIC_REPRESENTATION_ITEM()RATIONAL_B_SPLINE_CURVE((1.,0.820270997176,0.820270997176,1.))REPRESENTATION_ITEM(''));
#5932=EDGE_CURVE('',#5918,#5926,#5931,.T.);
#5933=ORIENTED_EDGE('',*,*,#5932,.T.);
#5934=CARTESIAN_POINT('',(11.294511331688,-2.7452343886613,20.200028244856));
#5935=VERTEX_POINT('',#5934);
#5936=CARTESIAN_POINT('',(10.905463268262,-2.7452343886613,20.200028244856));
#5937=DIRECTION('',(1.,0.,0.));
#5938=VECTOR('',#5937,0.389048063426);
#5939=LINE('',#5936,#5938);
#5940=EDGE_CURVE('',#5926,#5935,#5939,.T.);
#5941=ORIENTED_EDGE('',*,*,#5940,.T.);
#5942=CARTESIAN_POINT('',(11.294511331688,-2.7452343886613,20.200028244856));
#5943=CARTESIAN_POINT('',(11.323181470393,-2.7452343886613,20.200028244856));
#5944=CARTESIAN_POINT('',(11.342807623003,-2.7256082360513,20.200028244856));
#5945=CARTESIAN_POINT('',(11.342807623003,-2.6969380973463,20.200028244856));
#5946=(BOUNDED_CURVE()B_SPLINE_CURVE(3,(#5942,#5943,#5944,#5945),.UNSPECIFIED.,.F.,.U.)B_SPLINE_CURVE_WITH_KNOTS((4,4),(5.531305892885,7.035064721475),.UNSPECIFIED.)CURVE()GEOMETRIC_REPRESENTATION_ITEM()RATIONAL_B_SPLINE_CURVE((1.,0.820270997176,0.820270997176,1.))REPRESENTATION_ITEM(''));
#5947=EDGE_CURVE('',#5935,#5882,#5946,.T.);
#5948=ORIENTED_EDGE('',*,*,#5947,.T.);
#5949=EDGE_LOOP('',(#5890,#5899,#5907,#5916,#5924,#5933,#5941,#5948));
#5950=FACE_OUTER_BOUND('',#5949,.T.);
#5951=ADVANCED_FACE('',(#5950),#5880,.T.);
#5952=CARTESIAN_POINT('',(10.857166976947,-2.5024140656333,20.200028244856));
#5953=DIRECTION('',(0.,1.,0.));
#5954=DIRECTION('',(-0.96592582628894,0.,0.25881904510298));
#5955=AXIS2_PLACEMENT_3D('',#5952,#5954,#5953);
#5956=PLANE('',#5955);
#5957=CARTESIAN_POINT('',(10.749987299975,-2.8024140656333,19.800028244856));
#5958=DIRECTION('',(0.25081124205277,0.2468243920878,0.93604029845431));
#5959=VECTOR('',#5958,0.4273320290382);
#5960=LINE('',#5957,#5959);
#5961=EDGE_CURVE('',#5852,#5918,#5960,.T.);
#5962=ORIENTED_EDGE('',*,*,#5961,.T.);
#5963=ORIENTED_EDGE('',*,*,#5923,.F.);
#5964=CARTESIAN_POINT('',(10.857166976947,-2.3078900339203,20.200028244856));
#5965=DIRECTION('',(-0.25081124205277,0.2468243920878,-0.93604029845431));
#5966=VECTOR('',#5965,0.4273320290382);
#5967=LINE('',#5964,#5966);
#5968=EDGE_CURVE('',#5909,#5860,#5967,.T.);
#5969=ORIENTED_EDGE('',*,*,#5968,.T.);
#5970=ORIENTED_EDGE('',*,*,#5865,.F.);
#5971=EDGE_LOOP('',(#5962,#5963,#5969,#5970));
#5972=FACE_OUTER_BOUND('',#5971,.T.);
#5973=ADVANCED_FACE('',(#5972),#5956,.T.);
#5974=CARTESIAN_POINT('',(11.099987299975,-2.7452343886613,20.200028244856));
#5975=DIRECTION('',(-1.,0.,0.));
#5976=DIRECTION('',(0.,-0.96592582628894,0.25881904510298));
#5977=AXIS2_PLACEMENT_3D('',#5974,#5976,#5975);
#5978=PLANE('',#5977);
#5979=ORIENTED_EDGE('',*,*,#5940,.F.);
#5980=CARTESIAN_POINT('',(10.905463268262,-2.7452343886613,20.200028244856));
#5981=DIRECTION('',(-0.24682439208781,-0.25081124205277,-0.93604029845431));
#5982=VECTOR('',#5981,0.4273320290382);
#5983=LINE('',#5980,#5982);
#5984=EDGE_CURVE('',#5926,#5760,#5983,.T.);
#5985=ORIENTED_EDGE('',*,*,#5984,.T.);
#5986=ORIENTED_EDGE('',*,*,#5765,.F.);
#5987=CARTESIAN_POINT('',(11.399987299975,-2.8524140656333,19.800028244856));
#5988=DIRECTION('',(-0.24682439208781,0.25081124205277,0.93604029845431));
#5989=VECTOR('',#5988,0.4273320290382);
#5990=LINE('',#5987,#5989);
#5991=EDGE_CURVE('',#5758,#5935,#5990,.T.);
#5992=ORIENTED_EDGE('',*,*,#5991,.T.);
#5993=EDGE_LOOP('',(#5979,#5985,#5986,#5992));
#5994=FACE_OUTER_BOUND('',#5993,.T.);
#5995=ADVANCED_FACE('',(#5994),#5978,.T.);
#5996=CARTESIAN_POINT('',(11.099987299975,-2.2595937426053,20.200028244856));
#5997=DIRECTION('',(1.,0.,0.));
#5998=DIRECTION('',(-0.,0.96592582628894,0.25881904510298));
#5999=AXIS2_PLACEMENT_3D('',#5996,#5998,#5997);
#6000=PLANE('',#5999);
#6001=ORIENTED_EDGE('',*,*,#5906,.F.);
#6002=CARTESIAN_POINT('',(11.294511331688,-2.2595937426053,20.200028244856));
#6003=DIRECTION('',(0.24682439208781,0.25081124205277,-0.93604029845431));
#6004=VECTOR('',#6003,0.4273320290382);
#6005=LINE('',#6002,#6004);
#6006=EDGE_CURVE('',#5892,#5822,#6005,.T.);
#6007=ORIENTED_EDGE('',*,*,#6006,.T.);
#6008=ORIENTED_EDGE('',*,*,#5827,.F.);
#6009=CARTESIAN_POINT('',(10.799987299975,-2.1524140656333,19.800028244856));
#6010=DIRECTION('',(0.24682439208781,-0.25081124205277,0.93604029845431));
#6011=VECTOR('',#6010,0.4273320290382);
#6012=LINE('',#6009,#6011);
#6013=EDGE_CURVE('',#5820,#5901,#6012,.T.);
#6014=ORIENTED_EDGE('',*,*,#6013,.T.);
#6015=EDGE_LOOP('',(#6001,#6007,#6008,#6014));
#6016=FACE_OUTER_BOUND('',#6015,.T.);
#6017=ADVANCED_FACE('',(#6016),#6000,.T.);
#6018=CARTESIAN_POINT('',(11.342807623003,-2.5024140656333,20.200028244856));
#6019=DIRECTION('',(0.,-1.,0.));
#6020=DIRECTION('',(0.96592582628894,0.,0.25881904510298));
#6021=AXIS2_PLACEMENT_3D('',#6018,#6020,#6019);
#6022=PLANE('',#6021);
#6023=ORIENTED_EDGE('',*,*,#5889,.F.);
#6024=CARTESIAN_POINT('',(11.342807623003,-2.6969380973463,20.200028244856));
#6025=DIRECTION('',(0.25081124205277,-0.2468243920878,-0.93604029845431));
#6026=VECTOR('',#6025,0.4273320290382);
#6027=LINE('',#6024,#6026);
#6028=EDGE_CURVE('',#5882,#5791,#6027,.T.);
#6029=ORIENTED_EDGE('',*,*,#6028,.T.);
#6030=ORIENTED_EDGE('',*,*,#5796,.F.);
#6031=CARTESIAN_POINT('',(11.449987299975,-2.2024140656333,19.800028244856));
#6032=DIRECTION('',(-0.25081124205277,-0.2468243920878,0.93604029845431));
#6033=VECTOR('',#6032,0.4273320290382);
#6034=LINE('',#6031,#6033);
#6035=EDGE_CURVE('',#5789,#5884,#6034,.T.);
#6036=ORIENTED_EDGE('',*,*,#6035,.T.);
#6037=EDGE_LOOP('',(#6023,#6029,#6030,#6036));
#6038=FACE_OUTER_BOUND('',#6037,.T.);
#6039=ADVANCED_FACE('',(#6038),#6022,.T.);
#6040=CARTESIAN_POINT('',(11.449987299975,-2.8524140656333,11.200028244856));
#6041=DIRECTION('',(0.,1.,0.));
#6042=DIRECTION('',(0.96592582628894,0.,-0.25881904510299));
#6043=AXIS2_PLACEMENT_3D('',#6040,#6042,#6041);
#6044=PLANE('',#6043);
#6045=CARTESIAN_POINT('',(11.449987299975,-2.8024140656333,11.200028244856));
#6046=DIRECTION('',(-0.25081124205277,0.2468243920878,-0.93604029845431));
#6047=VECTOR('',#6046,0.4273320290382);
#6048=LINE('',#6045,#6047);
#6049=EDGE_CURVE('',#5697,#5594,#6048,.T.);
#6050=ORIENTED_EDGE('',*,*,#6049,.T.);
#6051=ORIENTED_EDGE('',*,*,#5599,.F.);
#6052=CARTESIAN_POINT('',(11.342807623003,-2.3078900339203,10.800028244856));
#6053=DIRECTION('',(0.25081124205277,0.2468243920878,0.93604029845431));
#6054=VECTOR('',#6053,0.4273320290382);
#6055=LINE('',#6052,#6054);
#6056=EDGE_CURVE('',#5585,#5705,#6055,.T.);
#6057=ORIENTED_EDGE('',*,*,#6056,.T.);
#6058=ORIENTED_EDGE('',*,*,#5710,.F.);
#6059=EDGE_LOOP('',(#6050,#6051,#6057,#6058));
#6060=FACE_OUTER_BOUND('',#6059,.T.);
#6061=ADVANCED_FACE('',(#6060),#6044,.T.);
#6062=CARTESIAN_POINT('',(10.749987299975,-2.1524140656333,11.200028244856));
#6063=DIRECTION('',(-1.,-3.4160708450005E-16,0.));
#6064=DIRECTION('',(-3.2996710536187E-16,0.96592582628894,-0.25881904510299));
#6065=AXIS2_PLACEMENT_3D('',#6062,#6064,#6063);
#6066=PLANE('',#6065);
#6067=CARTESIAN_POINT('',(11.399987299975,-2.1524140656333,11.200028244856));
#6068=DIRECTION('',(-0.2468243920878,-0.25081124205277,-0.93604029845431));
#6069=VECTOR('',#6068,0.4273320290382);
#6070=LINE('',#6067,#6069);
#6071=EDGE_CURVE('',#5666,#5577,#6070,.T.);
#6072=ORIENTED_EDGE('',*,*,#6071,.T.);
#6073=ORIENTED_EDGE('',*,*,#5582,.F.);
#6074=CARTESIAN_POINT('',(10.905463268262,-2.2595937426053,10.800028244856));
#6075=DIRECTION('',(-0.2468243920878,0.25081124205277,0.93604029845431));
#6076=VECTOR('',#6075,0.4273320290382);
#6077=LINE('',#6074,#6076);
#6078=EDGE_CURVE('',#5568,#5674,#6077,.T.);
#6079=ORIENTED_EDGE('',*,*,#6078,.T.);
#6080=ORIENTED_EDGE('',*,*,#5679,.F.);
#6081=EDGE_LOOP('',(#6072,#6073,#6079,#6080));
#6082=FACE_OUTER_BOUND('',#6081,.T.);
#6083=ADVANCED_FACE('',(#6082),#6066,.T.);
#6084=CARTESIAN_POINT('',(10.749987299975,-2.8524140656333,11.200028244856));
#6085=DIRECTION('',(1.,0.,0.));
#6086=DIRECTION('',(0.,-0.96592582628894,-0.25881904510299));
#6087=AXIS2_PLACEMENT_3D('',#6084,#6086,#6085);
#6088=PLANE('',#6087);
#6089=ORIENTED_EDGE('',*,*,#5616,.F.);
#6090=CARTESIAN_POINT('',(11.294511331688,-2.7452343886613,10.800028244856));
#6091=DIRECTION('',(0.2468243920878,-0.25081124205277,0.93604029845431));
#6092=VECTOR('',#6091,0.4273320290382);
#6093=LINE('',#6090,#6092);
#6094=EDGE_CURVE('',#5602,#5729,#6093,.T.);
#6095=ORIENTED_EDGE('',*,*,#6094,.T.);
#6096=ORIENTED_EDGE('',*,*,#5734,.F.);
#6097=CARTESIAN_POINT('',(10.799987299975,-2.8524140656333,11.200028244856));
#6098=DIRECTION('',(0.2468243920878,0.25081124205277,-0.93604029845431));
#6099=VECTOR('',#6098,0.4273320290382);
#6100=LINE('',#6097,#6099);
#6101=EDGE_CURVE('',#5727,#5611,#6100,.T.);
#6102=ORIENTED_EDGE('',*,*,#6101,.T.);
#6103=EDGE_LOOP('',(#6089,#6095,#6096,#6102));
#6104=FACE_OUTER_BOUND('',#6103,.T.);
#6105=ADVANCED_FACE('',(#6104),#6088,.T.);
#6106=CARTESIAN_POINT('',(10.749987299975,-2.8524140656333,11.200028244856));
#6107=DIRECTION('',(0.,-1.,0.));
#6108=DIRECTION('',(-0.96592582628894,-0.,-0.25881904510299));
#6109=AXIS2_PLACEMENT_3D('',#6106,#6108,#6107);
#6110=PLANE('',#6109);
#6111=CARTESIAN_POINT('',(10.749987299975,-2.2024140656333,11.200028244856));
#6112=DIRECTION('',(0.25081124205277,-0.2468243920878,-0.93604029845431));
#6113=VECTOR('',#6112,0.4273320290382);
#6114=LINE('',#6111,#6113);
#6115=EDGE_CURVE('',#5635,#5560,#6114,.T.);
#6116=ORIENTED_EDGE('',*,*,#6115,.T.);
#6117=ORIENTED_EDGE('',*,*,#5565,.F.);
#6118=CARTESIAN_POINT('',(10.857166976947,-2.6969380973463,10.800028244856));
#6119=DIRECTION('',(-0.25081124205277,-0.2468243920878,0.93604029845431));
#6120=VECTOR('',#6119,0.4273320290382);
#6121=LINE('',#6118,#6120);
#6122=EDGE_CURVE('',#5558,#5643,#6121,.T.);
#6123=ORIENTED_EDGE('',*,*,#6122,.T.);
#6124=ORIENTED_EDGE('',*,*,#5648,.F.);
#6125=EDGE_LOOP('',(#6116,#6117,#6123,#6124));
#6126=FACE_OUTER_BOUND('',#6125,.T.);
#6127=ADVANCED_FACE('',(#6126),#6110,.T.);
#6128=CARTESIAN_POINT('',(10.799987299975,-2.2024140656333,14.300028244856));
#6129=DIRECTION('',(-2.1081802970005E-10,1.,0.));
#6130=DIRECTION('',(1.1446412323547E-15,-1.0015610783104E-15,-1.));
#6131=AXIS2_PLACEMENT_3D('',#6128,#6130,#6129);
#6132=CYLINDRICAL_SURFACE('',#6131,0.049999999999994);
#6133=ORIENTED_EDGE('',*,*,#5685,.F.);
#6134=CARTESIAN_POINT('',(10.798311676323,-2.1524421506673,11.199923430083));
#6135=CARTESIAN_POINT('',(10.770571695449,-2.1533723084983,11.196452033797));
#6136=CARTESIAN_POINT('',(10.75094554284,-2.1729984611073,11.196452033797));
#6137=CARTESIAN_POINT('',(10.750015385009,-2.2007384419813,11.199923430083));
#6138=(BOUNDED_CURVE()B_SPLINE_CURVE(3,(#6134,#6135,#6136,#6137),.UNSPECIFIED.,.F.,.U.)B_SPLINE_CURVE_WITH_KNOTS((4,4),(5.531305892885,7.035064721475),.UNSPECIFIED.)CURVE()GEOMETRIC_REPRESENTATION_ITEM()RATIONAL_B_SPLINE_CURVE((1.,0.820270997176,0.820270997176,1.))REPRESENTATION_ITEM(''));
#6139=EDGE_CURVE('',#5674,#5635,#6138,.T.);
#6140=ORIENTED_EDGE('',*,*,#6139,.T.);
#6141=ORIENTED_EDGE('',*,*,#5640,.F.);
#6142=ORIENTED_EDGE('',*,*,#2589,.F.);
#6143=EDGE_LOOP('',(#6133,#6140,#6141,#6142));
#6144=FACE_OUTER_BOUND('',#6143,.T.);
#6145=ADVANCED_FACE('',(#6144),#6132,.T.);
#6146=CARTESIAN_POINT('',(10.797231733674,-2.1996584993327,11.216894783171));
#6147=DIRECTION('',(0.031917732855183,0.96753879307441,-0.2506989075076));
#6148=DIRECTION('',(0.25056280708598,-0.25056280708599,-0.93511312653089));
#6149=AXIS2_PLACEMENT_3D('',#6146,#6148,#6147);
#6150=CYLINDRICAL_SURFACE('',#6149,0.050000000000002);
#6151=ORIENTED_EDGE('',*,*,#6139,.F.);
#6152=ORIENTED_EDGE('',*,*,#6078,.F.);
#6153=ORIENTED_EDGE('',*,*,#5574,.F.);
#6154=ORIENTED_EDGE('',*,*,#6115,.F.);
#6155=EDGE_LOOP('',(#6151,#6152,#6153,#6154));
#6156=FACE_OUTER_BOUND('',#6155,.T.);
#6157=ADVANCED_FACE('',(#6156),#6150,.T.);
#6158=CARTESIAN_POINT('',(11.399987299975,-2.8024140656332,14.300028244856));
#6159=DIRECTION('',(2.1081802970001E-10,-1.,0.));
#6160=DIRECTION('',(-1.1446412323547E-15,1.0015610783104E-15,-1.));
#6161=AXIS2_PLACEMENT_3D('',#6158,#6160,#6159);
#6162=CYLINDRICAL_SURFACE('',#6161,0.050000000000003);
#6163=ORIENTED_EDGE('',*,*,#5740,.F.);
#6164=CARTESIAN_POINT('',(11.401662923627,-2.8523859805993,11.199923430083));
#6165=CARTESIAN_POINT('',(11.429402904501,-2.8514558227683,11.196452033797));
#6166=CARTESIAN_POINT('',(11.44902905711,-2.8318296701593,11.196452033797));
#6167=CARTESIAN_POINT('',(11.449959214941,-2.8040896892853,11.199923430083));
#6168=(BOUNDED_CURVE()B_SPLINE_CURVE(3,(#6164,#6165,#6166,#6167),.UNSPECIFIED.,.F.,.U.)B_SPLINE_CURVE_WITH_KNOTS((4,4),(5.531305892885,7.035064721475),.UNSPECIFIED.)CURVE()GEOMETRIC_REPRESENTATION_ITEM()RATIONAL_B_SPLINE_CURVE((1.,0.820270997176,0.820270997176,1.))REPRESENTATION_ITEM(''));
#6169=EDGE_CURVE('',#5729,#5697,#6168,.T.);
#6170=ORIENTED_EDGE('',*,*,#6169,.T.);
#6171=ORIENTED_EDGE('',*,*,#5702,.F.);
#6172=ORIENTED_EDGE('',*,*,#2623,.F.);
#6173=EDGE_LOOP('',(#6163,#6170,#6171,#6172));
#6174=FACE_OUTER_BOUND('',#6173,.T.);
#6175=ADVANCED_FACE('',(#6174),#6162,.T.);
#6176=CARTESIAN_POINT('',(11.294511331688,-2.6969380973466,10.812969197111));
#6177=DIRECTION('',(0.96788170385327,0.044308051759796,-0.24747081422937));
#6178=DIRECTION('',(0.25056280708601,-0.250562807086,0.93511312653088));
#6179=AXIS2_PLACEMENT_3D('',#6176,#6178,#6177);
#6180=CYLINDRICAL_SURFACE('',#6179,0.050000000000006);
#6181=ORIENTED_EDGE('',*,*,#5608,.F.);
#6182=ORIENTED_EDGE('',*,*,#6049,.F.);
#6183=ORIENTED_EDGE('',*,*,#6169,.F.);
#6184=ORIENTED_EDGE('',*,*,#6094,.F.);
#6185=EDGE_LOOP('',(#6181,#6182,#6183,#6184));
#6186=FACE_OUTER_BOUND('',#6185,.T.);
#6187=ADVANCED_FACE('',(#6186),#6180,.T.);
#6188=CARTESIAN_POINT('',(11.399987299975,-2.2024140656335,14.300028244856));
#6189=DIRECTION('',(1.,2.1464607868889E-10,-1.0658141036399E-13));
#6190=DIRECTION('',(-4.6930290526543E-14,-4.6930290526543E-14,-1.));
#6191=AXIS2_PLACEMENT_3D('',#6188,#6190,#6189);
#6192=CYLINDRICAL_SURFACE('',#6191,0.05000000000001);
#6193=ORIENTED_EDGE('',*,*,#5716,.F.);
#6194=CARTESIAN_POINT('',(11.449959214941,-2.2007384419813,11.199923430083));
#6195=CARTESIAN_POINT('',(11.44902905711,-2.1729984611073,11.196452033797));
#6196=CARTESIAN_POINT('',(11.429402904501,-2.1533723084983,11.196452033797));
#6197=CARTESIAN_POINT('',(11.401662923627,-2.1524421506673,11.199923430083));
#6198=(BOUNDED_CURVE()B_SPLINE_CURVE(3,(#6194,#6195,#6196,#6197),.UNSPECIFIED.,.F.,.U.)B_SPLINE_CURVE_WITH_KNOTS((4,4),(5.531305892885,7.035064721475),.UNSPECIFIED.)CURVE()GEOMETRIC_REPRESENTATION_ITEM()RATIONAL_B_SPLINE_CURVE((1.,0.820270997176,0.820270997176,1.))REPRESENTATION_ITEM(''));
#6199=EDGE_CURVE('',#5705,#5666,#6198,.T.);
#6200=ORIENTED_EDGE('',*,*,#6199,.T.);
#6201=ORIENTED_EDGE('',*,*,#5671,.F.);
#6202=ORIENTED_EDGE('',*,*,#2638,.F.);
#6203=EDGE_LOOP('',(#6193,#6200,#6201,#6202));
#6204=FACE_OUTER_BOUND('',#6203,.T.);
#6205=ADVANCED_FACE('',(#6204),#6192,.T.);
#6206=CARTESIAN_POINT('',(11.402742866275,-2.1996584993327,11.216894783172));
#6207=DIRECTION('',(0.96753879307411,-0.031917732846501,-0.25069890750987));
#6208=DIRECTION('',(-0.25056280708599,-0.25056280708599,-0.93511312653089));
#6209=AXIS2_PLACEMENT_3D('',#6206,#6208,#6207);
#6210=CYLINDRICAL_SURFACE('',#6209,0.05000000000001);
#6211=ORIENTED_EDGE('',*,*,#6199,.F.);
#6212=ORIENTED_EDGE('',*,*,#6056,.F.);
#6213=ORIENTED_EDGE('',*,*,#5591,.F.);
#6214=ORIENTED_EDGE('',*,*,#6071,.F.);
#6215=EDGE_LOOP('',(#6211,#6212,#6213,#6214));
#6216=FACE_OUTER_BOUND('',#6215,.T.);
#6217=ADVANCED_FACE('',(#6216),#6210,.T.);
#6218=CARTESIAN_POINT('',(11.399987299975,-2.2024140656335,19.803807477425));
#6219=DIRECTION('',(0.99999998682848,-0.00016230540086155,-7.1054273576038E-14));
#6220=DIRECTION('',(-4.2592322572444E-14,-4.2925075092541E-14,-1.));
#6221=AXIS2_PLACEMENT_3D('',#6218,#6220,#6219);
#6222=CYLINDRICAL_SURFACE('',#6221,0.049999999999979);
#6223=ORIENTED_EDGE('',*,*,#5833,.F.);
#6224=CARTESIAN_POINT('',(11.401662923627,-2.1524421506673,19.800133059629));
#6225=CARTESIAN_POINT('',(11.429402904501,-2.1533723084983,19.803604455915));
#6226=CARTESIAN_POINT('',(11.44902905711,-2.1729984611073,19.803604455915));
#6227=CARTESIAN_POINT('',(11.449959214941,-2.2007384419813,19.800133059629));
#6228=(BOUNDED_CURVE()B_SPLINE_CURVE(3,(#6224,#6225,#6226,#6227),.UNSPECIFIED.,.F.,.U.)B_SPLINE_CURVE_WITH_KNOTS((4,4),(2.389713239295,3.893472067885),.UNSPECIFIED.)CURVE()GEOMETRIC_REPRESENTATION_ITEM()RATIONAL_B_SPLINE_CURVE((1.,0.820270997176,0.820270997176,1.))REPRESENTATION_ITEM(''));
#6229=EDGE_CURVE('',#5822,#5789,#6228,.T.);
#6230=ORIENTED_EDGE('',*,*,#6229,.T.);
#6231=ORIENTED_EDGE('',*,*,#5809,.F.);
#6232=ORIENTED_EDGE('',*,*,#2143,.F.);
#6233=EDGE_LOOP('',(#6223,#6230,#6231,#6232));
#6234=FACE_OUTER_BOUND('',#6233,.T.);
#6235=ADVANCED_FACE('',(#6234),#6222,.T.);
#6236=CARTESIAN_POINT('',(11.402742866275,-2.1996584993334,19.78316170654));
#6237=DIRECTION('',(-0.031917732832391,0.96753879307365,0.25069890751344));
#6238=DIRECTION('',(-0.25056280708594,-0.25056280708594,0.93511312653092));
#6239=AXIS2_PLACEMENT_3D('',#6236,#6238,#6237);
#6240=CYLINDRICAL_SURFACE('',#6239,0.050000000000032);
#6241=ORIENTED_EDGE('',*,*,#6229,.F.);
#6242=ORIENTED_EDGE('',*,*,#6006,.F.);
#6243=ORIENTED_EDGE('',*,*,#5898,.F.);
#6244=ORIENTED_EDGE('',*,*,#6035,.F.);
#6245=EDGE_LOOP('',(#6241,#6242,#6243,#6244));
#6246=FACE_OUTER_BOUND('',#6245,.T.);
#6247=ADVANCED_FACE('',(#6246),#6240,.T.);
#6248=CARTESIAN_POINT('',(11.399987299974,-2.8024140656329,19.803807477425));
#6249=DIRECTION('',(-0.0001623053799804,-0.99999998682848,-7.1054273576006E-14));
#6250=DIRECTION('',(-6.0339123644295E-14,5.97845361108E-14,-1.));
#6251=AXIS2_PLACEMENT_3D('',#6248,#6250,#6249);
#6252=CYLINDRICAL_SURFACE('',#6251,0.050000000000003);
#6253=ORIENTED_EDGE('',*,*,#5802,.F.);
#6254=CARTESIAN_POINT('',(11.449959214941,-2.8040896892853,19.800133059629));
#6255=CARTESIAN_POINT('',(11.44902905711,-2.8318296701593,19.803604455915));
#6256=CARTESIAN_POINT('',(11.429402904501,-2.8514558227683,19.803604455915));
#6257=CARTESIAN_POINT('',(11.401662923627,-2.8523859805993,19.800133059629));
#6258=(BOUNDED_CURVE()B_SPLINE_CURVE(3,(#6254,#6255,#6256,#6257),.UNSPECIFIED.,.F.,.U.)B_SPLINE_CURVE_WITH_KNOTS((4,4),(2.389713239295,3.893472067885),.UNSPECIFIED.)CURVE()GEOMETRIC_REPRESENTATION_ITEM()RATIONAL_B_SPLINE_CURVE((1.,0.820270997176,0.820270997176,1.))REPRESENTATION_ITEM(''));
#6259=EDGE_CURVE('',#5791,#5758,#6258,.T.);
#6260=ORIENTED_EDGE('',*,*,#6259,.T.);
#6261=ORIENTED_EDGE('',*,*,#5778,.F.);
#6262=ORIENTED_EDGE('',*,*,#2158,.F.);
#6263=EDGE_LOOP('',(#6253,#6260,#6261,#6262));
#6264=FACE_OUTER_BOUND('',#6263,.T.);
#6265=ADVANCED_FACE('',(#6264),#6252,.T.);
#6266=CARTESIAN_POINT('',(11.294511331687,-2.6969380973461,20.1870872926));
#6267=DIRECTION('',(-0.044308051735241,-0.96788170385276,0.24747081423574));
#6268=DIRECTION('',(0.25056280708588,-0.25056280708589,-0.93511312653095));
#6269=AXIS2_PLACEMENT_3D('',#6266,#6268,#6267);
#6270=CYLINDRICAL_SURFACE('',#6269,0.050000000000034);
#6271=ORIENTED_EDGE('',*,*,#5947,.F.);
#6272=ORIENTED_EDGE('',*,*,#5991,.F.);
#6273=ORIENTED_EDGE('',*,*,#6259,.F.);
#6274=ORIENTED_EDGE('',*,*,#6028,.F.);
#6275=EDGE_LOOP('',(#6271,#6272,#6273,#6274));
#6276=FACE_OUTER_BOUND('',#6275,.T.);
#6277=ADVANCED_FACE('',(#6276),#6270,.T.);
#6278=CARTESIAN_POINT('',(10.799987299975,-2.202414065633,19.803807477425));
#6279=DIRECTION('',(0.00016230541820763,0.99999998682848,7.1054273576021E-14));
#6280=DIRECTION('',(-4.9691043001184E-14,5.0356548041378E-14,-1.));
#6281=AXIS2_PLACEMENT_3D('',#6278,#6280,#6279);
#6282=CYLINDRICAL_SURFACE('',#6281,0.049999999999992);
#6283=ORIENTED_EDGE('',*,*,#5871,.F.);
#6284=CARTESIAN_POINT('',(10.750015385009,-2.2007384419813,19.800133059629));
#6285=CARTESIAN_POINT('',(10.75094554284,-2.1729984611073,19.803604455915));
#6286=CARTESIAN_POINT('',(10.770571695449,-2.1533723084983,19.803604455915));
#6287=CARTESIAN_POINT('',(10.798311676323,-2.1524421506673,19.800133059629));
#6288=(BOUNDED_CURVE()B_SPLINE_CURVE(3,(#6284,#6285,#6286,#6287),.UNSPECIFIED.,.F.,.U.)B_SPLINE_CURVE_WITH_KNOTS((4,4),(2.389713239295,3.893472067885),.UNSPECIFIED.)CURVE()GEOMETRIC_REPRESENTATION_ITEM()RATIONAL_B_SPLINE_CURVE((1.,0.820270997176,0.820270997176,1.))REPRESENTATION_ITEM(''));
#6289=EDGE_CURVE('',#5860,#5820,#6288,.T.);
#6290=ORIENTED_EDGE('',*,*,#6289,.T.);
#6291=ORIENTED_EDGE('',*,*,#5840,.F.);
#6292=ORIENTED_EDGE('',*,*,#2126,.F.);
#6293=EDGE_LOOP('',(#6283,#6290,#6291,#6292));
#6294=FACE_OUTER_BOUND('',#6293,.T.);
#6295=ADVANCED_FACE('',(#6294),#6282,.T.);
#6296=CARTESIAN_POINT('',(10.797231733675,-2.1996584993333,19.78316170654));
#6297=DIRECTION('',(-0.96753879307368,-0.031917732833137,0.25069890751323));
#6298=DIRECTION('',(0.25056280708591,-0.2505628070859,0.93511312653094));
#6299=AXIS2_PLACEMENT_3D('',#6296,#6298,#6297);
#6300=CYLINDRICAL_SURFACE('',#6299,0.049999999999978);
#6301=ORIENTED_EDGE('',*,*,#6289,.F.);
#6302=ORIENTED_EDGE('',*,*,#5968,.F.);
#6303=ORIENTED_EDGE('',*,*,#5915,.F.);
#6304=ORIENTED_EDGE('',*,*,#6013,.F.);
#6305=EDGE_LOOP('',(#6301,#6302,#6303,#6304));
#6306=FACE_OUTER_BOUND('',#6305,.T.);
#6307=ADVANCED_FACE('',(#6306),#6300,.T.);
#6308=CARTESIAN_POINT('',(10.799987299975,-2.8024140656335,19.803807477425));
#6309=DIRECTION('',(-0.99999998682848,0.0001623054161115,7.1054273576005E-14));
#6310=DIRECTION('',(-4.9691043001184E-14,-4.9136455467688E-14,-1.));
#6311=AXIS2_PLACEMENT_3D('',#6308,#6310,#6309);
#6312=CYLINDRICAL_SURFACE('',#6311,0.050000000000004);
#6313=ORIENTED_EDGE('',*,*,#5771,.F.);
#6314=CARTESIAN_POINT('',(10.798311676323,-2.8523859805993,19.800133059629));
#6315=CARTESIAN_POINT('',(10.770571695449,-2.8514558227683,19.803604455915));
#6316=CARTESIAN_POINT('',(10.75094554284,-2.8318296701593,19.803604455915));
#6317=CARTESIAN_POINT('',(10.750015385009,-2.8040896892853,19.800133059629));
#6318=(BOUNDED_CURVE()B_SPLINE_CURVE(3,(#6314,#6315,#6316,#6317),.UNSPECIFIED.,.F.,.U.)B_SPLINE_CURVE_WITH_KNOTS((4,4),(2.389713239295,3.893472067885),.UNSPECIFIED.)CURVE()GEOMETRIC_REPRESENTATION_ITEM()RATIONAL_B_SPLINE_CURVE((1.,0.820270997176,0.820270997176,1.))REPRESENTATION_ITEM(''));
#6319=EDGE_CURVE('',#5760,#5852,#6318,.T.);
#6320=ORIENTED_EDGE('',*,*,#6319,.T.);
#6321=ORIENTED_EDGE('',*,*,#5857,.F.);
#6322=ORIENTED_EDGE('',*,*,#2109,.F.);
#6323=EDGE_LOOP('',(#6313,#6320,#6321,#6322));
#6324=FACE_OUTER_BOUND('',#6323,.T.);
#6325=ADVANCED_FACE('',(#6324),#6312,.T.);
#6326=CARTESIAN_POINT('',(10.905463268262,-2.6969380973461,20.187087292601));
#6327=DIRECTION('',(-0.96788170385308,0.044308051750546,0.24747081423175));
#6328=DIRECTION('',(-0.25056280708599,-0.25056280708599,-0.93511312653089));
#6329=AXIS2_PLACEMENT_3D('',#6326,#6328,#6327);
#6330=CYLINDRICAL_SURFACE('',#6329,0.050000000000022);
#6331=ORIENTED_EDGE('',*,*,#5932,.F.);
#6332=ORIENTED_EDGE('',*,*,#5961,.F.);
#6333=ORIENTED_EDGE('',*,*,#6319,.F.);
#6334=ORIENTED_EDGE('',*,*,#5984,.F.);
#6335=EDGE_LOOP('',(#6331,#6332,#6333,#6334));
#6336=FACE_OUTER_BOUND('',#6335,.T.);
#6337=ADVANCED_FACE('',(#6336),#6330,.T.);
#6338=CARTESIAN_POINT('',(10.799987299975,-2.8024140656333,14.300028244856));
#6339=DIRECTION('',(-1.,-2.1204371591907E-10,0.));
#6340=DIRECTION('',(-3.4339236970642E-15,-3.5770038511086E-15,-1.));
#6341=AXIS2_PLACEMENT_3D('',#6338,#6340,#6339);
#6342=CYLINDRICAL_SURFACE('',#6341,0.050000000000032);
#6343=ORIENTED_EDGE('',*,*,#5654,.F.);
#6344=CARTESIAN_POINT('',(10.750015385009,-2.8040896892853,11.199923430083));
#6345=CARTESIAN_POINT('',(10.75094554284,-2.8318296701593,11.196452033797));
#6346=CARTESIAN_POINT('',(10.770571695449,-2.8514558227683,11.196452033797));
#6347=CARTESIAN_POINT('',(10.798311676323,-2.8523859805993,11.199923430083));
#6348=(BOUNDED_CURVE()B_SPLINE_CURVE(3,(#6344,#6345,#6346,#6347),.UNSPECIFIED.,.F.,.U.)B_SPLINE_CURVE_WITH_KNOTS((4,4),(5.531305892885,7.035064721475),.UNSPECIFIED.)CURVE()GEOMETRIC_REPRESENTATION_ITEM()RATIONAL_B_SPLINE_CURVE((1.,0.820270997176,0.820270997176,1.))REPRESENTATION_ITEM(''));
#6349=EDGE_CURVE('',#5643,#5727,#6348,.T.);
#6350=ORIENTED_EDGE('',*,*,#6349,.T.);
#6351=ORIENTED_EDGE('',*,*,#5747,.F.);
#6352=ORIENTED_EDGE('',*,*,#2606,.F.);
#6353=EDGE_LOOP('',(#6343,#6350,#6351,#6352));
#6354=FACE_OUTER_BOUND('',#6353,.T.);
#6355=ADVANCED_FACE('',(#6354),#6342,.T.);
#6356=CARTESIAN_POINT('',(10.905463268262,-2.6969380973462,10.812969197111));
#6357=DIRECTION('',(0.044308051755816,-0.96788170385318,-0.24747081423043));
#6358=DIRECTION('',(-0.25056280708599,-0.25056280708598,0.93511312653089));
#6359=AXIS2_PLACEMENT_3D('',#6356,#6358,#6357);
#6360=CYLINDRICAL_SURFACE('',#6359,0.049999999999988);
#6361=ORIENTED_EDGE('',*,*,#5623,.F.);
#6362=ORIENTED_EDGE('',*,*,#6101,.F.);
#6363=ORIENTED_EDGE('',*,*,#6349,.F.);
#6364=ORIENTED_EDGE('',*,*,#6122,.F.);
#6365=EDGE_LOOP('',(#6361,#6362,#6363,#6364));
#6366=FACE_OUTER_BOUND('',#6365,.T.);
#6367=ADVANCED_FACE('',(#6366),#6360,.T.);
#6368=CARTESIAN_POINT('',(11.099987299975,1.6475859343667,14.300028244856));
#6369=DIRECTION('',(1.,0.,0.));
#6370=DIRECTION('',(-0.,1.,0.));
#6371=AXIS2_PLACEMENT_3D('',#6368,#6370,#6369);
#6372=PLANE('',#6371);
#6373=ORIENTED_EDGE('',*,*,#2528,.F.);
#6374=ORIENTED_EDGE('',*,*,#3328,.F.);
#6375=ORIENTED_EDGE('',*,*,#2246,.F.);
#6376=ORIENTED_EDGE('',*,*,#3472,.F.);
#6377=EDGE_LOOP('',(#6373,#6374,#6375,#6376));
#6378=FACE_OUTER_BOUND('',#6377,.T.);
#6379=ADVANCED_FACE('',(#6378),#6372,.T.);
#6380=CARTESIAN_POINT('',(11.099987299975,3.3475859343667,14.300028244856));
#6381=DIRECTION('',(-1.,0.,0.));
#6382=DIRECTION('',(-0.,-1.,-0.));
#6383=AXIS2_PLACEMENT_3D('',#6380,#6382,#6381);
#6384=PLANE('',#6383);
#6385=ORIENTED_EDGE('',*,*,#3531,.F.);
#6386=ORIENTED_EDGE('',*,*,#3481,.F.);
#6387=ORIENTED_EDGE('',*,*,#2262,.F.);
#6388=ORIENTED_EDGE('',*,*,#3321,.F.);
#6389=EDGE_LOOP('',(#6385,#6386,#6387,#6388));
#6390=FACE_OUTER_BOUND('',#6389,.T.);
#6391=ADVANCED_FACE('',(#6390),#6384,.T.);
#6392=CARTESIAN_POINT('',(11.099987299975,-0.85241406563327,14.300028244856));
#6393=DIRECTION('',(1.,6.7286243916676E-17,0.));
#6394=DIRECTION('',(-6.7286243916676E-17,1.,0.));
#6395=AXIS2_PLACEMENT_3D('',#6392,#6394,#6393);
#6396=PLANE('',#6395);
#6397=ORIENTED_EDGE('',*,*,#2474,.F.);
#6398=ORIENTED_EDGE('',*,*,#3195,.F.);
#6399=ORIENTED_EDGE('',*,*,#2356,.F.);
#6400=ORIENTED_EDGE('',*,*,#3458,.F.);
#6401=EDGE_LOOP('',(#6397,#6398,#6399,#6400));
#6402=FACE_OUTER_BOUND('',#6401,.T.);
#6403=ADVANCED_FACE('',(#6402),#6396,.T.);
#6404=CARTESIAN_POINT('',(11.099987299975,0.84758593436673,14.300028244856));
#6405=DIRECTION('',(-1.,-1.3457248783335E-16,0.));
#6406=DIRECTION('',(1.3457248783335E-16,-1.,0.));
#6407=AXIS2_PLACEMENT_3D('',#6404,#6406,#6405);
#6408=PLANE('',#6407);
#6409=ORIENTED_EDGE('',*,*,#2514,.F.);
#6410=ORIENTED_EDGE('',*,*,#3465,.F.);
#6411=ORIENTED_EDGE('',*,*,#2372,.F.);
#6412=ORIENTED_EDGE('',*,*,#3335,.F.);
#6413=EDGE_LOOP('',(#6409,#6410,#6411,#6412));
#6414=FACE_OUTER_BOUND('',#6413,.T.);
#6415=ADVANCED_FACE('',(#6414),#6408,.T.);
#6416=CARTESIAN_POINT('',(11.099987299975,-0.0024140656332712,10.800028244856));
#6417=DIRECTION('',(0.,1.,0.));
#6418=DIRECTION('',(0.,0.,-1.));
#6419=AXIS2_PLACEMENT_3D('',#6416,#6418,#6417);
#6420=PLANE('',#6419);
#6421=CARTESIAN_POINT('',(10.857166976947,-0.19693809734627,10.800028244856));
#6422=VERTEX_POINT('',#6421);
#6423=CARTESIAN_POINT('',(10.857166976947,0.19210996607973,10.800028244856));
#6424=VERTEX_POINT('',#6423);
#6425=CARTESIAN_POINT('',(10.857166976947,-0.19693809734627,10.800028244856));
#6426=DIRECTION('',(0.,1.,0.));
#6427=VECTOR('',#6426,0.389048063426);
#6428=LINE('',#6425,#6427);
#6429=EDGE_CURVE('',#6422,#6424,#6428,.T.);
#6430=ORIENTED_EDGE('',*,*,#6429,.T.);
#6431=CARTESIAN_POINT('',(10.905463268262,0.24040625739473,10.800028244856));
#6432=VERTEX_POINT('',#6431);
#6433=CARTESIAN_POINT('',(10.857166976947,0.19210996607973,10.800028244856));
#6434=CARTESIAN_POINT('',(10.857166976947,0.22078010478473,10.800028244856));
#6435=CARTESIAN_POINT('',(10.876793129557,0.24040625739473,10.800028244856));
#6436=CARTESIAN_POINT('',(10.905463268262,0.24040625739473,10.800028244856));
#6437=(BOUNDED_CURVE()B_SPLINE_CURVE(3,(#6433,#6434,#6435,#6436),.UNSPECIFIED.,.F.,.U.)B_SPLINE_CURVE_WITH_KNOTS((4,4),(2.389713239295,3.893472067885),.UNSPECIFIED.)CURVE()GEOMETRIC_REPRESENTATION_ITEM()RATIONAL_B_SPLINE_CURVE((1.,0.820270997176,0.820270997176,1.))REPRESENTATION_ITEM(''));
#6438=EDGE_CURVE('',#6424,#6432,#6437,.T.);
#6439=ORIENTED_EDGE('',*,*,#6438,.T.);
#6440=CARTESIAN_POINT('',(11.294511331688,0.24040625739473,10.800028244856));
#6441=VERTEX_POINT('',#6440);
#6442=CARTESIAN_POINT('',(10.905463268262,0.24040625739473,10.800028244856));
#6443=DIRECTION('',(1.,0.,0.));
#6444=VECTOR('',#6443,0.389048063426);
#6445=LINE('',#6442,#6444);
#6446=EDGE_CURVE('',#6432,#6441,#6445,.T.);
#6447=ORIENTED_EDGE('',*,*,#6446,.T.);
#6448=CARTESIAN_POINT('',(11.342807623003,0.19210996607973,10.800028244856));
#6449=VERTEX_POINT('',#6448);
#6450=CARTESIAN_POINT('',(11.294511331688,0.24040625739473,10.800028244856));
#6451=CARTESIAN_POINT('',(11.323181470393,0.24040625739473,10.800028244856));
#6452=CARTESIAN_POINT('',(11.342807623003,0.22078010478473,10.800028244856));
#6453=CARTESIAN_POINT('',(11.342807623003,0.19210996607973,10.800028244856));
#6454=(BOUNDED_CURVE()B_SPLINE_CURVE(3,(#6450,#6451,#6452,#6453),.UNSPECIFIED.,.F.,.U.)B_SPLINE_CURVE_WITH_KNOTS((4,4),(2.389713239295,3.893472067885),.UNSPECIFIED.)CURVE()GEOMETRIC_REPRESENTATION_ITEM()RATIONAL_B_SPLINE_CURVE((1.,0.820270997176,0.820270997176,1.))REPRESENTATION_ITEM(''));
#6455=EDGE_CURVE('',#6441,#6449,#6454,.T.);
#6456=ORIENTED_EDGE('',*,*,#6455,.T.);
#6457=CARTESIAN_POINT('',(11.342807623003,-0.19693809734627,10.800028244856));
#6458=VERTEX_POINT('',#6457);
#6459=CARTESIAN_POINT('',(11.342807623003,0.19210996607973,10.800028244856));
#6460=DIRECTION('',(0.,-1.,0.));
#6461=VECTOR('',#6460,0.389048063426);
#6462=LINE('',#6459,#6461);
#6463=EDGE_CURVE('',#6449,#6458,#6462,.T.);
#6464=ORIENTED_EDGE('',*,*,#6463,.T.);
#6465=CARTESIAN_POINT('',(11.294511331688,-0.24523438866127,10.800028244856));
#6466=VERTEX_POINT('',#6465);
#6467=CARTESIAN_POINT('',(11.342807623003,-0.19693809734627,10.800028244856));
#6468=CARTESIAN_POINT('',(11.342807623003,-0.22560823605127,10.800028244856));
#6469=CARTESIAN_POINT('',(11.323181470393,-0.24523438866127,10.800028244856));
#6470=CARTESIAN_POINT('',(11.294511331688,-0.24523438866127,10.800028244856));
#6471=(BOUNDED_CURVE()B_SPLINE_CURVE(3,(#6467,#6468,#6469,#6470),.UNSPECIFIED.,.F.,.U.)B_SPLINE_CURVE_WITH_KNOTS((4,4),(5.531305892885,7.035064721475),.UNSPECIFIED.)CURVE()GEOMETRIC_REPRESENTATION_ITEM()RATIONAL_B_SPLINE_CURVE((1.,0.820270997176,0.820270997176,1.))REPRESENTATION_ITEM(''));
#6472=EDGE_CURVE('',#6458,#6466,#6471,.T.);
#6473=ORIENTED_EDGE('',*,*,#6472,.T.);
#6474=CARTESIAN_POINT('',(10.905463268262,-0.24523438866127,10.800028244856));
#6475=VERTEX_POINT('',#6474);
#6476=CARTESIAN_POINT('',(11.294511331688,-0.24523438866127,10.800028244856));
#6477=DIRECTION('',(-1.,0.,0.));
#6478=VECTOR('',#6477,0.389048063426);
#6479=LINE('',#6476,#6478);
#6480=EDGE_CURVE('',#6466,#6475,#6479,.T.);
#6481=ORIENTED_EDGE('',*,*,#6480,.T.);
#6482=CARTESIAN_POINT('',(10.905463268262,-0.24523438866127,10.800028244856));
#6483=CARTESIAN_POINT('',(10.876793129557,-0.24523438866127,10.800028244856));
#6484=CARTESIAN_POINT('',(10.857166976947,-0.22560823605127,10.800028244856));
#6485=CARTESIAN_POINT('',(10.857166976947,-0.19693809734627,10.800028244856));
#6486=(BOUNDED_CURVE()B_SPLINE_CURVE(3,(#6482,#6483,#6484,#6485),.UNSPECIFIED.,.F.,.U.)B_SPLINE_CURVE_WITH_KNOTS((4,4),(5.531305892885,7.035064721475),.UNSPECIFIED.)CURVE()GEOMETRIC_REPRESENTATION_ITEM()RATIONAL_B_SPLINE_CURVE((1.,0.820270997176,0.820270997176,1.))REPRESENTATION_ITEM(''));
#6487=EDGE_CURVE('',#6475,#6422,#6486,.T.);
#6488=ORIENTED_EDGE('',*,*,#6487,.T.);
#6489=EDGE_LOOP('',(#6430,#6439,#6447,#6456,#6464,#6473,#6481,#6488));
#6490=FACE_OUTER_BOUND('',#6489,.T.);
#6491=ADVANCED_FACE('',(#6490),#6420,.T.);
#6492=CARTESIAN_POINT('',(10.749987299975,-0.35241406563327,20.200028244856));
#6493=DIRECTION('',(-9.8686491077792E-17,0.,-1.));
#6494=DIRECTION('',(-1.,1.3664283380002E-15,9.8686491077792E-17));
#6495=AXIS2_PLACEMENT_3D('',#6492,#6494,#6493);
#6496=PLANE('',#6495);
#6497=ORIENTED_EDGE('',*,*,#2407,.F.);
#6498=CARTESIAN_POINT('',(10.749987299975,0.29758593436673,11.200028244856));
#6499=VERTEX_POINT('',#6498);
#6500=CARTESIAN_POINT('',(10.749987299975,0.29758593436673,14.300028244856));
#6501=DIRECTION('',(0.,0.,-1.));
#6502=VECTOR('',#6501,3.1);
#6503=LINE('',#6500,#6502);
#6504=EDGE_CURVE('',#2393,#6499,#6503,.T.);
#6505=ORIENTED_EDGE('',*,*,#6504,.T.);
#6506=CARTESIAN_POINT('',(10.749987299975,-0.30241406563327,11.200028244856));
#6507=VERTEX_POINT('',#6506);
#6508=CARTESIAN_POINT('',(10.749987299975,0.29758593436673,11.200028244856));
#6509=DIRECTION('',(0.,-1.,0.));
#6510=VECTOR('',#6509,0.6);
#6511=LINE('',#6508,#6510);
#6512=EDGE_CURVE('',#6499,#6507,#6511,.T.);
#6513=ORIENTED_EDGE('',*,*,#6512,.T.);
#6514=CARTESIAN_POINT('',(10.749987299975,-0.30241406563327,11.200028244856));
#6515=DIRECTION('',(0.,0.,1.));
#6516=VECTOR('',#6515,3.1);
#6517=LINE('',#6514,#6516);
#6518=EDGE_CURVE('',#6507,#2402,#6517,.T.);
#6519=ORIENTED_EDGE('',*,*,#6518,.T.);
#6520=EDGE_LOOP('',(#6497,#6505,#6513,#6519));
#6521=FACE_OUTER_BOUND('',#6520,.T.);
#6522=ADVANCED_FACE('',(#6521),#6496,.T.);
#6523=CARTESIAN_POINT('',(10.749987299975,0.34758593436673,20.200028244856));
#6524=DIRECTION('',(1.,0.,0.));
#6525=DIRECTION('',(-0.,1.,0.));
#6526=AXIS2_PLACEMENT_3D('',#6523,#6525,#6524);
#6527=PLANE('',#6526);
#6528=ORIENTED_EDGE('',*,*,#2390,.F.);
#6529=CARTESIAN_POINT('',(11.399987299975,0.34758593436673,11.200028244856));
#6530=VERTEX_POINT('',#6529);
#6531=CARTESIAN_POINT('',(11.399987299975,0.34758593436673,14.300028244856));
#6532=DIRECTION('',(0.,0.,-1.));
#6533=VECTOR('',#6532,3.1);
#6534=LINE('',#6531,#6533);
#6535=EDGE_CURVE('',#2383,#6530,#6534,.T.);
#6536=ORIENTED_EDGE('',*,*,#6535,.T.);
#6537=CARTESIAN_POINT('',(10.799987299975,0.34758593436673,11.200028244856));
#6538=VERTEX_POINT('',#6537);
#6539=CARTESIAN_POINT('',(11.399987299975,0.34758593436673,11.200028244856));
#6540=DIRECTION('',(-1.,0.,0.));
#6541=VECTOR('',#6540,0.6);
#6542=LINE('',#6539,#6541);
#6543=EDGE_CURVE('',#6530,#6538,#6542,.T.);
#6544=ORIENTED_EDGE('',*,*,#6543,.T.);
#6545=CARTESIAN_POINT('',(10.799987299975,0.34758593436673,11.200028244856));
#6546=DIRECTION('',(0.,0.,1.));
#6547=VECTOR('',#6546,3.1);
#6548=LINE('',#6545,#6547);
#6549=EDGE_CURVE('',#6538,#2385,#6548,.T.);
#6550=ORIENTED_EDGE('',*,*,#6549,.T.);
#6551=EDGE_LOOP('',(#6528,#6536,#6544,#6550));
#6552=FACE_OUTER_BOUND('',#6551,.T.);
#6553=ADVANCED_FACE('',(#6552),#6527,.T.);
#6554=CARTESIAN_POINT('',(11.449987299975,-0.35241406563327,20.200028244856));
#6555=DIRECTION('',(1.9737298215558E-16,0.,1.));
#6556=DIRECTION('',(1.,0.,-1.9737298215558E-16));
#6557=AXIS2_PLACEMENT_3D('',#6554,#6556,#6555);
#6558=PLANE('',#6557);
#6559=ORIENTED_EDGE('',*,*,#2441,.F.);
#6560=CARTESIAN_POINT('',(11.449987299975,-0.30241406563327,11.200028244856));
#6561=VERTEX_POINT('',#6560);
#6562=CARTESIAN_POINT('',(11.449987299975,-0.30241406563327,14.300028244856));
#6563=DIRECTION('',(0.,0.,-1.));
#6564=VECTOR('',#6563,3.1);
#6565=LINE('',#6562,#6564);
#6566=EDGE_CURVE('',#2427,#6561,#6565,.T.);
#6567=ORIENTED_EDGE('',*,*,#6566,.T.);
#6568=CARTESIAN_POINT('',(11.449987299975,0.29758593436673,11.200028244856));
#6569=VERTEX_POINT('',#6568);
#6570=CARTESIAN_POINT('',(11.449987299975,-0.30241406563327,11.200028244856));
#6571=DIRECTION('',(0.,1.,0.));
#6572=VECTOR('',#6571,0.6);
#6573=LINE('',#6570,#6572);
#6574=EDGE_CURVE('',#6561,#6569,#6573,.T.);
#6575=ORIENTED_EDGE('',*,*,#6574,.T.);
#6576=CARTESIAN_POINT('',(11.449987299975,0.29758593436673,11.200028244856));
#6577=DIRECTION('',(0.,0.,1.));
#6578=VECTOR('',#6577,3.1);
#6579=LINE('',#6576,#6578);
#6580=EDGE_CURVE('',#6569,#2436,#6579,.T.);
#6581=ORIENTED_EDGE('',*,*,#6580,.T.);
#6582=EDGE_LOOP('',(#6559,#6567,#6575,#6581));
#6583=FACE_OUTER_BOUND('',#6582,.T.);
#6584=ADVANCED_FACE('',(#6583),#6558,.T.);
#6585=CARTESIAN_POINT('',(10.749987299975,-0.35241406563327,20.200028244856));
#6586=DIRECTION('',(-1.,0.,0.));
#6587=DIRECTION('',(-0.,-1.,-0.));
#6588=AXIS2_PLACEMENT_3D('',#6585,#6587,#6586);
#6589=PLANE('',#6588);
#6590=CARTESIAN_POINT('',(10.799987299975,-0.35241406563327,11.200028244856));
#6591=VERTEX_POINT('',#6590);
#6592=CARTESIAN_POINT('',(11.399987299975,-0.35241406563327,11.200028244856));
#6593=VERTEX_POINT('',#6592);
#6594=CARTESIAN_POINT('',(10.799987299975,-0.35241406563327,11.200028244856));
#6595=DIRECTION('',(1.,0.,0.));
#6596=VECTOR('',#6595,0.6);
#6597=LINE('',#6594,#6596);
#6598=EDGE_CURVE('',#6591,#6593,#6597,.T.);
#6599=ORIENTED_EDGE('',*,*,#6598,.T.);
#6600=CARTESIAN_POINT('',(11.399987299975,-0.35241406563327,11.200028244856));
#6601=DIRECTION('',(0.,0.,1.));
#6602=VECTOR('',#6601,3.1);
#6603=LINE('',#6600,#6602);
#6604=EDGE_CURVE('',#6593,#2419,#6603,.T.);
#6605=ORIENTED_EDGE('',*,*,#6604,.T.);
#6606=ORIENTED_EDGE('',*,*,#2424,.F.);
#6607=CARTESIAN_POINT('',(10.799987299975,-0.35241406563327,14.300028244856));
#6608=DIRECTION('',(0.,0.,-1.));
#6609=VECTOR('',#6608,3.1);
#6610=LINE('',#6607,#6609);
#6611=EDGE_CURVE('',#2410,#6591,#6610,.T.);
#6612=ORIENTED_EDGE('',*,*,#6611,.T.);
#6613=EDGE_LOOP('',(#6599,#6605,#6606,#6612));
#6614=FACE_OUTER_BOUND('',#6613,.T.);
#6615=ADVANCED_FACE('',(#6614),#6589,.T.);
#6616=CARTESIAN_POINT('',(10.749987299975,-0.35241406563327,20.200028244856));
#6617=DIRECTION('',(-1.,0.,0.));
#6618=DIRECTION('',(-0.,-1.,-0.));
#6619=AXIS2_PLACEMENT_3D('',#6616,#6618,#6617);
#6620=PLANE('',#6619);
#6621=CARTESIAN_POINT('',(11.399987299975,-0.35241406563327,19.800028244856));
#6622=VERTEX_POINT('',#6621);
#6623=CARTESIAN_POINT('',(10.799987299975,-0.35241406563327,19.800028244856));
#6624=VERTEX_POINT('',#6623);
#6625=CARTESIAN_POINT('',(11.399987299975,-0.35241406563327,19.800028244856));
#6626=DIRECTION('',(-1.,0.,0.));
#6627=VECTOR('',#6626,0.6);
#6628=LINE('',#6625,#6627);
#6629=EDGE_CURVE('',#6622,#6624,#6628,.T.);
#6630=ORIENTED_EDGE('',*,*,#6629,.T.);
#6631=CARTESIAN_POINT('',(10.799987299975,-0.35241406563327,19.800028244856));
#6632=DIRECTION('',(0.,0.,-1.));
#6633=VECTOR('',#6632,4.);
#6634=LINE('',#6631,#6633);
#6635=EDGE_CURVE('',#6624,#1773,#6634,.T.);
#6636=ORIENTED_EDGE('',*,*,#6635,.T.);
#6637=ORIENTED_EDGE('',*,*,#1778,.F.);
#6638=CARTESIAN_POINT('',(11.399987299975,-0.35241406563327,15.800028244856));
#6639=DIRECTION('',(0.,0.,1.));
#6640=VECTOR('',#6639,4.);
#6641=LINE('',#6638,#6640);
#6642=EDGE_CURVE('',#1771,#6622,#6641,.T.);
#6643=ORIENTED_EDGE('',*,*,#6642,.T.);
#6644=EDGE_LOOP('',(#6630,#6636,#6637,#6643));
#6645=FACE_OUTER_BOUND('',#6644,.T.);
#6646=ADVANCED_FACE('',(#6645),#6620,.T.);
#6647=CARTESIAN_POINT('',(11.449987299975,-0.35241406563327,20.200028244856));
#6648=DIRECTION('',(4.0371746350006E-16,0.,1.));
#6649=DIRECTION('',(1.,0.,-4.0371746350006E-16));
#6650=AXIS2_PLACEMENT_3D('',#6647,#6649,#6648);
#6651=PLANE('',#6650);
#6652=CARTESIAN_POINT('',(11.449987299975,0.29758593436673,19.800028244856));
#6653=VERTEX_POINT('',#6652);
#6654=CARTESIAN_POINT('',(11.449987299975,-0.30241406563327,19.800028244856));
#6655=VERTEX_POINT('',#6654);
#6656=CARTESIAN_POINT('',(11.449987299975,0.29758593436673,19.800028244856));
#6657=DIRECTION('',(0.,-1.,0.));
#6658=VECTOR('',#6657,0.6);
#6659=LINE('',#6656,#6658);
#6660=EDGE_CURVE('',#6653,#6655,#6659,.T.);
#6661=ORIENTED_EDGE('',*,*,#6660,.T.);
#6662=CARTESIAN_POINT('',(11.449987299975,-0.30241406563327,19.800028244856));
#6663=DIRECTION('',(0.,0.,-1.));
#6664=VECTOR('',#6663,4.);
#6665=LINE('',#6662,#6664);
#6666=EDGE_CURVE('',#6655,#1824,#6665,.T.);
#6667=ORIENTED_EDGE('',*,*,#6666,.T.);
#6668=ORIENTED_EDGE('',*,*,#1829,.F.);
#6669=CARTESIAN_POINT('',(11.449987299975,0.29758593436673,15.800028244856));
#6670=DIRECTION('',(0.,0.,1.));
#6671=VECTOR('',#6670,4.);
#6672=LINE('',#6669,#6671);
#6673=EDGE_CURVE('',#1815,#6653,#6672,.T.);
#6674=ORIENTED_EDGE('',*,*,#6673,.T.);
#6675=EDGE_LOOP('',(#6661,#6667,#6668,#6674));
#6676=FACE_OUTER_BOUND('',#6675,.T.);
#6677=ADVANCED_FACE('',(#6676),#6651,.T.);
#6678=CARTESIAN_POINT('',(10.749987299975,0.34758593436673,20.200028244856));
#6679=DIRECTION('',(1.,0.,0.));
#6680=DIRECTION('',(-0.,1.,0.));
#6681=AXIS2_PLACEMENT_3D('',#6678,#6680,#6679);
#6682=PLANE('',#6681);
#6683=CARTESIAN_POINT('',(10.799987299975,0.34758593436673,19.800028244856));
#6684=VERTEX_POINT('',#6683);
#6685=CARTESIAN_POINT('',(11.399987299975,0.34758593436673,19.800028244856));
#6686=VERTEX_POINT('',#6685);
#6687=CARTESIAN_POINT('',(10.799987299975,0.34758593436673,19.800028244856));
#6688=DIRECTION('',(1.,0.,0.));
#6689=VECTOR('',#6688,0.6);
#6690=LINE('',#6687,#6689);
#6691=EDGE_CURVE('',#6684,#6686,#6690,.T.);
#6692=ORIENTED_EDGE('',*,*,#6691,.T.);
#6693=CARTESIAN_POINT('',(11.399987299975,0.34758593436673,19.800028244856));
#6694=DIRECTION('',(0.,0.,-1.));
#6695=VECTOR('',#6694,4.);
#6696=LINE('',#6693,#6695);
#6697=EDGE_CURVE('',#6686,#1807,#6696,.T.);
#6698=ORIENTED_EDGE('',*,*,#6697,.T.);
#6699=ORIENTED_EDGE('',*,*,#1812,.F.);
#6700=CARTESIAN_POINT('',(10.799987299975,0.34758593436673,15.800028244856));
#6701=DIRECTION('',(0.,0.,1.));
#6702=VECTOR('',#6701,4.);
#6703=LINE('',#6700,#6702);
#6704=EDGE_CURVE('',#1798,#6684,#6703,.T.);
#6705=ORIENTED_EDGE('',*,*,#6704,.T.);
#6706=EDGE_LOOP('',(#6692,#6698,#6699,#6705));
#6707=FACE_OUTER_BOUND('',#6706,.T.);
#6708=ADVANCED_FACE('',(#6707),#6682,.T.);
#6709=CARTESIAN_POINT('',(10.749987299975,-0.35241406563327,20.200028244856));
#6710=DIRECTION('',(0.,0.,-1.));
#6711=DIRECTION('',(-1.,-0.,-0.));
#6712=AXIS2_PLACEMENT_3D('',#6709,#6711,#6710);
#6713=PLANE('',#6712);
#6714=ORIENTED_EDGE('',*,*,#1795,.F.);
#6715=CARTESIAN_POINT('',(10.749987299975,-0.30241406563327,19.800028244856));
#6716=VERTEX_POINT('',#6715);
#6717=CARTESIAN_POINT('',(10.749987299975,-0.30241406563327,15.800028244856));
#6718=DIRECTION('',(0.,0.,1.));
#6719=VECTOR('',#6718,4.);
#6720=LINE('',#6717,#6719);
#6721=EDGE_CURVE('',#1781,#6716,#6720,.T.);
#6722=ORIENTED_EDGE('',*,*,#6721,.T.);
#6723=CARTESIAN_POINT('',(10.749987299975,0.29758593436673,19.800028244856));
#6724=VERTEX_POINT('',#6723);
#6725=CARTESIAN_POINT('',(10.749987299975,-0.30241406563327,19.800028244856));
#6726=DIRECTION('',(0.,1.,0.));
#6727=VECTOR('',#6726,0.6);
#6728=LINE('',#6725,#6727);
#6729=EDGE_CURVE('',#6716,#6724,#6728,.T.);
#6730=ORIENTED_EDGE('',*,*,#6729,.T.);
#6731=CARTESIAN_POINT('',(10.749987299975,0.29758593436673,19.800028244856));
#6732=DIRECTION('',(0.,0.,-1.));
#6733=VECTOR('',#6732,4.);
#6734=LINE('',#6731,#6733);
#6735=EDGE_CURVE('',#6724,#1790,#6734,.T.);
#6736=ORIENTED_EDGE('',*,*,#6735,.T.);
#6737=EDGE_LOOP('',(#6714,#6722,#6730,#6736));
#6738=FACE_OUTER_BOUND('',#6737,.T.);
#6739=ADVANCED_FACE('',(#6738),#6713,.T.);
#6740=CARTESIAN_POINT('',(11.099987299975,-0.0024140656332712,20.200028244856));
#6741=DIRECTION('',(0.,1.,0.));
#6742=DIRECTION('',(0.,-0.,1.));
#6743=AXIS2_PLACEMENT_3D('',#6740,#6742,#6741);
#6744=PLANE('',#6743);
#6745=CARTESIAN_POINT('',(11.342807623003,-0.19693809734627,20.200028244856));
#6746=VERTEX_POINT('',#6745);
#6747=CARTESIAN_POINT('',(11.342807623003,0.19210996607973,20.200028244856));
#6748=VERTEX_POINT('',#6747);
#6749=CARTESIAN_POINT('',(11.342807623003,-0.19693809734627,20.200028244856));
#6750=DIRECTION('',(0.,1.,0.));
#6751=VECTOR('',#6750,0.389048063426);
#6752=LINE('',#6749,#6751);
#6753=EDGE_CURVE('',#6746,#6748,#6752,.T.);
#6754=ORIENTED_EDGE('',*,*,#6753,.T.);
#6755=CARTESIAN_POINT('',(11.294511331688,0.24040625739473,20.200028244856));
#6756=VERTEX_POINT('',#6755);
#6757=CARTESIAN_POINT('',(11.342807623003,0.19210996607973,20.200028244856));
#6758=CARTESIAN_POINT('',(11.342807623003,0.22078010478473,20.200028244856));
#6759=CARTESIAN_POINT('',(11.323181470393,0.24040625739473,20.200028244856));
#6760=CARTESIAN_POINT('',(11.294511331688,0.24040625739473,20.200028244856));
#6761=(BOUNDED_CURVE()B_SPLINE_CURVE(3,(#6757,#6758,#6759,#6760),.UNSPECIFIED.,.F.,.U.)B_SPLINE_CURVE_WITH_KNOTS((4,4),(2.389713239295,3.893472067885),.UNSPECIFIED.)CURVE()GEOMETRIC_REPRESENTATION_ITEM()RATIONAL_B_SPLINE_CURVE((1.,0.820270997176,0.820270997176,1.))REPRESENTATION_ITEM(''));
#6762=EDGE_CURVE('',#6748,#6756,#6761,.T.);
#6763=ORIENTED_EDGE('',*,*,#6762,.T.);
#6764=CARTESIAN_POINT('',(10.905463268262,0.24040625739473,20.200028244856));
#6765=VERTEX_POINT('',#6764);
#6766=CARTESIAN_POINT('',(11.294511331688,0.24040625739473,20.200028244856));
#6767=DIRECTION('',(-1.,0.,0.));
#6768=VECTOR('',#6767,0.389048063426);
#6769=LINE('',#6766,#6768);
#6770=EDGE_CURVE('',#6756,#6765,#6769,.T.);
#6771=ORIENTED_EDGE('',*,*,#6770,.T.);
#6772=CARTESIAN_POINT('',(10.857166976947,0.19210996607973,20.200028244856));
#6773=VERTEX_POINT('',#6772);
#6774=CARTESIAN_POINT('',(10.905463268262,0.24040625739473,20.200028244856));
#6775=CARTESIAN_POINT('',(10.876793129557,0.24040625739473,20.200028244856));
#6776=CARTESIAN_POINT('',(10.857166976947,0.22078010478473,20.200028244856));
#6777=CARTESIAN_POINT('',(10.857166976947,0.19210996607973,20.200028244856));
#6778=(BOUNDED_CURVE()B_SPLINE_CURVE(3,(#6774,#6775,#6776,#6777),.UNSPECIFIED.,.F.,.U.)B_SPLINE_CURVE_WITH_KNOTS((4,4),(2.389713239295,3.893472067885),.UNSPECIFIED.)CURVE()GEOMETRIC_REPRESENTATION_ITEM()RATIONAL_B_SPLINE_CURVE((1.,0.820270997176,0.820270997176,1.))REPRESENTATION_ITEM(''));
#6779=EDGE_CURVE('',#6765,#6773,#6778,.T.);
#6780=ORIENTED_EDGE('',*,*,#6779,.T.);
#6781=CARTESIAN_POINT('',(10.857166976947,-0.19693809734627,20.200028244856));
#6782=VERTEX_POINT('',#6781);
#6783=CARTESIAN_POINT('',(10.857166976947,0.19210996607973,20.200028244856));
#6784=DIRECTION('',(0.,-1.,0.));
#6785=VECTOR('',#6784,0.389048063426);
#6786=LINE('',#6783,#6785);
#6787=EDGE_CURVE('',#6773,#6782,#6786,.T.);
#6788=ORIENTED_EDGE('',*,*,#6787,.T.);
#6789=CARTESIAN_POINT('',(10.905463268262,-0.24523438866127,20.200028244856));
#6790=VERTEX_POINT('',#6789);
#6791=CARTESIAN_POINT('',(10.857166976947,-0.19693809734627,20.200028244856));
#6792=CARTESIAN_POINT('',(10.857166976947,-0.22560823605127,20.200028244856));
#6793=CARTESIAN_POINT('',(10.876793129557,-0.24523438866127,20.200028244856));
#6794=CARTESIAN_POINT('',(10.905463268262,-0.24523438866127,20.200028244856));
#6795=(BOUNDED_CURVE()B_SPLINE_CURVE(3,(#6791,#6792,#6793,#6794),.UNSPECIFIED.,.F.,.U.)B_SPLINE_CURVE_WITH_KNOTS((4,4),(5.531305892885,7.035064721475),.UNSPECIFIED.)CURVE()GEOMETRIC_REPRESENTATION_ITEM()RATIONAL_B_SPLINE_CURVE((1.,0.820270997176,0.820270997176,1.))REPRESENTATION_ITEM(''));
#6796=EDGE_CURVE('',#6782,#6790,#6795,.T.);
#6797=ORIENTED_EDGE('',*,*,#6796,.T.);
#6798=CARTESIAN_POINT('',(11.294511331688,-0.24523438866127,20.200028244856));
#6799=VERTEX_POINT('',#6798);
#6800=CARTESIAN_POINT('',(10.905463268262,-0.24523438866127,20.200028244856));
#6801=DIRECTION('',(1.,0.,0.));
#6802=VECTOR('',#6801,0.389048063426);
#6803=LINE('',#6800,#6802);
#6804=EDGE_CURVE('',#6790,#6799,#6803,.T.);
#6805=ORIENTED_EDGE('',*,*,#6804,.T.);
#6806=CARTESIAN_POINT('',(11.294511331688,-0.24523438866127,20.200028244856));
#6807=CARTESIAN_POINT('',(11.323181470393,-0.24523438866127,20.200028244856));
#6808=CARTESIAN_POINT('',(11.342807623003,-0.22560823605127,20.200028244856));
#6809=CARTESIAN_POINT('',(11.342807623003,-0.19693809734627,20.200028244856));
#6810=(BOUNDED_CURVE()B_SPLINE_CURVE(3,(#6806,#6807,#6808,#6809),.UNSPECIFIED.,.F.,.U.)B_SPLINE_CURVE_WITH_KNOTS((4,4),(5.531305892885,7.035064721475),.UNSPECIFIED.)CURVE()GEOMETRIC_REPRESENTATION_ITEM()RATIONAL_B_SPLINE_CURVE((1.,0.820270997176,0.820270997176,1.))REPRESENTATION_ITEM(''));
#6811=EDGE_CURVE('',#6799,#6746,#6810,.T.);
#6812=ORIENTED_EDGE('',*,*,#6811,.T.);
#6813=EDGE_LOOP('',(#6754,#6763,#6771,#6780,#6788,#6797,#6805,#6812));
#6814=FACE_OUTER_BOUND('',#6813,.T.);
#6815=ADVANCED_FACE('',(#6814),#6744,.T.);
#6816=CARTESIAN_POINT('',(11.099987299975,2.4975859343667,10.800028244856));
#6817=DIRECTION('',(0.,1.,0.));
#6818=DIRECTION('',(0.,0.,-1.));
#6819=AXIS2_PLACEMENT_3D('',#6816,#6818,#6817);
#6820=PLANE('',#6819);
#6821=CARTESIAN_POINT('',(10.857166976947,2.3030619026537,10.800028244856));
#6822=VERTEX_POINT('',#6821);
#6823=CARTESIAN_POINT('',(10.857166976947,2.6921099660797,10.800028244856));
#6824=VERTEX_POINT('',#6823);
#6825=CARTESIAN_POINT('',(10.857166976947,2.3030619026537,10.800028244856));
#6826=DIRECTION('',(0.,1.,0.));
#6827=VECTOR('',#6826,0.389048063426);
#6828=LINE('',#6825,#6827);
#6829=EDGE_CURVE('',#6822,#6824,#6828,.T.);
#6830=ORIENTED_EDGE('',*,*,#6829,.T.);
#6831=CARTESIAN_POINT('',(10.905463268262,2.7404062573947,10.800028244856));
#6832=VERTEX_POINT('',#6831);
#6833=CARTESIAN_POINT('',(10.857166976947,2.6921099660797,10.800028244856));
#6834=CARTESIAN_POINT('',(10.857166976947,2.7207801047847,10.800028244856));
#6835=CARTESIAN_POINT('',(10.876793129557,2.7404062573947,10.800028244856));
#6836=CARTESIAN_POINT('',(10.905463268262,2.7404062573947,10.800028244856));
#6837=(BOUNDED_CURVE()B_SPLINE_CURVE(3,(#6833,#6834,#6835,#6836),.UNSPECIFIED.,.F.,.U.)B_SPLINE_CURVE_WITH_KNOTS((4,4),(2.389713239295,3.893472067885),.UNSPECIFIED.)CURVE()GEOMETRIC_REPRESENTATION_ITEM()RATIONAL_B_SPLINE_CURVE((1.,0.820270997176,0.820270997176,1.))REPRESENTATION_ITEM(''));
#6838=EDGE_CURVE('',#6824,#6832,#6837,.T.);
#6839=ORIENTED_EDGE('',*,*,#6838,.T.);
#6840=CARTESIAN_POINT('',(11.294511331688,2.7404062573947,10.800028244856));
#6841=VERTEX_POINT('',#6840);
#6842=CARTESIAN_POINT('',(10.905463268262,2.7404062573947,10.800028244856));
#6843=DIRECTION('',(1.,0.,0.));
#6844=VECTOR('',#6843,0.389048063426);
#6845=LINE('',#6842,#6844);
#6846=EDGE_CURVE('',#6832,#6841,#6845,.T.);
#6847=ORIENTED_EDGE('',*,*,#6846,.T.);
#6848=CARTESIAN_POINT('',(11.342807623003,2.6921099660797,10.800028244856));
#6849=VERTEX_POINT('',#6848);
#6850=CARTESIAN_POINT('',(11.294511331688,2.7404062573947,10.800028244856));
#6851=CARTESIAN_POINT('',(11.323181470393,2.7404062573947,10.800028244856));
#6852=CARTESIAN_POINT('',(11.342807623003,2.7207801047847,10.800028244856));
#6853=CARTESIAN_POINT('',(11.342807623003,2.6921099660797,10.800028244856));
#6854=(BOUNDED_CURVE()B_SPLINE_CURVE(3,(#6850,#6851,#6852,#6853),.UNSPECIFIED.,.F.,.U.)B_SPLINE_CURVE_WITH_KNOTS((4,4),(2.389713239295,3.893472067885),.UNSPECIFIED.)CURVE()GEOMETRIC_REPRESENTATION_ITEM()RATIONAL_B_SPLINE_CURVE((1.,0.820270997176,0.820270997176,1.))REPRESENTATION_ITEM(''));
#6855=EDGE_CURVE('',#6841,#6849,#6854,.T.);
#6856=ORIENTED_EDGE('',*,*,#6855,.T.);
#6857=CARTESIAN_POINT('',(11.342807623003,2.3030619026537,10.800028244856));
#6858=VERTEX_POINT('',#6857);
#6859=CARTESIAN_POINT('',(11.342807623003,2.6921099660797,10.800028244856));
#6860=DIRECTION('',(0.,-1.,0.));
#6861=VECTOR('',#6860,0.389048063426);
#6862=LINE('',#6859,#6861);
#6863=EDGE_CURVE('',#6849,#6858,#6862,.T.);
#6864=ORIENTED_EDGE('',*,*,#6863,.T.);
#6865=CARTESIAN_POINT('',(11.294511331688,2.2547656113387,10.800028244856));
#6866=VERTEX_POINT('',#6865);
#6867=CARTESIAN_POINT('',(11.342807623003,2.3030619026537,10.800028244856));
#6868=CARTESIAN_POINT('',(11.342807623003,2.2743917639487,10.800028244856));
#6869=CARTESIAN_POINT('',(11.323181470393,2.2547656113387,10.800028244856));
#6870=CARTESIAN_POINT('',(11.294511331688,2.2547656113387,10.800028244856));
#6871=(BOUNDED_CURVE()B_SPLINE_CURVE(3,(#6867,#6868,#6869,#6870),.UNSPECIFIED.,.F.,.U.)B_SPLINE_CURVE_WITH_KNOTS((4,4),(5.531305892885,7.035064721475),.UNSPECIFIED.)CURVE()GEOMETRIC_REPRESENTATION_ITEM()RATIONAL_B_SPLINE_CURVE((1.,0.820270997176,0.820270997176,1.))REPRESENTATION_ITEM(''));
#6872=EDGE_CURVE('',#6858,#6866,#6871,.T.);
#6873=ORIENTED_EDGE('',*,*,#6872,.T.);
#6874=CARTESIAN_POINT('',(10.905463268262,2.2547656113387,10.800028244856));
#6875=VERTEX_POINT('',#6874);
#6876=CARTESIAN_POINT('',(11.294511331688,2.2547656113387,10.800028244856));
#6877=DIRECTION('',(-1.,0.,0.));
#6878=VECTOR('',#6877,0.389048063426);
#6879=LINE('',#6876,#6878);
#6880=EDGE_CURVE('',#6866,#6875,#6879,.T.);
#6881=ORIENTED_EDGE('',*,*,#6880,.T.);
#6882=CARTESIAN_POINT('',(10.905463268262,2.2547656113387,10.800028244856));
#6883=CARTESIAN_POINT('',(10.876793129557,2.2547656113387,10.800028244856));
#6884=CARTESIAN_POINT('',(10.857166976947,2.2743917639487,10.800028244856));
#6885=CARTESIAN_POINT('',(10.857166976947,2.3030619026537,10.800028244856));
#6886=(BOUNDED_CURVE()B_SPLINE_CURVE(3,(#6882,#6883,#6884,#6885),.UNSPECIFIED.,.F.,.U.)B_SPLINE_CURVE_WITH_KNOTS((4,4),(5.531305892885,7.035064721475),.UNSPECIFIED.)CURVE()GEOMETRIC_REPRESENTATION_ITEM()RATIONAL_B_SPLINE_CURVE((1.,0.820270997176,0.820270997176,1.))REPRESENTATION_ITEM(''));
#6887=EDGE_CURVE('',#6875,#6822,#6886,.T.);
#6888=ORIENTED_EDGE('',*,*,#6887,.T.);
#6889=EDGE_LOOP('',(#6830,#6839,#6847,#6856,#6864,#6873,#6881,#6888));
#6890=FACE_OUTER_BOUND('',#6889,.T.);
#6891=ADVANCED_FACE('',(#6890),#6820,.T.);
#6892=CARTESIAN_POINT('',(10.749987299975,2.1475859343667,20.200028244856));
#6893=DIRECTION('',(-1.9737298215558E-16,0.,-1.));
#6894=DIRECTION('',(-1.,0.,1.9737298215558E-16));
#6895=AXIS2_PLACEMENT_3D('',#6892,#6894,#6893);
#6896=PLANE('',#6895);
#6897=ORIENTED_EDGE('',*,*,#2297,.F.);
#6898=CARTESIAN_POINT('',(10.749987299975,2.7975859343667,11.200028244856));
#6899=VERTEX_POINT('',#6898);
#6900=CARTESIAN_POINT('',(10.749987299975,2.7975859343667,14.300028244856));
#6901=DIRECTION('',(0.,0.,-1.));
#6902=VECTOR('',#6901,3.1);
#6903=LINE('',#6900,#6902);
#6904=EDGE_CURVE('',#2283,#6899,#6903,.T.);
#6905=ORIENTED_EDGE('',*,*,#6904,.T.);
#6906=CARTESIAN_POINT('',(10.749987299975,2.1975859343667,11.200028244856));
#6907=VERTEX_POINT('',#6906);
#6908=CARTESIAN_POINT('',(10.749987299975,2.7975859343667,11.200028244856));
#6909=DIRECTION('',(0.,-1.,0.));
#6910=VECTOR('',#6909,0.6);
#6911=LINE('',#6908,#6910);
#6912=EDGE_CURVE('',#6899,#6907,#6911,.T.);
#6913=ORIENTED_EDGE('',*,*,#6912,.T.);
#6914=CARTESIAN_POINT('',(10.749987299975,2.1975859343667,11.200028244856));
#6915=DIRECTION('',(0.,0.,1.));
#6916=VECTOR('',#6915,3.1);
#6917=LINE('',#6914,#6916);
#6918=EDGE_CURVE('',#6907,#2292,#6917,.T.);
#6919=ORIENTED_EDGE('',*,*,#6918,.T.);
#6920=EDGE_LOOP('',(#6897,#6905,#6913,#6919));
#6921=FACE_OUTER_BOUND('',#6920,.T.);
#6922=ADVANCED_FACE('',(#6921),#6896,.T.);
#6923=CARTESIAN_POINT('',(10.749987299975,2.8475859343667,20.200028244856));
#6924=DIRECTION('',(1.,0.,0.));
#6925=DIRECTION('',(-0.,1.,0.));
#6926=AXIS2_PLACEMENT_3D('',#6923,#6925,#6924);
#6927=PLANE('',#6926);
#6928=ORIENTED_EDGE('',*,*,#2280,.F.);
#6929=CARTESIAN_POINT('',(11.399987299975,2.8475859343667,11.200028244856));
#6930=VERTEX_POINT('',#6929);
#6931=CARTESIAN_POINT('',(11.399987299975,2.8475859343667,14.300028244856));
#6932=DIRECTION('',(0.,0.,-1.));
#6933=VECTOR('',#6932,3.1);
#6934=LINE('',#6931,#6933);
#6935=EDGE_CURVE('',#2273,#6930,#6934,.T.);
#6936=ORIENTED_EDGE('',*,*,#6935,.T.);
#6937=CARTESIAN_POINT('',(10.799987299975,2.8475859343667,11.200028244856));
#6938=VERTEX_POINT('',#6937);
#6939=CARTESIAN_POINT('',(11.399987299975,2.8475859343667,11.200028244856));
#6940=DIRECTION('',(-1.,0.,0.));
#6941=VECTOR('',#6940,0.6);
#6942=LINE('',#6939,#6941);
#6943=EDGE_CURVE('',#6930,#6938,#6942,.T.);
#6944=ORIENTED_EDGE('',*,*,#6943,.T.);
#6945=CARTESIAN_POINT('',(10.799987299975,2.8475859343667,11.200028244856));
#6946=DIRECTION('',(0.,0.,1.));
#6947=VECTOR('',#6946,3.1);
#6948=LINE('',#6945,#6947);
#6949=EDGE_CURVE('',#6938,#2275,#6948,.T.);
#6950=ORIENTED_EDGE('',*,*,#6949,.T.);
#6951=EDGE_LOOP('',(#6928,#6936,#6944,#6950));
#6952=FACE_OUTER_BOUND('',#6951,.T.);
#6953=ADVANCED_FACE('',(#6952),#6927,.T.);
#6954=CARTESIAN_POINT('',(11.449987299975,2.1475859343667,20.200028244856));
#6955=DIRECTION('',(1.9737298215558E-16,0.,1.));
#6956=DIRECTION('',(1.,0.,-1.9737298215558E-16));
#6957=AXIS2_PLACEMENT_3D('',#6954,#6956,#6955);
#6958=PLANE('',#6957);
#6959=ORIENTED_EDGE('',*,*,#2331,.F.);
#6960=CARTESIAN_POINT('',(11.449987299975,2.1975859343667,11.200028244856));
#6961=VERTEX_POINT('',#6960);
#6962=CARTESIAN_POINT('',(11.449987299975,2.1975859343667,14.300028244856));
#6963=DIRECTION('',(0.,0.,-1.));
#6964=VECTOR('',#6963,3.1);
#6965=LINE('',#6962,#6964);
#6966=EDGE_CURVE('',#2317,#6961,#6965,.T.);
#6967=ORIENTED_EDGE('',*,*,#6966,.T.);
#6968=CARTESIAN_POINT('',(11.449987299975,2.7975859343667,11.200028244856));
#6969=VERTEX_POINT('',#6968);
#6970=CARTESIAN_POINT('',(11.449987299975,2.1975859343667,11.200028244856));
#6971=DIRECTION('',(0.,1.,0.));
#6972=VECTOR('',#6971,0.6);
#6973=LINE('',#6970,#6972);
#6974=EDGE_CURVE('',#6961,#6969,#6973,.T.);
#6975=ORIENTED_EDGE('',*,*,#6974,.T.);
#6976=CARTESIAN_POINT('',(11.449987299975,2.7975859343667,11.200028244856));
#6977=DIRECTION('',(0.,0.,1.));
#6978=VECTOR('',#6977,3.1);
#6979=LINE('',#6976,#6978);
#6980=EDGE_CURVE('',#6969,#2326,#6979,.T.);
#6981=ORIENTED_EDGE('',*,*,#6980,.T.);
#6982=EDGE_LOOP('',(#6959,#6967,#6975,#6981));
#6983=FACE_OUTER_BOUND('',#6982,.T.);
#6984=ADVANCED_FACE('',(#6983),#6958,.T.);
#6985=CARTESIAN_POINT('',(10.749987299975,2.1475859343667,20.200028244856));
#6986=DIRECTION('',(-1.,0.,0.));
#6987=DIRECTION('',(-0.,-1.,-0.));
#6988=AXIS2_PLACEMENT_3D('',#6985,#6987,#6986);
#6989=PLANE('',#6988);
#6990=CARTESIAN_POINT('',(10.799987299975,2.1475859343667,11.200028244856));
#6991=VERTEX_POINT('',#6990);
#6992=CARTESIAN_POINT('',(11.399987299975,2.1475859343667,11.200028244856));
#6993=VERTEX_POINT('',#6992);
#6994=CARTESIAN_POINT('',(10.799987299975,2.1475859343667,11.200028244856));
#6995=DIRECTION('',(1.,0.,0.));
#6996=VECTOR('',#6995,0.6);
#6997=LINE('',#6994,#6996);
#6998=EDGE_CURVE('',#6991,#6993,#6997,.T.);
#6999=ORIENTED_EDGE('',*,*,#6998,.T.);
#7000=CARTESIAN_POINT('',(11.399987299975,2.1475859343667,11.200028244856));
#7001=DIRECTION('',(0.,0.,1.));
#7002=VECTOR('',#7001,3.1);
#7003=LINE('',#7000,#7002);
#7004=EDGE_CURVE('',#6993,#2309,#7003,.T.);
#7005=ORIENTED_EDGE('',*,*,#7004,.T.);
#7006=ORIENTED_EDGE('',*,*,#2314,.F.);
#7007=CARTESIAN_POINT('',(10.799987299975,2.1475859343667,14.300028244856));
#7008=DIRECTION('',(0.,0.,-1.));
#7009=VECTOR('',#7008,3.1);
#7010=LINE('',#7007,#7009);
#7011=EDGE_CURVE('',#2300,#6991,#7010,.T.);
#7012=ORIENTED_EDGE('',*,*,#7011,.T.);
#7013=EDGE_LOOP('',(#6999,#7005,#7006,#7012));
#7014=FACE_OUTER_BOUND('',#7013,.T.);
#7015=ADVANCED_FACE('',(#7014),#6989,.T.);
#7016=CARTESIAN_POINT('',(10.749987299975,2.1475859343667,20.200028244856));
#7017=DIRECTION('',(-1.,0.,0.));
#7018=DIRECTION('',(-0.,-1.,-0.));
#7019=AXIS2_PLACEMENT_3D('',#7016,#7018,#7017);
#7020=PLANE('',#7019);
#7021=CARTESIAN_POINT('',(11.399987299975,2.1475859343667,19.800028244856));
#7022=VERTEX_POINT('',#7021);
#7023=CARTESIAN_POINT('',(10.799987299975,2.1475859343667,19.800028244856));
#7024=VERTEX_POINT('',#7023);
#7025=CARTESIAN_POINT('',(11.399987299975,2.1475859343667,19.800028244856));
#7026=DIRECTION('',(-1.,0.,0.));
#7027=VECTOR('',#7026,0.6);
#7028=LINE('',#7025,#7027);
#7029=EDGE_CURVE('',#7022,#7024,#7028,.T.);
#7030=ORIENTED_EDGE('',*,*,#7029,.T.);
#7031=CARTESIAN_POINT('',(10.799987299975,2.1475859343667,19.800028244856));
#7032=DIRECTION('',(0.,0.,-1.));
#7033=VECTOR('',#7032,4.);
#7034=LINE('',#7031,#7033);
#7035=EDGE_CURVE('',#7024,#2165,#7034,.T.);
#7036=ORIENTED_EDGE('',*,*,#7035,.T.);
#7037=ORIENTED_EDGE('',*,*,#2170,.F.);
#7038=CARTESIAN_POINT('',(11.399987299975,2.1475859343667,15.800028244856));
#7039=DIRECTION('',(0.,0.,1.));
#7040=VECTOR('',#7039,4.);
#7041=LINE('',#7038,#7040);
#7042=EDGE_CURVE('',#2163,#7022,#7041,.T.);
#7043=ORIENTED_EDGE('',*,*,#7042,.T.);
#7044=EDGE_LOOP('',(#7030,#7036,#7037,#7043));
#7045=FACE_OUTER_BOUND('',#7044,.T.);
#7046=ADVANCED_FACE('',(#7045),#7020,.T.);
#7047=CARTESIAN_POINT('',(11.449987299975,2.1475859343667,20.200028244856));
#7048=DIRECTION('',(4.0371746350006E-16,0.,1.));
#7049=DIRECTION('',(1.,0.,-4.0371746350006E-16));
#7050=AXIS2_PLACEMENT_3D('',#7047,#7049,#7048);
#7051=PLANE('',#7050);
#7052=CARTESIAN_POINT('',(11.449987299975,2.7975859343667,19.800028244856));
#7053=VERTEX_POINT('',#7052);
#7054=CARTESIAN_POINT('',(11.449987299975,2.1975859343667,19.800028244856));
#7055=VERTEX_POINT('',#7054);
#7056=CARTESIAN_POINT('',(11.449987299975,2.7975859343667,19.800028244856));
#7057=DIRECTION('',(0.,-1.,0.));
#7058=VECTOR('',#7057,0.6);
#7059=LINE('',#7056,#7058);
#7060=EDGE_CURVE('',#7053,#7055,#7059,.T.);
#7061=ORIENTED_EDGE('',*,*,#7060,.T.);
#7062=CARTESIAN_POINT('',(11.449987299975,2.1975859343667,19.800028244856));
#7063=DIRECTION('',(0.,0.,-1.));
#7064=VECTOR('',#7063,4.);
#7065=LINE('',#7062,#7064);
#7066=EDGE_CURVE('',#7055,#2216,#7065,.T.);
#7067=ORIENTED_EDGE('',*,*,#7066,.T.);
#7068=ORIENTED_EDGE('',*,*,#2221,.F.);
#7069=CARTESIAN_POINT('',(11.449987299975,2.7975859343667,15.800028244856));
#7070=DIRECTION('',(0.,0.,1.));
#7071=VECTOR('',#7070,4.);
#7072=LINE('',#7069,#7071);
#7073=EDGE_CURVE('',#2207,#7053,#7072,.T.);
#7074=ORIENTED_EDGE('',*,*,#7073,.T.);
#7075=EDGE_LOOP('',(#7061,#7067,#7068,#7074));
#7076=FACE_OUTER_BOUND('',#7075,.T.);
#7077=ADVANCED_FACE('',(#7076),#7051,.T.);
#7078=CARTESIAN_POINT('',(10.749987299975,2.8475859343667,20.200028244856));
#7079=DIRECTION('',(1.,0.,0.));
#7080=DIRECTION('',(-0.,1.,0.));
#7081=AXIS2_PLACEMENT_3D('',#7078,#7080,#7079);
#7082=PLANE('',#7081);
#7083=CARTESIAN_POINT('',(10.799987299975,2.8475859343667,19.800028244856));
#7084=VERTEX_POINT('',#7083);
#7085=CARTESIAN_POINT('',(11.399987299975,2.8475859343667,19.800028244856));
#7086=VERTEX_POINT('',#7085);
#7087=CARTESIAN_POINT('',(10.799987299975,2.8475859343667,19.800028244856));
#7088=DIRECTION('',(1.,0.,0.));
#7089=VECTOR('',#7088,0.6);
#7090=LINE('',#7087,#7089);
#7091=EDGE_CURVE('',#7084,#7086,#7090,.T.);
#7092=ORIENTED_EDGE('',*,*,#7091,.T.);
#7093=CARTESIAN_POINT('',(11.399987299975,2.8475859343667,19.800028244856));
#7094=DIRECTION('',(0.,0.,-1.));
#7095=VECTOR('',#7094,4.);
#7096=LINE('',#7093,#7095);
#7097=EDGE_CURVE('',#7086,#2199,#7096,.T.);
#7098=ORIENTED_EDGE('',*,*,#7097,.T.);
#7099=ORIENTED_EDGE('',*,*,#2204,.F.);
#7100=CARTESIAN_POINT('',(10.799987299975,2.8475859343667,15.800028244856));
#7101=DIRECTION('',(0.,0.,1.));
#7102=VECTOR('',#7101,4.);
#7103=LINE('',#7100,#7102);
#7104=EDGE_CURVE('',#2190,#7084,#7103,.T.);
#7105=ORIENTED_EDGE('',*,*,#7104,.T.);
#7106=EDGE_LOOP('',(#7092,#7098,#7099,#7105));
#7107=FACE_OUTER_BOUND('',#7106,.T.);
#7108=ADVANCED_FACE('',(#7107),#7082,.T.);
#7109=CARTESIAN_POINT('',(10.749987299975,2.1475859343667,20.200028244856));
#7110=DIRECTION('',(0.,0.,-1.));
#7111=DIRECTION('',(-1.,-0.,-0.));
#7112=AXIS2_PLACEMENT_3D('',#7109,#7111,#7110);
#7113=PLANE('',#7112);
#7114=ORIENTED_EDGE('',*,*,#2187,.F.);
#7115=CARTESIAN_POINT('',(10.749987299975,2.1975859343667,19.800028244856));
#7116=VERTEX_POINT('',#7115);
#7117=CARTESIAN_POINT('',(10.749987299975,2.1975859343667,15.800028244856));
#7118=DIRECTION('',(0.,0.,1.));
#7119=VECTOR('',#7118,4.);
#7120=LINE('',#7117,#7119);
#7121=EDGE_CURVE('',#2173,#7116,#7120,.T.);
#7122=ORIENTED_EDGE('',*,*,#7121,.T.);
#7123=CARTESIAN_POINT('',(10.749987299975,2.7975859343667,19.800028244856));
#7124=VERTEX_POINT('',#7123);
#7125=CARTESIAN_POINT('',(10.749987299975,2.1975859343667,19.800028244856));
#7126=DIRECTION('',(0.,1.,0.));
#7127=VECTOR('',#7126,0.6);
#7128=LINE('',#7125,#7127);
#7129=EDGE_CURVE('',#7116,#7124,#7128,.T.);
#7130=ORIENTED_EDGE('',*,*,#7129,.T.);
#7131=CARTESIAN_POINT('',(10.749987299975,2.7975859343667,19.800028244856));
#7132=DIRECTION('',(0.,0.,-1.));
#7133=VECTOR('',#7132,4.);
#7134=LINE('',#7131,#7133);
#7135=EDGE_CURVE('',#7124,#2182,#7134,.T.);
#7136=ORIENTED_EDGE('',*,*,#7135,.T.);
#7137=EDGE_LOOP('',(#7114,#7122,#7130,#7136));
#7138=FACE_OUTER_BOUND('',#7137,.T.);
#7139=ADVANCED_FACE('',(#7138),#7113,.T.);
#7140=CARTESIAN_POINT('',(11.099987299975,2.4975859343667,20.200028244856));
#7141=DIRECTION('',(0.,1.,0.));
#7142=DIRECTION('',(0.,-0.,1.));
#7143=AXIS2_PLACEMENT_3D('',#7140,#7142,#7141);
#7144=PLANE('',#7143);
#7145=CARTESIAN_POINT('',(11.342807623003,2.3030619026537,20.200028244856));
#7146=VERTEX_POINT('',#7145);
#7147=CARTESIAN_POINT('',(11.342807623003,2.6921099660797,20.200028244856));
#7148=VERTEX_POINT('',#7147);
#7149=CARTESIAN_POINT('',(11.342807623003,2.3030619026537,20.200028244856));
#7150=DIRECTION('',(0.,1.,0.));
#7151=VECTOR('',#7150,0.389048063426);
#7152=LINE('',#7149,#7151);
#7153=EDGE_CURVE('',#7146,#7148,#7152,.T.);
#7154=ORIENTED_EDGE('',*,*,#7153,.T.);
#7155=CARTESIAN_POINT('',(11.294511331688,2.7404062573947,20.200028244856));
#7156=VERTEX_POINT('',#7155);
#7157=CARTESIAN_POINT('',(11.342807623003,2.6921099660797,20.200028244856));
#7158=CARTESIAN_POINT('',(11.342807623003,2.7207801047847,20.200028244856));
#7159=CARTESIAN_POINT('',(11.323181470393,2.7404062573947,20.200028244856));
#7160=CARTESIAN_POINT('',(11.294511331688,2.7404062573947,20.200028244856));
#7161=(BOUNDED_CURVE()B_SPLINE_CURVE(3,(#7157,#7158,#7159,#7160),.UNSPECIFIED.,.F.,.U.)B_SPLINE_CURVE_WITH_KNOTS((4,4),(2.389713239295,3.893472067885),.UNSPECIFIED.)CURVE()GEOMETRIC_REPRESENTATION_ITEM()RATIONAL_B_SPLINE_CURVE((1.,0.820270997176,0.820270997176,1.))REPRESENTATION_ITEM(''));
#7162=EDGE_CURVE('',#7148,#7156,#7161,.T.);
#7163=ORIENTED_EDGE('',*,*,#7162,.T.);
#7164=CARTESIAN_POINT('',(10.905463268262,2.7404062573947,20.200028244856));
#7165=VERTEX_POINT('',#7164);
#7166=CARTESIAN_POINT('',(11.294511331688,2.7404062573947,20.200028244856));
#7167=DIRECTION('',(-1.,0.,0.));
#7168=VECTOR('',#7167,0.389048063426);
#7169=LINE('',#7166,#7168);
#7170=EDGE_CURVE('',#7156,#7165,#7169,.T.);
#7171=ORIENTED_EDGE('',*,*,#7170,.T.);
#7172=CARTESIAN_POINT('',(10.857166976947,2.6921099660797,20.200028244856));
#7173=VERTEX_POINT('',#7172);
#7174=CARTESIAN_POINT('',(10.905463268262,2.7404062573947,20.200028244856));
#7175=CARTESIAN_POINT('',(10.876793129557,2.7404062573947,20.200028244856));
#7176=CARTESIAN_POINT('',(10.857166976947,2.7207801047847,20.200028244856));
#7177=CARTESIAN_POINT('',(10.857166976947,2.6921099660797,20.200028244856));
#7178=(BOUNDED_CURVE()B_SPLINE_CURVE(3,(#7174,#7175,#7176,#7177),.UNSPECIFIED.,.F.,.U.)B_SPLINE_CURVE_WITH_KNOTS((4,4),(2.389713239295,3.893472067885),.UNSPECIFIED.)CURVE()GEOMETRIC_REPRESENTATION_ITEM()RATIONAL_B_SPLINE_CURVE((1.,0.820270997176,0.820270997176,1.))REPRESENTATION_ITEM(''));
#7179=EDGE_CURVE('',#7165,#7173,#7178,.T.);
#7180=ORIENTED_EDGE('',*,*,#7179,.T.);
#7181=CARTESIAN_POINT('',(10.857166976947,2.3030619026537,20.200028244856));
#7182=VERTEX_POINT('',#7181);
#7183=CARTESIAN_POINT('',(10.857166976947,2.6921099660797,20.200028244856));
#7184=DIRECTION('',(0.,-1.,0.));
#7185=VECTOR('',#7184,0.389048063426);
#7186=LINE('',#7183,#7185);
#7187=EDGE_CURVE('',#7173,#7182,#7186,.T.);
#7188=ORIENTED_EDGE('',*,*,#7187,.T.);
#7189=CARTESIAN_POINT('',(10.905463268262,2.2547656113387,20.200028244856));
#7190=VERTEX_POINT('',#7189);
#7191=CARTESIAN_POINT('',(10.857166976947,2.3030619026537,20.200028244856));
#7192=CARTESIAN_POINT('',(10.857166976947,2.2743917639487,20.200028244856));
#7193=CARTESIAN_POINT('',(10.876793129557,2.2547656113387,20.200028244856));
#7194=CARTESIAN_POINT('',(10.905463268262,2.2547656113387,20.200028244856));
#7195=(BOUNDED_CURVE()B_SPLINE_CURVE(3,(#7191,#7192,#7193,#7194),.UNSPECIFIED.,.F.,.U.)B_SPLINE_CURVE_WITH_KNOTS((4,4),(5.531305892885,7.035064721475),.UNSPECIFIED.)CURVE()GEOMETRIC_REPRESENTATION_ITEM()RATIONAL_B_SPLINE_CURVE((1.,0.820270997176,0.820270997176,1.))REPRESENTATION_ITEM(''));
#7196=EDGE_CURVE('',#7182,#7190,#7195,.T.);
#7197=ORIENTED_EDGE('',*,*,#7196,.T.);
#7198=CARTESIAN_POINT('',(11.294511331688,2.2547656113387,20.200028244856));
#7199=VERTEX_POINT('',#7198);
#7200=CARTESIAN_POINT('',(10.905463268262,2.2547656113387,20.200028244856));
#7201=DIRECTION('',(1.,0.,0.));
#7202=VECTOR('',#7201,0.389048063426);
#7203=LINE('',#7200,#7202);
#7204=EDGE_CURVE('',#7190,#7199,#7203,.T.);
#7205=ORIENTED_EDGE('',*,*,#7204,.T.);
#7206=CARTESIAN_POINT('',(11.294511331688,2.2547656113387,20.200028244856));
#7207=CARTESIAN_POINT('',(11.323181470393,2.2547656113387,20.200028244856));
#7208=CARTESIAN_POINT('',(11.342807623003,2.2743917639487,20.200028244856));
#7209=CARTESIAN_POINT('',(11.342807623003,2.3030619026537,20.200028244856));
#7210=(BOUNDED_CURVE()B_SPLINE_CURVE(3,(#7206,#7207,#7208,#7209),.UNSPECIFIED.,.F.,.U.)B_SPLINE_CURVE_WITH_KNOTS((4,4),(5.531305892885,7.035064721475),.UNSPECIFIED.)CURVE()GEOMETRIC_REPRESENTATION_ITEM()RATIONAL_B_SPLINE_CURVE((1.,0.820270997176,0.820270997176,1.))REPRESENTATION_ITEM(''));
#7211=EDGE_CURVE('',#7199,#7146,#7210,.T.);
#7212=ORIENTED_EDGE('',*,*,#7211,.T.);
#7213=EDGE_LOOP('',(#7154,#7163,#7171,#7180,#7188,#7197,#7205,#7212));
#7214=FACE_OUTER_BOUND('',#7213,.T.);
#7215=ADVANCED_FACE('',(#7214),#7144,.T.);
#7216=CARTESIAN_POINT('',(10.857166976947,-0.0024140656332712,20.200028244856));
#7217=DIRECTION('',(0.,1.,0.));
#7218=DIRECTION('',(-0.96592582628894,0.,0.25881904510298));
#7219=AXIS2_PLACEMENT_3D('',#7216,#7218,#7217);
#7220=PLANE('',#7219);
#7221=CARTESIAN_POINT('',(10.749987299975,-0.30241406563327,19.800028244856));
#7222=DIRECTION('',(0.25081124205277,0.2468243920878,0.93604029845431));
#7223=VECTOR('',#7222,0.4273320290382);
#7224=LINE('',#7221,#7223);
#7225=EDGE_CURVE('',#6716,#6782,#7224,.T.);
#7226=ORIENTED_EDGE('',*,*,#7225,.T.);
#7227=ORIENTED_EDGE('',*,*,#6787,.F.);
#7228=CARTESIAN_POINT('',(10.857166976947,0.19210996607973,20.200028244856));
#7229=DIRECTION('',(-0.25081124205277,0.2468243920878,-0.93604029845431));
#7230=VECTOR('',#7229,0.4273320290382);
#7231=LINE('',#7228,#7230);
#7232=EDGE_CURVE('',#6773,#6724,#7231,.T.);
#7233=ORIENTED_EDGE('',*,*,#7232,.T.);
#7234=ORIENTED_EDGE('',*,*,#6729,.F.);
#7235=EDGE_LOOP('',(#7226,#7227,#7233,#7234));
#7236=FACE_OUTER_BOUND('',#7235,.T.);
#7237=ADVANCED_FACE('',(#7236),#7220,.T.);
#7238=CARTESIAN_POINT('',(11.099987299975,-0.24523438866127,20.200028244856));
#7239=DIRECTION('',(-1.,0.,0.));
#7240=DIRECTION('',(0.,-0.96592582628894,0.25881904510298));
#7241=AXIS2_PLACEMENT_3D('',#7238,#7240,#7239);
#7242=PLANE('',#7241);
#7243=ORIENTED_EDGE('',*,*,#6804,.F.);
#7244=CARTESIAN_POINT('',(10.905463268262,-0.24523438866127,20.200028244856));
#7245=DIRECTION('',(-0.24682439208781,-0.25081124205277,-0.93604029845431));
#7246=VECTOR('',#7245,0.4273320290382);
#7247=LINE('',#7244,#7246);
#7248=EDGE_CURVE('',#6790,#6624,#7247,.T.);
#7249=ORIENTED_EDGE('',*,*,#7248,.T.);
#7250=ORIENTED_EDGE('',*,*,#6629,.F.);
#7251=CARTESIAN_POINT('',(11.399987299975,-0.35241406563327,19.800028244856));
#7252=DIRECTION('',(-0.24682439208781,0.25081124205277,0.93604029845431));
#7253=VECTOR('',#7252,0.4273320290382);
#7254=LINE('',#7251,#7253);
#7255=EDGE_CURVE('',#6622,#6799,#7254,.T.);
#7256=ORIENTED_EDGE('',*,*,#7255,.T.);
#7257=EDGE_LOOP('',(#7243,#7249,#7250,#7256));
#7258=FACE_OUTER_BOUND('',#7257,.T.);
#7259=ADVANCED_FACE('',(#7258),#7242,.T.);
#7260=CARTESIAN_POINT('',(11.099987299975,0.24040625739473,20.200028244856));
#7261=DIRECTION('',(1.,0.,0.));
#7262=DIRECTION('',(-0.,0.96592582628894,0.25881904510298));
#7263=AXIS2_PLACEMENT_3D('',#7260,#7262,#7261);
#7264=PLANE('',#7263);
#7265=ORIENTED_EDGE('',*,*,#6770,.F.);
#7266=CARTESIAN_POINT('',(11.294511331688,0.24040625739473,20.200028244856));
#7267=DIRECTION('',(0.24682439208781,0.25081124205277,-0.93604029845431));
#7268=VECTOR('',#7267,0.4273320290382);
#7269=LINE('',#7266,#7268);
#7270=EDGE_CURVE('',#6756,#6686,#7269,.T.);
#7271=ORIENTED_EDGE('',*,*,#7270,.T.);
#7272=ORIENTED_EDGE('',*,*,#6691,.F.);
#7273=CARTESIAN_POINT('',(10.799987299975,0.34758593436673,19.800028244856));
#7274=DIRECTION('',(0.24682439208781,-0.25081124205277,0.93604029845431));
#7275=VECTOR('',#7274,0.4273320290382);
#7276=LINE('',#7273,#7275);
#7277=EDGE_CURVE('',#6684,#6765,#7276,.T.);
#7278=ORIENTED_EDGE('',*,*,#7277,.T.);
#7279=EDGE_LOOP('',(#7265,#7271,#7272,#7278));
#7280=FACE_OUTER_BOUND('',#7279,.T.);
#7281=ADVANCED_FACE('',(#7280),#7264,.T.);
#7282=CARTESIAN_POINT('',(11.342807623003,-0.0024140656332712,20.200028244856));
#7283=DIRECTION('',(0.,-1.,0.));
#7284=DIRECTION('',(0.96592582628894,0.,0.25881904510298));
#7285=AXIS2_PLACEMENT_3D('',#7282,#7284,#7283);
#7286=PLANE('',#7285);
#7287=ORIENTED_EDGE('',*,*,#6753,.F.);
#7288=CARTESIAN_POINT('',(11.342807623003,-0.19693809734627,20.200028244856));
#7289=DIRECTION('',(0.25081124205277,-0.2468243920878,-0.93604029845431));
#7290=VECTOR('',#7289,0.4273320290382);
#7291=LINE('',#7288,#7290);
#7292=EDGE_CURVE('',#6746,#6655,#7291,.T.);
#7293=ORIENTED_EDGE('',*,*,#7292,.T.);
#7294=ORIENTED_EDGE('',*,*,#6660,.F.);
#7295=CARTESIAN_POINT('',(11.449987299975,0.29758593436673,19.800028244856));
#7296=DIRECTION('',(-0.25081124205277,-0.2468243920878,0.93604029845431));
#7297=VECTOR('',#7296,0.4273320290382);
#7298=LINE('',#7295,#7297);
#7299=EDGE_CURVE('',#6653,#6748,#7298,.T.);
#7300=ORIENTED_EDGE('',*,*,#7299,.T.);
#7301=EDGE_LOOP('',(#7287,#7293,#7294,#7300));
#7302=FACE_OUTER_BOUND('',#7301,.T.);
#7303=ADVANCED_FACE('',(#7302),#7286,.T.);
#7304=CARTESIAN_POINT('',(11.449987299975,-0.35241406563327,11.200028244856));
#7305=DIRECTION('',(0.,1.,0.));
#7306=DIRECTION('',(0.96592582628894,0.,-0.25881904510299));
#7307=AXIS2_PLACEMENT_3D('',#7304,#7306,#7305);
#7308=PLANE('',#7307);
#7309=CARTESIAN_POINT('',(11.449987299975,-0.30241406563327,11.200028244856));
#7310=DIRECTION('',(-0.25081124205277,0.2468243920878,-0.93604029845431));
#7311=VECTOR('',#7310,0.4273320290382);
#7312=LINE('',#7309,#7311);
#7313=EDGE_CURVE('',#6561,#6458,#7312,.T.);
#7314=ORIENTED_EDGE('',*,*,#7313,.T.);
#7315=ORIENTED_EDGE('',*,*,#6463,.F.);
#7316=CARTESIAN_POINT('',(11.342807623003,0.19210996607973,10.800028244856));
#7317=DIRECTION('',(0.25081124205277,0.2468243920878,0.93604029845431));
#7318=VECTOR('',#7317,0.4273320290382);
#7319=LINE('',#7316,#7318);
#7320=EDGE_CURVE('',#6449,#6569,#7319,.T.);
#7321=ORIENTED_EDGE('',*,*,#7320,.T.);
#7322=ORIENTED_EDGE('',*,*,#6574,.F.);
#7323=EDGE_LOOP('',(#7314,#7315,#7321,#7322));
#7324=FACE_OUTER_BOUND('',#7323,.T.);
#7325=ADVANCED_FACE('',(#7324),#7308,.T.);
#7326=CARTESIAN_POINT('',(10.749987299975,0.34758593436673,11.200028244856));
#7327=DIRECTION('',(-1.,0.,0.));
#7328=DIRECTION('',(0.,0.96592582628894,-0.25881904510299));
#7329=AXIS2_PLACEMENT_3D('',#7326,#7328,#7327);
#7330=PLANE('',#7329);
#7331=CARTESIAN_POINT('',(11.399987299975,0.34758593436673,11.200028244856));
#7332=DIRECTION('',(-0.2468243920878,-0.25081124205277,-0.93604029845431));
#7333=VECTOR('',#7332,0.4273320290382);
#7334=LINE('',#7331,#7333);
#7335=EDGE_CURVE('',#6530,#6441,#7334,.T.);
#7336=ORIENTED_EDGE('',*,*,#7335,.T.);
#7337=ORIENTED_EDGE('',*,*,#6446,.F.);
#7338=CARTESIAN_POINT('',(10.905463268262,0.24040625739473,10.800028244856));
#7339=DIRECTION('',(-0.2468243920878,0.25081124205277,0.93604029845431));
#7340=VECTOR('',#7339,0.4273320290382);
#7341=LINE('',#7338,#7340);
#7342=EDGE_CURVE('',#6432,#6538,#7341,.T.);
#7343=ORIENTED_EDGE('',*,*,#7342,.T.);
#7344=ORIENTED_EDGE('',*,*,#6543,.F.);
#7345=EDGE_LOOP('',(#7336,#7337,#7343,#7344));
#7346=FACE_OUTER_BOUND('',#7345,.T.);
#7347=ADVANCED_FACE('',(#7346),#7330,.T.);
#7348=CARTESIAN_POINT('',(10.749987299975,-0.35241406563327,11.200028244856));
#7349=DIRECTION('',(1.,0.,0.));
#7350=DIRECTION('',(0.,-0.96592582628894,-0.25881904510299));
#7351=AXIS2_PLACEMENT_3D('',#7348,#7350,#7349);
#7352=PLANE('',#7351);
#7353=ORIENTED_EDGE('',*,*,#6480,.F.);
#7354=CARTESIAN_POINT('',(11.294511331688,-0.24523438866127,10.800028244856));
#7355=DIRECTION('',(0.2468243920878,-0.25081124205277,0.93604029845431));
#7356=VECTOR('',#7355,0.4273320290382);
#7357=LINE('',#7354,#7356);
#7358=EDGE_CURVE('',#6466,#6593,#7357,.T.);
#7359=ORIENTED_EDGE('',*,*,#7358,.T.);
#7360=ORIENTED_EDGE('',*,*,#6598,.F.);
#7361=CARTESIAN_POINT('',(10.799987299975,-0.35241406563327,11.200028244856));
#7362=DIRECTION('',(0.2468243920878,0.25081124205277,-0.93604029845431));
#7363=VECTOR('',#7362,0.4273320290382);
#7364=LINE('',#7361,#7363);
#7365=EDGE_CURVE('',#6591,#6475,#7364,.T.);
#7366=ORIENTED_EDGE('',*,*,#7365,.T.);
#7367=EDGE_LOOP('',(#7353,#7359,#7360,#7366));
#7368=FACE_OUTER_BOUND('',#7367,.T.);
#7369=ADVANCED_FACE('',(#7368),#7352,.T.);
#7370=CARTESIAN_POINT('',(10.749987299975,-0.35241406563327,11.200028244856));
#7371=DIRECTION('',(0.,-1.,0.));
#7372=DIRECTION('',(-0.96592582628894,-0.,-0.25881904510299));
#7373=AXIS2_PLACEMENT_3D('',#7370,#7372,#7371);
#7374=PLANE('',#7373);
#7375=CARTESIAN_POINT('',(10.749987299975,0.29758593436673,11.200028244856));
#7376=DIRECTION('',(0.25081124205277,-0.2468243920878,-0.93604029845431));
#7377=VECTOR('',#7376,0.4273320290382);
#7378=LINE('',#7375,#7377);
#7379=EDGE_CURVE('',#6499,#6424,#7378,.T.);
#7380=ORIENTED_EDGE('',*,*,#7379,.T.);
#7381=ORIENTED_EDGE('',*,*,#6429,.F.);
#7382=CARTESIAN_POINT('',(10.857166976947,-0.19693809734627,10.800028244856));
#7383=DIRECTION('',(-0.25081124205277,-0.2468243920878,0.93604029845431));
#7384=VECTOR('',#7383,0.4273320290382);
#7385=LINE('',#7382,#7384);
#7386=EDGE_CURVE('',#6422,#6507,#7385,.T.);
#7387=ORIENTED_EDGE('',*,*,#7386,.T.);
#7388=ORIENTED_EDGE('',*,*,#6512,.F.);
#7389=EDGE_LOOP('',(#7380,#7381,#7387,#7388));
#7390=FACE_OUTER_BOUND('',#7389,.T.);
#7391=ADVANCED_FACE('',(#7390),#7374,.T.);
#7392=CARTESIAN_POINT('',(10.857166976947,2.4975859343667,20.200028244856));
#7393=DIRECTION('',(0.,1.,0.));
#7394=DIRECTION('',(-0.96592582628894,0.,0.25881904510298));
#7395=AXIS2_PLACEMENT_3D('',#7392,#7394,#7393);
#7396=PLANE('',#7395);
#7397=CARTESIAN_POINT('',(10.749987299975,2.1975859343667,19.800028244856));
#7398=DIRECTION('',(0.25081124205277,0.2468243920878,0.93604029845431));
#7399=VECTOR('',#7398,0.4273320290382);
#7400=LINE('',#7397,#7399);
#7401=EDGE_CURVE('',#7116,#7182,#7400,.T.);
#7402=ORIENTED_EDGE('',*,*,#7401,.T.);
#7403=ORIENTED_EDGE('',*,*,#7187,.F.);
#7404=CARTESIAN_POINT('',(10.857166976947,2.6921099660797,20.200028244856));
#7405=DIRECTION('',(-0.25081124205277,0.2468243920878,-0.93604029845431));
#7406=VECTOR('',#7405,0.4273320290382);
#7407=LINE('',#7404,#7406);
#7408=EDGE_CURVE('',#7173,#7124,#7407,.T.);
#7409=ORIENTED_EDGE('',*,*,#7408,.T.);
#7410=ORIENTED_EDGE('',*,*,#7129,.F.);
#7411=EDGE_LOOP('',(#7402,#7403,#7409,#7410));
#7412=FACE_OUTER_BOUND('',#7411,.T.);
#7413=ADVANCED_FACE('',(#7412),#7396,.T.);
#7414=CARTESIAN_POINT('',(11.099987299975,2.2547656113387,20.200028244856));
#7415=DIRECTION('',(-1.,0.,0.));
#7416=DIRECTION('',(0.,-0.96592582628894,0.25881904510299));
#7417=AXIS2_PLACEMENT_3D('',#7414,#7416,#7415);
#7418=PLANE('',#7417);
#7419=ORIENTED_EDGE('',*,*,#7204,.F.);
#7420=CARTESIAN_POINT('',(10.905463268262,2.2547656113387,20.200028244856));
#7421=DIRECTION('',(-0.24682439208781,-0.25081124205277,-0.93604029845431));
#7422=VECTOR('',#7421,0.4273320290382);
#7423=LINE('',#7420,#7422);
#7424=EDGE_CURVE('',#7190,#7024,#7423,.T.);
#7425=ORIENTED_EDGE('',*,*,#7424,.T.);
#7426=ORIENTED_EDGE('',*,*,#7029,.F.);
#7427=CARTESIAN_POINT('',(11.399987299975,2.1475859343667,19.800028244856));
#7428=DIRECTION('',(-0.24682439208781,0.25081124205277,0.93604029845431));
#7429=VECTOR('',#7428,0.4273320290382);
#7430=LINE('',#7427,#7429);
#7431=EDGE_CURVE('',#7022,#7199,#7430,.T.);
#7432=ORIENTED_EDGE('',*,*,#7431,.T.);
#7433=EDGE_LOOP('',(#7419,#7425,#7426,#7432));
#7434=FACE_OUTER_BOUND('',#7433,.T.);
#7435=ADVANCED_FACE('',(#7434),#7418,.T.);
#7436=CARTESIAN_POINT('',(11.099987299975,2.7404062573947,20.200028244856));
#7437=DIRECTION('',(1.,0.,0.));
#7438=DIRECTION('',(-0.,0.96592582628894,0.25881904510299));
#7439=AXIS2_PLACEMENT_3D('',#7436,#7438,#7437);
#7440=PLANE('',#7439);
#7441=ORIENTED_EDGE('',*,*,#7170,.F.);
#7442=CARTESIAN_POINT('',(11.294511331688,2.7404062573947,20.200028244856));
#7443=DIRECTION('',(0.24682439208781,0.25081124205277,-0.93604029845431));
#7444=VECTOR('',#7443,0.4273320290382);
#7445=LINE('',#7442,#7444);
#7446=EDGE_CURVE('',#7156,#7086,#7445,.T.);
#7447=ORIENTED_EDGE('',*,*,#7446,.T.);
#7448=ORIENTED_EDGE('',*,*,#7091,.F.);
#7449=CARTESIAN_POINT('',(10.799987299975,2.8475859343667,19.800028244856));
#7450=DIRECTION('',(0.24682439208781,-0.25081124205277,0.93604029845431));
#7451=VECTOR('',#7450,0.4273320290382);
#7452=LINE('',#7449,#7451);
#7453=EDGE_CURVE('',#7084,#7165,#7452,.T.);
#7454=ORIENTED_EDGE('',*,*,#7453,.T.);
#7455=EDGE_LOOP('',(#7441,#7447,#7448,#7454));
#7456=FACE_OUTER_BOUND('',#7455,.T.);
#7457=ADVANCED_FACE('',(#7456),#7440,.T.);
#7458=CARTESIAN_POINT('',(11.342807623003,2.4975859343667,20.200028244856));
#7459=DIRECTION('',(0.,-1.,0.));
#7460=DIRECTION('',(0.96592582628894,0.,0.25881904510298));
#7461=AXIS2_PLACEMENT_3D('',#7458,#7460,#7459);
#7462=PLANE('',#7461);
#7463=ORIENTED_EDGE('',*,*,#7153,.F.);
#7464=CARTESIAN_POINT('',(11.342807623003,2.3030619026537,20.200028244856));
#7465=DIRECTION('',(0.25081124205277,-0.2468243920878,-0.93604029845431));
#7466=VECTOR('',#7465,0.4273320290382);
#7467=LINE('',#7464,#7466);
#7468=EDGE_CURVE('',#7146,#7055,#7467,.T.);
#7469=ORIENTED_EDGE('',*,*,#7468,.T.);
#7470=ORIENTED_EDGE('',*,*,#7060,.F.);
#7471=CARTESIAN_POINT('',(11.449987299975,2.7975859343667,19.800028244856));
#7472=DIRECTION('',(-0.25081124205277,-0.2468243920878,0.93604029845431));
#7473=VECTOR('',#7472,0.4273320290382);
#7474=LINE('',#7471,#7473);
#7475=EDGE_CURVE('',#7053,#7148,#7474,.T.);
#7476=ORIENTED_EDGE('',*,*,#7475,.T.);
#7477=EDGE_LOOP('',(#7463,#7469,#7470,#7476));
#7478=FACE_OUTER_BOUND('',#7477,.T.);
#7479=ADVANCED_FACE('',(#7478),#7462,.T.);
#7480=CARTESIAN_POINT('',(11.449987299975,2.1475859343667,11.200028244856));
#7481=DIRECTION('',(0.,1.,0.));
#7482=DIRECTION('',(0.96592582628894,0.,-0.25881904510299));
#7483=AXIS2_PLACEMENT_3D('',#7480,#7482,#7481);
#7484=PLANE('',#7483);
#7485=CARTESIAN_POINT('',(11.449987299975,2.1975859343667,11.200028244856));
#7486=DIRECTION('',(-0.25081124205277,0.2468243920878,-0.93604029845431));
#7487=VECTOR('',#7486,0.4273320290382);
#7488=LINE('',#7485,#7487);
#7489=EDGE_CURVE('',#6961,#6858,#7488,.T.);
#7490=ORIENTED_EDGE('',*,*,#7489,.T.);
#7491=ORIENTED_EDGE('',*,*,#6863,.F.);
#7492=CARTESIAN_POINT('',(11.342807623003,2.6921099660797,10.800028244856));
#7493=DIRECTION('',(0.25081124205277,0.2468243920878,0.93604029845431));
#7494=VECTOR('',#7493,0.4273320290382);
#7495=LINE('',#7492,#7494);
#7496=EDGE_CURVE('',#6849,#6969,#7495,.T.);
#7497=ORIENTED_EDGE('',*,*,#7496,.T.);
#7498=ORIENTED_EDGE('',*,*,#6974,.F.);
#7499=EDGE_LOOP('',(#7490,#7491,#7497,#7498));
#7500=FACE_OUTER_BOUND('',#7499,.T.);
#7501=ADVANCED_FACE('',(#7500),#7484,.T.);
#7502=CARTESIAN_POINT('',(10.749987299975,2.8475859343667,11.200028244856));
#7503=DIRECTION('',(-1.,-6.832141690001E-16,0.));
#7504=DIRECTION('',(-6.5993421072373E-16,0.96592582628894,-0.25881904510299));
#7505=AXIS2_PLACEMENT_3D('',#7502,#7504,#7503);
#7506=PLANE('',#7505);
#7507=CARTESIAN_POINT('',(11.399987299975,2.8475859343667,11.200028244856));
#7508=DIRECTION('',(-0.2468243920878,-0.25081124205277,-0.93604029845431));
#7509=VECTOR('',#7508,0.4273320290382);
#7510=LINE('',#7507,#7509);
#7511=EDGE_CURVE('',#6930,#6841,#7510,.T.);
#7512=ORIENTED_EDGE('',*,*,#7511,.T.);
#7513=ORIENTED_EDGE('',*,*,#6846,.F.);
#7514=CARTESIAN_POINT('',(10.905463268262,2.7404062573947,10.800028244856));
#7515=DIRECTION('',(-0.2468243920878,0.25081124205277,0.93604029845431));
#7516=VECTOR('',#7515,0.4273320290382);
#7517=LINE('',#7514,#7516);
#7518=EDGE_CURVE('',#6832,#6938,#7517,.T.);
#7519=ORIENTED_EDGE('',*,*,#7518,.T.);
#7520=ORIENTED_EDGE('',*,*,#6943,.F.);
#7521=EDGE_LOOP('',(#7512,#7513,#7519,#7520));
#7522=FACE_OUTER_BOUND('',#7521,.T.);
#7523=ADVANCED_FACE('',(#7522),#7506,.T.);
#7524=CARTESIAN_POINT('',(10.749987299975,2.1475859343667,11.200028244856));
#7525=DIRECTION('',(1.,6.832141690001E-16,0.));
#7526=DIRECTION('',(6.5993421072373E-16,-0.96592582628894,-0.25881904510299));
#7527=AXIS2_PLACEMENT_3D('',#7524,#7526,#7525);
#7528=PLANE('',#7527);
#7529=ORIENTED_EDGE('',*,*,#6880,.F.);
#7530=CARTESIAN_POINT('',(11.294511331688,2.2547656113387,10.800028244856));
#7531=DIRECTION('',(0.2468243920878,-0.25081124205277,0.93604029845431));
#7532=VECTOR('',#7531,0.4273320290382);
#7533=LINE('',#7530,#7532);
#7534=EDGE_CURVE('',#6866,#6993,#7533,.T.);
#7535=ORIENTED_EDGE('',*,*,#7534,.T.);
#7536=ORIENTED_EDGE('',*,*,#6998,.F.);
#7537=CARTESIAN_POINT('',(10.799987299975,2.1475859343667,11.200028244856));
#7538=DIRECTION('',(0.2468243920878,0.25081124205277,-0.93604029845431));
#7539=VECTOR('',#7538,0.4273320290382);
#7540=LINE('',#7537,#7539);
#7541=EDGE_CURVE('',#6991,#6875,#7540,.T.);
#7542=ORIENTED_EDGE('',*,*,#7541,.T.);
#7543=EDGE_LOOP('',(#7529,#7535,#7536,#7542));
#7544=FACE_OUTER_BOUND('',#7543,.T.);
#7545=ADVANCED_FACE('',(#7544),#7528,.T.);
#7546=CARTESIAN_POINT('',(10.749987299975,2.1475859343667,11.200028244856));
#7547=DIRECTION('',(0.,-1.,0.));
#7548=DIRECTION('',(-0.96592582628894,-0.,-0.25881904510299));
#7549=AXIS2_PLACEMENT_3D('',#7546,#7548,#7547);
#7550=PLANE('',#7549);
#7551=CARTESIAN_POINT('',(10.749987299975,2.7975859343667,11.200028244856));
#7552=DIRECTION('',(0.25081124205277,-0.2468243920878,-0.93604029845431));
#7553=VECTOR('',#7552,0.4273320290382);
#7554=LINE('',#7551,#7553);
#7555=EDGE_CURVE('',#6899,#6824,#7554,.T.);
#7556=ORIENTED_EDGE('',*,*,#7555,.T.);
#7557=ORIENTED_EDGE('',*,*,#6829,.F.);
#7558=CARTESIAN_POINT('',(10.857166976947,2.3030619026537,10.800028244856));
#7559=DIRECTION('',(-0.25081124205277,-0.2468243920878,0.93604029845431));
#7560=VECTOR('',#7559,0.4273320290382);
#7561=LINE('',#7558,#7560);
#7562=EDGE_CURVE('',#6822,#6907,#7561,.T.);
#7563=ORIENTED_EDGE('',*,*,#7562,.T.);
#7564=ORIENTED_EDGE('',*,*,#6912,.F.);
#7565=EDGE_LOOP('',(#7556,#7557,#7563,#7564));
#7566=FACE_OUTER_BOUND('',#7565,.T.);
#7567=ADVANCED_FACE('',(#7566),#7550,.T.);
#7568=CARTESIAN_POINT('',(10.799987299975,0.29758593436695,14.300028244856));
#7569=DIRECTION('',(-2.0644819187511E-10,1.,3.5527136788008E-14));
#7570=DIRECTION('',(-5.0936534839786E-14,5.023901908882E-14,-1.));
#7571=AXIS2_PLACEMENT_3D('',#7568,#7570,#7569);
#7572=CYLINDRICAL_SURFACE('',#7571,0.049999999999996);
#7573=ORIENTED_EDGE('',*,*,#6549,.F.);
#7574=CARTESIAN_POINT('',(10.798311676323,0.34755784933273,11.199923430083));
#7575=CARTESIAN_POINT('',(10.770571695449,0.34662769150173,11.196452033797));
#7576=CARTESIAN_POINT('',(10.75094554284,0.32700153889273,11.196452033797));
#7577=CARTESIAN_POINT('',(10.750015385009,0.29926155801873,11.199923430083));
#7578=(BOUNDED_CURVE()B_SPLINE_CURVE(3,(#7574,#7575,#7576,#7577),.UNSPECIFIED.,.F.,.U.)B_SPLINE_CURVE_WITH_KNOTS((4,4),(5.531305892885,7.035064721475),.UNSPECIFIED.)CURVE()GEOMETRIC_REPRESENTATION_ITEM()RATIONAL_B_SPLINE_CURVE((1.,0.820270997176,0.820270997176,1.))REPRESENTATION_ITEM(''));
#7579=EDGE_CURVE('',#6538,#6499,#7578,.T.);
#7580=ORIENTED_EDGE('',*,*,#7579,.T.);
#7581=ORIENTED_EDGE('',*,*,#6504,.F.);
#7582=ORIENTED_EDGE('',*,*,#2399,.F.);
#7583=EDGE_LOOP('',(#7573,#7580,#7581,#7582));
#7584=FACE_OUTER_BOUND('',#7583,.T.);
#7585=ADVANCED_FACE('',(#7584),#7572,.T.);
#7586=CARTESIAN_POINT('',(10.797231733674,0.30034150066728,11.216894783171));
#7587=DIRECTION('',(0.031917732855547,0.96753879307443,-0.25069890750748));
#7588=DIRECTION('',(0.25056280708597,-0.25056280708597,-0.9351131265309));
#7589=AXIS2_PLACEMENT_3D('',#7586,#7588,#7587);
#7590=CYLINDRICAL_SURFACE('',#7589,0.049999999999989);
#7591=ORIENTED_EDGE('',*,*,#7579,.F.);
#7592=ORIENTED_EDGE('',*,*,#7342,.F.);
#7593=ORIENTED_EDGE('',*,*,#6438,.F.);
#7594=ORIENTED_EDGE('',*,*,#7379,.F.);
#7595=EDGE_LOOP('',(#7591,#7592,#7593,#7594));
#7596=FACE_OUTER_BOUND('',#7595,.T.);
#7597=ADVANCED_FACE('',(#7596),#7590,.T.);
#7598=CARTESIAN_POINT('',(11.399987299975,-0.30241406563333,14.300028244856));
#7599=DIRECTION('',(2.121325337612E-10,-1.,0.));
#7600=DIRECTION('',(4.0062443132415E-15,-4.7931851604854E-15,-1.));
#7601=AXIS2_PLACEMENT_3D('',#7598,#7600,#7599);
#7602=CYLINDRICAL_SURFACE('',#7601,0.049999999999994);
#7603=ORIENTED_EDGE('',*,*,#6604,.F.);
#7604=CARTESIAN_POINT('',(11.401662923627,-0.35238598059927,11.199923430083));
#7605=CARTESIAN_POINT('',(11.429402904501,-0.35145582276827,11.196452033797));
#7606=CARTESIAN_POINT('',(11.44902905711,-0.33182967015927,11.196452033797));
#7607=CARTESIAN_POINT('',(11.449959214941,-0.30408968928527,11.199923430083));
#7608=(BOUNDED_CURVE()B_SPLINE_CURVE(3,(#7604,#7605,#7606,#7607),.UNSPECIFIED.,.F.,.U.)B_SPLINE_CURVE_WITH_KNOTS((4,4),(5.531305892885,7.035064721475),.UNSPECIFIED.)CURVE()GEOMETRIC_REPRESENTATION_ITEM()RATIONAL_B_SPLINE_CURVE((1.,0.820270997176,0.820270997176,1.))REPRESENTATION_ITEM(''));
#7609=EDGE_CURVE('',#6593,#6561,#7608,.T.);
#7610=ORIENTED_EDGE('',*,*,#7609,.T.);
#7611=ORIENTED_EDGE('',*,*,#6566,.F.);
#7612=ORIENTED_EDGE('',*,*,#2433,.F.);
#7613=EDGE_LOOP('',(#7603,#7610,#7611,#7612));
#7614=FACE_OUTER_BOUND('',#7613,.T.);
#7615=ADVANCED_FACE('',(#7614),#7602,.T.);
#7616=CARTESIAN_POINT('',(11.294511331688,-0.19693809734654,10.812969197111));
#7617=DIRECTION('',(0.96788170385326,0.044308051759776,-0.2474708142294));
#7618=DIRECTION('',(0.25056280708598,-0.25056280708598,0.9351131265309));
#7619=AXIS2_PLACEMENT_3D('',#7616,#7618,#7617);
#7620=CYLINDRICAL_SURFACE('',#7619,0.050000000000009);
#7621=ORIENTED_EDGE('',*,*,#6472,.F.);
#7622=ORIENTED_EDGE('',*,*,#7313,.F.);
#7623=ORIENTED_EDGE('',*,*,#7609,.F.);
#7624=ORIENTED_EDGE('',*,*,#7358,.F.);
#7625=EDGE_LOOP('',(#7621,#7622,#7623,#7624));
#7626=FACE_OUTER_BOUND('',#7625,.T.);
#7627=ADVANCED_FACE('',(#7626),#7620,.T.);
#7628=CARTESIAN_POINT('',(11.399987299975,0.2975859343668,14.300028244856));
#7629=DIRECTION('',(1.,2.0970780667536E-10,0.));
#7630=DIRECTION('',(8.0124886264832E-15,8.4953841463828E-15,-1.));
#7631=AXIS2_PLACEMENT_3D('',#7628,#7630,#7629);
#7632=CYLINDRICAL_SURFACE('',#7631,0.050000000000009);
#7633=ORIENTED_EDGE('',*,*,#6580,.F.);
#7634=CARTESIAN_POINT('',(11.449959214941,0.29926155801873,11.199923430083));
#7635=CARTESIAN_POINT('',(11.44902905711,0.32700153889273,11.196452033797));
#7636=CARTESIAN_POINT('',(11.429402904501,0.34662769150173,11.196452033797));
#7637=CARTESIAN_POINT('',(11.401662923627,0.34755784933273,11.199923430083));
#7638=(BOUNDED_CURVE()B_SPLINE_CURVE(3,(#7634,#7635,#7636,#7637),.UNSPECIFIED.,.F.,.U.)B_SPLINE_CURVE_WITH_KNOTS((4,4),(5.531305892885,7.035064721475),.UNSPECIFIED.)CURVE()GEOMETRIC_REPRESENTATION_ITEM()RATIONAL_B_SPLINE_CURVE((1.,0.820270997176,0.820270997176,1.))REPRESENTATION_ITEM(''));
#7639=EDGE_CURVE('',#6569,#6530,#7638,.T.);
#7640=ORIENTED_EDGE('',*,*,#7639,.T.);
#7641=ORIENTED_EDGE('',*,*,#6535,.F.);
#7642=ORIENTED_EDGE('',*,*,#2448,.F.);
#7643=EDGE_LOOP('',(#7633,#7640,#7641,#7642));
#7644=FACE_OUTER_BOUND('',#7643,.T.);
#7645=ADVANCED_FACE('',(#7644),#7632,.T.);
#7646=CARTESIAN_POINT('',(11.402742866275,0.30034150066733,11.216894783172));
#7647=DIRECTION('',(0.96753879307411,-0.031917732845874,-0.25069890750994));
#7648=DIRECTION('',(-0.25056280708596,-0.25056280708598,-0.9351131265309));
#7649=AXIS2_PLACEMENT_3D('',#7646,#7648,#7647);
#7650=CYLINDRICAL_SURFACE('',#7649,0.049999999999988);
#7651=ORIENTED_EDGE('',*,*,#7639,.F.);
#7652=ORIENTED_EDGE('',*,*,#7320,.F.);
#7653=ORIENTED_EDGE('',*,*,#6455,.F.);
#7654=ORIENTED_EDGE('',*,*,#7335,.F.);
#7655=EDGE_LOOP('',(#7651,#7652,#7653,#7654));
#7656=FACE_OUTER_BOUND('',#7655,.T.);
#7657=ADVANCED_FACE('',(#7656),#7650,.T.);
#7658=CARTESIAN_POINT('',(11.399987299975,0.29758593436677,19.803807477425));
#7659=DIRECTION('',(0.99999998682848,-0.00016230540945347,0.));
#7660=DIRECTION('',(7.0987204287406E-15,7.3760141954883E-15,-1.));
#7661=AXIS2_PLACEMENT_3D('',#7658,#7660,#7659);
#7662=CYLINDRICAL_SURFACE('',#7661,0.05000000000001);
#7663=ORIENTED_EDGE('',*,*,#6697,.F.);
#7664=CARTESIAN_POINT('',(11.401662923627,0.34755784933273,19.800133059629));
#7665=CARTESIAN_POINT('',(11.429402904501,0.34662769150173,19.803604455915));
#7666=CARTESIAN_POINT('',(11.44902905711,0.32700153889273,19.803604455915));
#7667=CARTESIAN_POINT('',(11.449959214941,0.29926155801873,19.800133059629));
#7668=(BOUNDED_CURVE()B_SPLINE_CURVE(3,(#7664,#7665,#7666,#7667),.UNSPECIFIED.,.F.,.U.)B_SPLINE_CURVE_WITH_KNOTS((4,4),(2.389713239295,3.893472067885),.UNSPECIFIED.)CURVE()GEOMETRIC_REPRESENTATION_ITEM()RATIONAL_B_SPLINE_CURVE((1.,0.820270997176,0.820270997176,1.))REPRESENTATION_ITEM(''));
#7669=EDGE_CURVE('',#6686,#6653,#7668,.T.);
#7670=ORIENTED_EDGE('',*,*,#7669,.T.);
#7671=ORIENTED_EDGE('',*,*,#6673,.F.);
#7672=ORIENTED_EDGE('',*,*,#1821,.F.);
#7673=EDGE_LOOP('',(#7663,#7670,#7671,#7672));
#7674=FACE_OUTER_BOUND('',#7673,.T.);
#7675=ADVANCED_FACE('',(#7674),#7662,.T.);
#7676=CARTESIAN_POINT('',(11.402742866275,0.30034150066669,19.78316170654));
#7677=DIRECTION('',(-0.031917732831711,0.9675387930736,0.25069890751369));
#7678=DIRECTION('',(-0.250562807086,-0.25056280708599,0.93511312653089));
#7679=AXIS2_PLACEMENT_3D('',#7676,#7678,#7677);
#7680=CYLINDRICAL_SURFACE('',#7679,0.049999999999985);
#7681=ORIENTED_EDGE('',*,*,#7669,.F.);
#7682=ORIENTED_EDGE('',*,*,#7270,.F.);
#7683=ORIENTED_EDGE('',*,*,#6762,.F.);
#7684=ORIENTED_EDGE('',*,*,#7299,.F.);
#7685=EDGE_LOOP('',(#7681,#7682,#7683,#7684));
#7686=FACE_OUTER_BOUND('',#7685,.T.);
#7687=ADVANCED_FACE('',(#7686),#7680,.T.);
#7688=CARTESIAN_POINT('',(11.399987299975,-0.30241406563331,19.803807477425));
#7689=DIRECTION('',(-0.00016230540460068,-0.99999998682848,0.));
#7690=DIRECTION('',(1.6415790991462E-14,-1.6887190394933E-14,-1.));
#7691=AXIS2_PLACEMENT_3D('',#7688,#7690,#7689);
#7692=CYLINDRICAL_SURFACE('',#7691,0.05000000000001);
#7693=ORIENTED_EDGE('',*,*,#6666,.F.);
#7694=CARTESIAN_POINT('',(11.449959214941,-0.30408968928527,19.800133059629));
#7695=CARTESIAN_POINT('',(11.44902905711,-0.33182967015927,19.803604455915));
#7696=CARTESIAN_POINT('',(11.429402904501,-0.35145582276827,19.803604455915));
#7697=CARTESIAN_POINT('',(11.401662923627,-0.35238598059927,19.800133059629));
#7698=(BOUNDED_CURVE()B_SPLINE_CURVE(3,(#7694,#7695,#7696,#7697),.UNSPECIFIED.,.F.,.U.)B_SPLINE_CURVE_WITH_KNOTS((4,4),(2.389713239295,3.893472067885),.UNSPECIFIED.)CURVE()GEOMETRIC_REPRESENTATION_ITEM()RATIONAL_B_SPLINE_CURVE((1.,0.820270997176,0.820270997176,1.))REPRESENTATION_ITEM(''));
#7699=EDGE_CURVE('',#6655,#6622,#7698,.T.);
#7700=ORIENTED_EDGE('',*,*,#7699,.T.);
#7701=ORIENTED_EDGE('',*,*,#6642,.F.);
#7702=ORIENTED_EDGE('',*,*,#1836,.F.);
#7703=EDGE_LOOP('',(#7693,#7700,#7701,#7702));
#7704=FACE_OUTER_BOUND('',#7703,.T.);
#7705=ADVANCED_FACE('',(#7704),#7692,.T.);
#7706=CARTESIAN_POINT('',(11.294511331687,-0.19693809734616,20.1870872926));
#7707=DIRECTION('',(-0.044308051735967,-0.96788170385278,0.24747081423554));
#7708=DIRECTION('',(0.25056280708592,-0.25056280708592,-0.93511312653093));
#7709=AXIS2_PLACEMENT_3D('',#7706,#7708,#7707);
#7710=CYLINDRICAL_SURFACE('',#7709,0.050000000000017);
#7711=ORIENTED_EDGE('',*,*,#6811,.F.);
#7712=ORIENTED_EDGE('',*,*,#7255,.F.);
#7713=ORIENTED_EDGE('',*,*,#7699,.F.);
#7714=ORIENTED_EDGE('',*,*,#7292,.F.);
#7715=EDGE_LOOP('',(#7711,#7712,#7713,#7714));
#7716=FACE_OUTER_BOUND('',#7715,.T.);
#7717=ADVANCED_FACE('',(#7716),#7710,.T.);
#7718=CARTESIAN_POINT('',(10.799987299974,0.29758593436677,19.803807477425));
#7719=DIRECTION('',(0.00016230542659203,0.99999998682847,0.));
#7720=DIRECTION('',(-7.9860604823333E-15,7.3898788838258E-15,-1.));
#7721=AXIS2_PLACEMENT_3D('',#7718,#7720,#7719);
#7722=CYLINDRICAL_SURFACE('',#7721,0.049999999999996);
#7723=ORIENTED_EDGE('',*,*,#6735,.F.);
#7724=CARTESIAN_POINT('',(10.750015385009,0.29926155801873,19.800133059629));
#7725=CARTESIAN_POINT('',(10.75094554284,0.32700153889273,19.803604455915));
#7726=CARTESIAN_POINT('',(10.770571695449,0.34662769150173,19.803604455915));
#7727=CARTESIAN_POINT('',(10.798311676323,0.34755784933273,19.800133059629));
#7728=(BOUNDED_CURVE()B_SPLINE_CURVE(3,(#7724,#7725,#7726,#7727),.UNSPECIFIED.,.F.,.U.)B_SPLINE_CURVE_WITH_KNOTS((4,4),(2.389713239295,3.893472067885),.UNSPECIFIED.)CURVE()GEOMETRIC_REPRESENTATION_ITEM()RATIONAL_B_SPLINE_CURVE((1.,0.820270997176,0.820270997176,1.))REPRESENTATION_ITEM(''));
#7729=EDGE_CURVE('',#6724,#6684,#7728,.T.);
#7730=ORIENTED_EDGE('',*,*,#7729,.T.);
#7731=ORIENTED_EDGE('',*,*,#6704,.F.);
#7732=ORIENTED_EDGE('',*,*,#1804,.F.);
#7733=EDGE_LOOP('',(#7723,#7730,#7731,#7732));
#7734=FACE_OUTER_BOUND('',#7733,.T.);
#7735=ADVANCED_FACE('',(#7734),#7722,.T.);
#7736=CARTESIAN_POINT('',(10.797231733675,0.30034150066674,19.78316170654));
#7737=DIRECTION('',(-0.96753879307371,-0.031917732833745,0.25069890751304));
#7738=DIRECTION('',(0.25056280708595,-0.25056280708596,0.93511312653091));
#7739=AXIS2_PLACEMENT_3D('',#7736,#7738,#7737);
#7740=CYLINDRICAL_SURFACE('',#7739,0.050000000000001);
#7741=ORIENTED_EDGE('',*,*,#7729,.F.);
#7742=ORIENTED_EDGE('',*,*,#7232,.F.);
#7743=ORIENTED_EDGE('',*,*,#6779,.F.);
#7744=ORIENTED_EDGE('',*,*,#7277,.F.);
#7745=EDGE_LOOP('',(#7741,#7742,#7743,#7744));
#7746=FACE_OUTER_BOUND('',#7745,.T.);
#7747=ADVANCED_FACE('',(#7746),#7740,.T.);
#7748=CARTESIAN_POINT('',(10.799987299975,-0.30241406563328,19.803807477425));
#7749=DIRECTION('',(-0.99999998682848,0.00016230540842993,-7.1054273576036E-14));
#7750=DIRECTION('',(0.,8.3188130024303E-17,-1.));
#7751=AXIS2_PLACEMENT_3D('',#7748,#7750,#7749);
#7752=CYLINDRICAL_SURFACE('',#7751,0.049999999999984);
#7753=ORIENTED_EDGE('',*,*,#6635,.F.);
#7754=CARTESIAN_POINT('',(10.798311676323,-0.35238598059927,19.800133059629));
#7755=CARTESIAN_POINT('',(10.770571695449,-0.35145582276827,19.803604455915));
#7756=CARTESIAN_POINT('',(10.75094554284,-0.33182967015927,19.803604455915));
#7757=CARTESIAN_POINT('',(10.750015385009,-0.30408968928527,19.800133059629));
#7758=(BOUNDED_CURVE()B_SPLINE_CURVE(3,(#7754,#7755,#7756,#7757),.UNSPECIFIED.,.F.,.U.)B_SPLINE_CURVE_WITH_KNOTS((4,4),(2.389713239295,3.893472067885),.UNSPECIFIED.)CURVE()GEOMETRIC_REPRESENTATION_ITEM()RATIONAL_B_SPLINE_CURVE((1.,0.820270997176,0.820270997176,1.))REPRESENTATION_ITEM(''));
#7759=EDGE_CURVE('',#6624,#6716,#7758,.T.);
#7760=ORIENTED_EDGE('',*,*,#7759,.T.);
#7761=ORIENTED_EDGE('',*,*,#6721,.F.);
#7762=ORIENTED_EDGE('',*,*,#1787,.F.);
#7763=EDGE_LOOP('',(#7753,#7760,#7761,#7762));
#7764=FACE_OUTER_BOUND('',#7763,.T.);
#7765=ADVANCED_FACE('',(#7764),#7752,.T.);
#7766=CARTESIAN_POINT('',(10.905463268262,-0.19693809734619,20.187087292601));
#7767=DIRECTION('',(-0.96788170385311,0.044308051752946,0.2474708142312));
#7768=DIRECTION('',(-0.250562807086,-0.25056280708601,-0.93511312653088));
#7769=AXIS2_PLACEMENT_3D('',#7766,#7768,#7767);
#7770=CYLINDRICAL_SURFACE('',#7769,0.049999999999975);
#7771=ORIENTED_EDGE('',*,*,#6796,.F.);
#7772=ORIENTED_EDGE('',*,*,#7225,.F.);
#7773=ORIENTED_EDGE('',*,*,#7759,.F.);
#7774=ORIENTED_EDGE('',*,*,#7248,.F.);
#7775=EDGE_LOOP('',(#7771,#7772,#7773,#7774));
#7776=FACE_OUTER_BOUND('',#7775,.T.);
#7777=ADVANCED_FACE('',(#7776),#7770,.T.);
#7778=CARTESIAN_POINT('',(10.799987299975,-0.30241406563328,14.300028244856));
#7779=DIRECTION('',(-1.,-2.1094681557094E-10,0.));
#7780=DIRECTION('',(0.,2.8616030808868E-16,-1.));
#7781=AXIS2_PLACEMENT_3D('',#7778,#7780,#7779);
#7782=CYLINDRICAL_SURFACE('',#7781,0.049999999999985);
#7783=ORIENTED_EDGE('',*,*,#6518,.F.);
#7784=CARTESIAN_POINT('',(10.750015385009,-0.30408968928527,11.199923430083));
#7785=CARTESIAN_POINT('',(10.75094554284,-0.33182967015927,11.196452033797));
#7786=CARTESIAN_POINT('',(10.770571695449,-0.35145582276827,11.196452033797));
#7787=CARTESIAN_POINT('',(10.798311676323,-0.35238598059927,11.199923430083));
#7788=(BOUNDED_CURVE()B_SPLINE_CURVE(3,(#7784,#7785,#7786,#7787),.UNSPECIFIED.,.F.,.U.)B_SPLINE_CURVE_WITH_KNOTS((4,4),(5.531305892885,7.035064721475),.UNSPECIFIED.)CURVE()GEOMETRIC_REPRESENTATION_ITEM()RATIONAL_B_SPLINE_CURVE((1.,0.820270997176,0.820270997176,1.))REPRESENTATION_ITEM(''));
#7789=EDGE_CURVE('',#6507,#6591,#7788,.T.);
#7790=ORIENTED_EDGE('',*,*,#7789,.T.);
#7791=ORIENTED_EDGE('',*,*,#6611,.F.);
#7792=ORIENTED_EDGE('',*,*,#2416,.F.);
#7793=EDGE_LOOP('',(#7783,#7790,#7791,#7792));
#7794=FACE_OUTER_BOUND('',#7793,.T.);
#7795=ADVANCED_FACE('',(#7794),#7782,.T.);
#7796=CARTESIAN_POINT('',(10.905463268262,-0.19693809734614,10.812969197111));
#7797=DIRECTION('',(0.044308051755552,-0.96788170385317,-0.24747081423052));
#7798=DIRECTION('',(-0.25056280708597,-0.25056280708597,0.9351131265309));
#7799=AXIS2_PLACEMENT_3D('',#7796,#7798,#7797);
#7800=CYLINDRICAL_SURFACE('',#7799,0.050000000000006);
#7801=ORIENTED_EDGE('',*,*,#6487,.F.);
#7802=ORIENTED_EDGE('',*,*,#7365,.F.);
#7803=ORIENTED_EDGE('',*,*,#7789,.F.);
#7804=ORIENTED_EDGE('',*,*,#7386,.F.);
#7805=EDGE_LOOP('',(#7801,#7802,#7803,#7804));
#7806=FACE_OUTER_BOUND('',#7805,.T.);
#7807=ADVANCED_FACE('',(#7806),#7800,.T.);
#7808=CARTESIAN_POINT('',(10.799987299975,2.7975859343667,14.300028244856));
#7809=DIRECTION('',(-2.1110224679438E-10,1.,7.1054273576027E-14));
#7810=DIRECTION('',(0.,1.4308015404434E-16,-1.));
#7811=AXIS2_PLACEMENT_3D('',#7808,#7810,#7809);
#7812=CYLINDRICAL_SURFACE('',#7811,0.049999999999987);
#7813=ORIENTED_EDGE('',*,*,#6949,.F.);
#7814=CARTESIAN_POINT('',(10.798311676323,2.8475578493327,11.199923430083));
#7815=CARTESIAN_POINT('',(10.770571695449,2.8466276915017,11.196452033797));
#7816=CARTESIAN_POINT('',(10.75094554284,2.8270015388927,11.196452033797));
#7817=CARTESIAN_POINT('',(10.750015385009,2.7992615580187,11.199923430083));
#7818=(BOUNDED_CURVE()B_SPLINE_CURVE(3,(#7814,#7815,#7816,#7817),.UNSPECIFIED.,.F.,.U.)B_SPLINE_CURVE_WITH_KNOTS((4,4),(5.531305892885,7.035064721475),.UNSPECIFIED.)CURVE()GEOMETRIC_REPRESENTATION_ITEM()RATIONAL_B_SPLINE_CURVE((1.,0.820270997176,0.820270997176,1.))REPRESENTATION_ITEM(''));
#7819=EDGE_CURVE('',#6938,#6899,#7818,.T.);
#7820=ORIENTED_EDGE('',*,*,#7819,.T.);
#7821=ORIENTED_EDGE('',*,*,#6904,.F.);
#7822=ORIENTED_EDGE('',*,*,#2289,.F.);
#7823=EDGE_LOOP('',(#7813,#7820,#7821,#7822));
#7824=FACE_OUTER_BOUND('',#7823,.T.);
#7825=ADVANCED_FACE('',(#7824),#7812,.T.);
#7826=CARTESIAN_POINT('',(10.797231733674,2.8003415006673,11.216894783171));
#7827=DIRECTION('',(0.031917732855326,0.96753879307442,-0.25069890750753));
#7828=DIRECTION('',(0.25056280708599,-0.25056280708599,-0.93511312653089));
#7829=AXIS2_PLACEMENT_3D('',#7826,#7828,#7827);
#7830=CYLINDRICAL_SURFACE('',#7829,0.05);
#7831=ORIENTED_EDGE('',*,*,#7819,.F.);
#7832=ORIENTED_EDGE('',*,*,#7518,.F.);
#7833=ORIENTED_EDGE('',*,*,#6838,.F.);
#7834=ORIENTED_EDGE('',*,*,#7555,.F.);
#7835=EDGE_LOOP('',(#7831,#7832,#7833,#7834));
#7836=FACE_OUTER_BOUND('',#7835,.T.);
#7837=ADVANCED_FACE('',(#7836),#7830,.T.);
#7838=CARTESIAN_POINT('',(11.399987299975,2.1975859343665,14.300028244856));
#7839=DIRECTION('',(2.071942617477E-10,-1.,1.0658141036405E-13));
#7840=DIRECTION('',(5.3798137920673E-14,-5.3798137920673E-14,-1.));
#7841=AXIS2_PLACEMENT_3D('',#7838,#7840,#7839);
#7842=CYLINDRICAL_SURFACE('',#7841,0.049999999999986);
#7843=ORIENTED_EDGE('',*,*,#7004,.F.);
#7844=CARTESIAN_POINT('',(11.401662923627,2.1476140194007,11.199923430083));
#7845=CARTESIAN_POINT('',(11.429402904501,2.1485441772317,11.196452033797));
#7846=CARTESIAN_POINT('',(11.44902905711,2.1681703298407,11.196452033797));
#7847=CARTESIAN_POINT('',(11.449959214941,2.1959103107147,11.199923430083));
#7848=(BOUNDED_CURVE()B_SPLINE_CURVE(3,(#7844,#7845,#7846,#7847),.UNSPECIFIED.,.F.,.U.)B_SPLINE_CURVE_WITH_KNOTS((4,4),(5.531305892885,7.035064721475),.UNSPECIFIED.)CURVE()GEOMETRIC_REPRESENTATION_ITEM()RATIONAL_B_SPLINE_CURVE((1.,0.820270997176,0.820270997176,1.))REPRESENTATION_ITEM(''));
#7849=EDGE_CURVE('',#6993,#6961,#7848,.T.);
#7850=ORIENTED_EDGE('',*,*,#7849,.T.);
#7851=ORIENTED_EDGE('',*,*,#6966,.F.);
#7852=ORIENTED_EDGE('',*,*,#2323,.F.);
#7853=EDGE_LOOP('',(#7843,#7850,#7851,#7852));
#7854=FACE_OUTER_BOUND('',#7853,.T.);
#7855=ADVANCED_FACE('',(#7854),#7842,.T.);
#7856=CARTESIAN_POINT('',(11.294511331688,2.3030619026534,10.812969197111));
#7857=DIRECTION('',(0.96788170385324,0.044308051759653,-0.2474708142295));
#7858=DIRECTION('',(0.25056280708599,-0.25056280708599,0.93511312653089));
#7859=AXIS2_PLACEMENT_3D('',#7856,#7858,#7857);
#7860=CYLINDRICAL_SURFACE('',#7859,0.049999999999986);
#7861=ORIENTED_EDGE('',*,*,#6872,.F.);
#7862=ORIENTED_EDGE('',*,*,#7489,.F.);
#7863=ORIENTED_EDGE('',*,*,#7849,.F.);
#7864=ORIENTED_EDGE('',*,*,#7534,.F.);
#7865=EDGE_LOOP('',(#7861,#7862,#7863,#7864));
#7866=FACE_OUTER_BOUND('',#7865,.T.);
#7867=ADVANCED_FACE('',(#7866),#7860,.T.);
#7868=CARTESIAN_POINT('',(11.399987299975,2.7975859343669,14.300028244856));
#7869=DIRECTION('',(1.,2.0643931009088E-10,1.06581410364E-13));
#7870=DIRECTION('',(5.0364214223609E-14,5.007805391552E-14,-1.));
#7871=AXIS2_PLACEMENT_3D('',#7868,#7870,#7869);
#7872=CYLINDRICAL_SURFACE('',#7871,0.050000000000006);
#7873=ORIENTED_EDGE('',*,*,#6980,.F.);
#7874=CARTESIAN_POINT('',(11.449959214941,2.7992615580187,11.199923430083));
#7875=CARTESIAN_POINT('',(11.44902905711,2.8270015388927,11.196452033797));
#7876=CARTESIAN_POINT('',(11.429402904501,2.8466276915017,11.196452033797));
#7877=CARTESIAN_POINT('',(11.401662923627,2.8475578493327,11.199923430083));
#7878=(BOUNDED_CURVE()B_SPLINE_CURVE(3,(#7874,#7875,#7876,#7877),.UNSPECIFIED.,.F.,.U.)B_SPLINE_CURVE_WITH_KNOTS((4,4),(5.531305892885,7.035064721475),.UNSPECIFIED.)CURVE()GEOMETRIC_REPRESENTATION_ITEM()RATIONAL_B_SPLINE_CURVE((1.,0.820270997176,0.820270997176,1.))REPRESENTATION_ITEM(''));
#7879=EDGE_CURVE('',#6969,#6930,#7878,.T.);
#7880=ORIENTED_EDGE('',*,*,#7879,.T.);
#7881=ORIENTED_EDGE('',*,*,#6935,.F.);
#7882=ORIENTED_EDGE('',*,*,#2338,.F.);
#7883=EDGE_LOOP('',(#7873,#7880,#7881,#7882));
#7884=FACE_OUTER_BOUND('',#7883,.T.);
#7885=ADVANCED_FACE('',(#7884),#7872,.T.);
#7886=CARTESIAN_POINT('',(11.402742866275,2.8003415006673,11.216894783172));
#7887=DIRECTION('',(0.96753879307412,-0.031917732846186,-0.25069890750987));
#7888=DIRECTION('',(-0.25056280708601,-0.250562807086,-0.93511312653088));
#7889=AXIS2_PLACEMENT_3D('',#7886,#7888,#7887);
#7890=CYLINDRICAL_SURFACE('',#7889,0.050000000000002);
#7891=ORIENTED_EDGE('',*,*,#7879,.F.);
#7892=ORIENTED_EDGE('',*,*,#7496,.F.);
#7893=ORIENTED_EDGE('',*,*,#6855,.F.);
#7894=ORIENTED_EDGE('',*,*,#7511,.F.);
#7895=EDGE_LOOP('',(#7891,#7892,#7893,#7894));
#7896=FACE_OUTER_BOUND('',#7895,.T.);
#7897=ADVANCED_FACE('',(#7896),#7890,.T.);
#7898=CARTESIAN_POINT('',(11.399987299975,2.7975859343667,19.803807477425));
#7899=DIRECTION('',(0.99999998682848,-0.00016230540809123,0.));
#7900=DIRECTION('',(0.,1.1091750669907E-16,-1.));
#7901=AXIS2_PLACEMENT_3D('',#7898,#7900,#7899);
#7902=CYLINDRICAL_SURFACE('',#7901,0.050000000000006);
#7903=ORIENTED_EDGE('',*,*,#7097,.F.);
#7904=CARTESIAN_POINT('',(11.401662923627,2.8475578493327,19.800133059629));
#7905=CARTESIAN_POINT('',(11.429402904501,2.8466276915017,19.803604455915));
#7906=CARTESIAN_POINT('',(11.44902905711,2.8270015388927,19.803604455915));
#7907=CARTESIAN_POINT('',(11.449959214941,2.7992615580187,19.800133059629));
#7908=(BOUNDED_CURVE()B_SPLINE_CURVE(3,(#7904,#7905,#7906,#7907),.UNSPECIFIED.,.F.,.U.)B_SPLINE_CURVE_WITH_KNOTS((4,4),(2.389713239295,3.893472067885),.UNSPECIFIED.)CURVE()GEOMETRIC_REPRESENTATION_ITEM()RATIONAL_B_SPLINE_CURVE((1.,0.820270997176,0.820270997176,1.))REPRESENTATION_ITEM(''));
#7909=EDGE_CURVE('',#7086,#7053,#7908,.T.);
#7910=ORIENTED_EDGE('',*,*,#7909,.T.);
#7911=ORIENTED_EDGE('',*,*,#7073,.F.);
#7912=ORIENTED_EDGE('',*,*,#2213,.F.);
#7913=EDGE_LOOP('',(#7903,#7910,#7911,#7912));
#7914=FACE_OUTER_BOUND('',#7913,.T.);
#7915=ADVANCED_FACE('',(#7914),#7902,.T.);
#7916=CARTESIAN_POINT('',(11.402742866275,2.8003415006667,19.78316170654));
#7917=DIRECTION('',(-0.031917732832626,0.96753879307367,0.25069890751334));
#7918=DIRECTION('',(-0.25056280708594,-0.25056280708593,0.93511312653092));
#7919=AXIS2_PLACEMENT_3D('',#7916,#7918,#7917);
#7920=CYLINDRICAL_SURFACE('',#7919,0.049999999999998);
#7921=ORIENTED_EDGE('',*,*,#7909,.F.);
#7922=ORIENTED_EDGE('',*,*,#7446,.F.);
#7923=ORIENTED_EDGE('',*,*,#7162,.F.);
#7924=ORIENTED_EDGE('',*,*,#7475,.F.);
#7925=EDGE_LOOP('',(#7921,#7922,#7923,#7924));
#7926=FACE_OUTER_BOUND('',#7925,.T.);
#7927=ADVANCED_FACE('',(#7926),#7920,.T.);
#7928=CARTESIAN_POINT('',(11.399987299975,2.1975859343664,19.803807477425));
#7929=DIRECTION('',(-0.00016230541859845,-0.99999998682848,7.1054273576031E-14));
#7930=DIRECTION('',(4.7916362893999E-14,-4.8249115414096E-14,-1.));
#7931=AXIS2_PLACEMENT_3D('',#7928,#7930,#7929);
#7932=CYLINDRICAL_SURFACE('',#7931,0.049999999999985);
#7933=ORIENTED_EDGE('',*,*,#7066,.F.);
#7934=CARTESIAN_POINT('',(11.449959214941,2.1959103107147,19.800133059629));
#7935=CARTESIAN_POINT('',(11.44902905711,2.1681703298407,19.803604455915));
#7936=CARTESIAN_POINT('',(11.429402904501,2.1485441772317,19.803604455915));
#7937=CARTESIAN_POINT('',(11.401662923627,2.1476140194007,19.800133059629));
#7938=(BOUNDED_CURVE()B_SPLINE_CURVE(3,(#7934,#7935,#7936,#7937),.UNSPECIFIED.,.F.,.U.)B_SPLINE_CURVE_WITH_KNOTS((4,4),(2.389713239295,3.893472067885),.UNSPECIFIED.)CURVE()GEOMETRIC_REPRESENTATION_ITEM()RATIONAL_B_SPLINE_CURVE((1.,0.820270997176,0.820270997176,1.))REPRESENTATION_ITEM(''));
#7939=EDGE_CURVE('',#7055,#7022,#7938,.T.);
#7940=ORIENTED_EDGE('',*,*,#7939,.T.);
#7941=ORIENTED_EDGE('',*,*,#7042,.F.);
#7942=ORIENTED_EDGE('',*,*,#2228,.F.);
#7943=EDGE_LOOP('',(#7933,#7940,#7941,#7942));
#7944=FACE_OUTER_BOUND('',#7943,.T.);
#7945=ADVANCED_FACE('',(#7944),#7932,.T.);
#7946=CARTESIAN_POINT('',(11.294511331687,2.3030619026537,20.1870872926));
#7947=DIRECTION('',(-0.044308051737693,-0.9678817038528,0.24747081423516));
#7948=DIRECTION('',(0.25056280708599,-0.25056280708599,-0.93511312653089));
#7949=AXIS2_PLACEMENT_3D('',#7946,#7948,#7947);
#7950=CYLINDRICAL_SURFACE('',#7949,0.049999999999994);
#7951=ORIENTED_EDGE('',*,*,#7211,.F.);
#7952=ORIENTED_EDGE('',*,*,#7431,.F.);
#7953=ORIENTED_EDGE('',*,*,#7939,.F.);
#7954=ORIENTED_EDGE('',*,*,#7468,.F.);
#7955=EDGE_LOOP('',(#7951,#7952,#7953,#7954));
#7956=FACE_OUTER_BOUND('',#7955,.T.);
#7957=ADVANCED_FACE('',(#7956),#7950,.T.);
#7958=CARTESIAN_POINT('',(10.799987299975,2.797585934367,19.803807477425));
#7959=DIRECTION('',(0.00016230541824318,0.99999998682848,0.));
#7960=DIRECTION('',(-5.013471302798E-14,5.0245630534679E-14,-1.));
#7961=AXIS2_PLACEMENT_3D('',#7958,#7960,#7959);
#7962=CYLINDRICAL_SURFACE('',#7961,0.049999999999986);
#7963=ORIENTED_EDGE('',*,*,#7135,.F.);
#7964=CARTESIAN_POINT('',(10.750015385009,2.7992615580187,19.800133059629));
#7965=CARTESIAN_POINT('',(10.75094554284,2.8270015388927,19.803604455915));
#7966=CARTESIAN_POINT('',(10.770571695449,2.8466276915017,19.803604455915));
#7967=CARTESIAN_POINT('',(10.798311676323,2.8475578493327,19.800133059629));
#7968=(BOUNDED_CURVE()B_SPLINE_CURVE(3,(#7964,#7965,#7966,#7967),.UNSPECIFIED.,.F.,.U.)B_SPLINE_CURVE_WITH_KNOTS((4,4),(2.389713239295,3.893472067885),.UNSPECIFIED.)CURVE()GEOMETRIC_REPRESENTATION_ITEM()RATIONAL_B_SPLINE_CURVE((1.,0.820270997176,0.820270997176,1.))REPRESENTATION_ITEM(''));
#7969=EDGE_CURVE('',#7124,#7084,#7968,.T.);
#7970=ORIENTED_EDGE('',*,*,#7969,.T.);
#7971=ORIENTED_EDGE('',*,*,#7104,.F.);
#7972=ORIENTED_EDGE('',*,*,#2196,.F.);
#7973=EDGE_LOOP('',(#7963,#7970,#7971,#7972));
#7974=FACE_OUTER_BOUND('',#7973,.T.);
#7975=ADVANCED_FACE('',(#7974),#7962,.T.);
#7976=CARTESIAN_POINT('',(10.797231733675,2.8003415006667,19.78316170654));
#7977=DIRECTION('',(-0.96753879307374,-0.031917732834716,0.25069890751279));
#7978=DIRECTION('',(0.25056280708592,-0.25056280708591,0.93511312653093));
#7979=AXIS2_PLACEMENT_3D('',#7976,#7978,#7977);
#7980=CYLINDRICAL_SURFACE('',#7979,0.049999999999995);
#7981=ORIENTED_EDGE('',*,*,#7969,.F.);
#7982=ORIENTED_EDGE('',*,*,#7408,.F.);
#7983=ORIENTED_EDGE('',*,*,#7179,.F.);
#7984=ORIENTED_EDGE('',*,*,#7453,.F.);
#7985=EDGE_LOOP('',(#7981,#7982,#7983,#7984));
#7986=FACE_OUTER_BOUND('',#7985,.T.);
#7987=ADVANCED_FACE('',(#7986),#7980,.T.);
#7988=CARTESIAN_POINT('',(10.799987299975,2.1975859343664,19.803807477425));
#7989=DIRECTION('',(-0.99999998682848,0.00016230541790554,0.));
#7990=DIRECTION('',(-5.1022053081573E-14,-5.0356548041378E-14,-1.));
#7991=AXIS2_PLACEMENT_3D('',#7988,#7990,#7989);
#7992=CYLINDRICAL_SURFACE('',#7991,0.050000000000025);
#7993=ORIENTED_EDGE('',*,*,#7035,.F.);
#7994=CARTESIAN_POINT('',(10.798311676323,2.1476140194007,19.800133059629));
#7995=CARTESIAN_POINT('',(10.770571695449,2.1485441772317,19.803604455915));
#7996=CARTESIAN_POINT('',(10.75094554284,2.1681703298407,19.803604455915));
#7997=CARTESIAN_POINT('',(10.750015385009,2.1959103107147,19.800133059629));
#7998=(BOUNDED_CURVE()B_SPLINE_CURVE(3,(#7994,#7995,#7996,#7997),.UNSPECIFIED.,.F.,.U.)B_SPLINE_CURVE_WITH_KNOTS((4,4),(2.389713239295,3.893472067885),.UNSPECIFIED.)CURVE()GEOMETRIC_REPRESENTATION_ITEM()RATIONAL_B_SPLINE_CURVE((1.,0.820270997176,0.820270997176,1.))REPRESENTATION_ITEM(''));
#7999=EDGE_CURVE('',#7024,#7116,#7998,.T.);
#8000=ORIENTED_EDGE('',*,*,#7999,.T.);
#8001=ORIENTED_EDGE('',*,*,#7121,.F.);
#8002=ORIENTED_EDGE('',*,*,#2179,.F.);
#8003=EDGE_LOOP('',(#7993,#8000,#8001,#8002));
#8004=FACE_OUTER_BOUND('',#8003,.T.);
#8005=ADVANCED_FACE('',(#8004),#7992,.T.);
#8006=CARTESIAN_POINT('',(10.905463268262,2.3030619026538,20.187087292601));
#8007=DIRECTION('',(-0.9678817038531,0.044308051751351,0.24747081423155));
#8008=DIRECTION('',(-0.25056280708593,-0.25056280708594,-0.93511312653092));
#8009=AXIS2_PLACEMENT_3D('',#8006,#8008,#8007);
#8010=CYLINDRICAL_SURFACE('',#8009,0.050000000000005);
#8011=ORIENTED_EDGE('',*,*,#7196,.F.);
#8012=ORIENTED_EDGE('',*,*,#7401,.F.);
#8013=ORIENTED_EDGE('',*,*,#7999,.F.);
#8014=ORIENTED_EDGE('',*,*,#7424,.F.);
#8015=EDGE_LOOP('',(#8011,#8012,#8013,#8014));
#8016=FACE_OUTER_BOUND('',#8015,.T.);
#8017=ADVANCED_FACE('',(#8016),#8010,.T.);
#8018=CARTESIAN_POINT('',(10.799987299975,2.1975859343666,14.300028244856));
#8019=DIRECTION('',(-1.,-2.0995649663301E-10,0.));
#8020=DIRECTION('',(-5.7232061617737E-15,-4.0062443132416E-15,-1.));
#8021=AXIS2_PLACEMENT_3D('',#8018,#8020,#8019);
#8022=CYLINDRICAL_SURFACE('',#8021,0.049999999999976);
#8023=ORIENTED_EDGE('',*,*,#6918,.F.);
#8024=CARTESIAN_POINT('',(10.750015385009,2.1959103107147,11.199923430083));
#8025=CARTESIAN_POINT('',(10.75094554284,2.1681703298407,11.196452033797));
#8026=CARTESIAN_POINT('',(10.770571695449,2.1485441772317,11.196452033797));
#8027=CARTESIAN_POINT('',(10.798311676323,2.1476140194007,11.199923430083));
#8028=(BOUNDED_CURVE()B_SPLINE_CURVE(3,(#8024,#8025,#8026,#8027),.UNSPECIFIED.,.F.,.U.)B_SPLINE_CURVE_WITH_KNOTS((4,4),(5.531305892885,7.035064721475),.UNSPECIFIED.)CURVE()GEOMETRIC_REPRESENTATION_ITEM()RATIONAL_B_SPLINE_CURVE((1.,0.820270997176,0.820270997176,1.))REPRESENTATION_ITEM(''));
#8029=EDGE_CURVE('',#6907,#6991,#8028,.T.);
#8030=ORIENTED_EDGE('',*,*,#8029,.T.);
#8031=ORIENTED_EDGE('',*,*,#7011,.F.);
#8032=ORIENTED_EDGE('',*,*,#2306,.F.);
#8033=EDGE_LOOP('',(#8023,#8030,#8031,#8032));
#8034=FACE_OUTER_BOUND('',#8033,.T.);
#8035=ADVANCED_FACE('',(#8034),#8022,.T.);
#8036=CARTESIAN_POINT('',(10.905463268262,2.3030619026538,10.812969197111));
#8037=DIRECTION('',(0.044308051755605,-0.96788170385318,-0.24747081423045));
#8038=DIRECTION('',(-0.25056280708596,-0.25056280708596,0.93511312653091));
#8039=AXIS2_PLACEMENT_3D('',#8036,#8038,#8037);
#8040=CYLINDRICAL_SURFACE('',#8039,0.050000000000027);
#8041=ORIENTED_EDGE('',*,*,#6887,.F.);
#8042=ORIENTED_EDGE('',*,*,#7541,.F.);
#8043=ORIENTED_EDGE('',*,*,#8029,.F.);
#8044=ORIENTED_EDGE('',*,*,#7562,.F.);
#8045=EDGE_LOOP('',(#8041,#8042,#8043,#8044));
#8046=FACE_OUTER_BOUND('',#8045,.T.);
#8047=ADVANCED_FACE('',(#8046),#8040,.T.);
#8048=CLOSED_SHELL('',(#2232,#2342,#2452,#2492,#2532,#2642,#2691,#2740,#2830,#2902,#2974,#3039,#3104,#3144,#3184,#3339,#3447,#3520,#3542,#3559,#3576,#3593,#3615,#3632,#3649,#3671,#3683,#3695,#3718,#3740,#3762,#3785,#3802,#3819,#3831,#3843,#3855,#3867,#3879,#3891,#3903,#3915,#3927,#3945,#3963,#3975,#3993,#4011,#4023,#4038,#4053,#4068,#4083,#4098,#4113,#4128,#4143,#4209,#4224,#4239,#4268,#4297,#4312,#4327,#4342,#4357,#4422,#4487,#4574,#4589,#4654,#4719,#4734,#4749,#4764,#4779,#4794,#4809,#4824,#4839,#4854,#4869,#4884,#4899,#4914,#4929,#4949,#4964,#5005,#5070,#5135,#5176,#5191,#5232,#5297,#5362,#5403,#5421,#5436,#5451,#5466,#5481,#5496,#5511,#5525,#5538,#5551,#5627,#5658,#5689,#5720,#5751,#5782,#5813,#5844,#5875,#5951,#5973,#5995,#6017,#6039,#6061,#6083,#6105,#6127,#6145,#6157,#6175,#6187,#6205,#6217,#6235,#6247,#6265,#6277,#6295,#6307,#6325,#6337,#6355,#6367,#6379,#6391,#6403,#6415,#6491,#6522,#6553,#6584,#6615,#6646,#6677,#6708,#6739,#6815,#6891,#6922,#6953,#6984,#7015,#7046,#7077,#7108,#7139,#7215,#7237,#7259,#7281,#7303,#7325,#7347,#7369,#7391,#7413,#7435,#7457,#7479,#7501,#7523,#7545,#7567,#7585,#7597,#7615,#7627,#7645,#7657,#7675,#7687,#7705,#7717,#7735,#7747,#7765,#7777,#7795,#7807,#7825,#7837,#7855,#7867,#7885,#7897,#7915,#7927,#7945,#7957,#7975,#7987,#8005,#8017,#8035,#8047));
#8049=OVER_RIDING_STYLED_ITEM('',(#1377),#2232,#8048);
#8050=OVER_RIDING_STYLED_ITEM('',(#1377),#2342,#8048);
#8051=OVER_RIDING_STYLED_ITEM('',(#1377),#2452,#8048);
#8052=OVER_RIDING_STYLED_ITEM('',(#1377),#2492,#8048);
#8053=OVER_RIDING_STYLED_ITEM('',(#1377),#2532,#8048);
#8054=OVER_RIDING_STYLED_ITEM('',(#1377),#2642,#8048);
#8055=OVER_RIDING_STYLED_ITEM('',(#1377),#2691,#8048);
#8056=OVER_RIDING_STYLED_ITEM('',(#1377),#2740,#8048);
#8057=OVER_RIDING_STYLED_ITEM('',(#1377),#2830,#8048);
#8058=OVER_RIDING_STYLED_ITEM('',(#1377),#2902,#8048);
#8059=OVER_RIDING_STYLED_ITEM('',(#1377),#2974,#8048);
#8060=OVER_RIDING_STYLED_ITEM('',(#1377),#3039,#8048);
#8061=OVER_RIDING_STYLED_ITEM('',(#1377),#3104,#8048);
#8062=OVER_RIDING_STYLED_ITEM('',(#1377),#3144,#8048);
#8063=OVER_RIDING_STYLED_ITEM('',(#1377),#3184,#8048);
#8064=OVER_RIDING_STYLED_ITEM('',(#1377),#3339,#8048);
#8065=OVER_RIDING_STYLED_ITEM('',(#1377),#3447,#8048);
#8066=OVER_RIDING_STYLED_ITEM('',(#1377),#3520,#8048);
#8067=OVER_RIDING_STYLED_ITEM('',(#1377),#3542,#8048);
#8068=OVER_RIDING_STYLED_ITEM('',(#1377),#3559,#8048);
#8069=OVER_RIDING_STYLED_ITEM('',(#1377),#3576,#8048);
#8070=OVER_RIDING_STYLED_ITEM('',(#1377),#3593,#8048);
#8071=OVER_RIDING_STYLED_ITEM('',(#1377),#3615,#8048);
#8072=OVER_RIDING_STYLED_ITEM('',(#1377),#3632,#8048);
#8073=OVER_RIDING_STYLED_ITEM('',(#1377),#3649,#8048);
#8074=OVER_RIDING_STYLED_ITEM('',(#1377),#3671,#8048);
#8075=OVER_RIDING_STYLED_ITEM('',(#1377),#3683,#8048);
#8076=OVER_RIDING_STYLED_ITEM('',(#1377),#3695,#8048);
#8077=OVER_RIDING_STYLED_ITEM('',(#1377),#3718,#8048);
#8078=OVER_RIDING_STYLED_ITEM('',(#1377),#3740,#8048);
#8079=OVER_RIDING_STYLED_ITEM('',(#1377),#3762,#8048);
#8080=OVER_RIDING_STYLED_ITEM('',(#1377),#3785,#8048);
#8081=OVER_RIDING_STYLED_ITEM('',(#1377),#3802,#8048);
#8082=OVER_RIDING_STYLED_ITEM('',(#1377),#3819,#8048);
#8083=OVER_RIDING_STYLED_ITEM('',(#1377),#3831,#8048);
#8084=OVER_RIDING_STYLED_ITEM('',(#1377),#3843,#8048);
#8085=OVER_RIDING_STYLED_ITEM('',(#1377),#3855,#8048);
#8086=OVER_RIDING_STYLED_ITEM('',(#1377),#3867,#8048);
#8087=OVER_RIDING_STYLED_ITEM('',(#1377),#3879,#8048);
#8088=OVER_RIDING_STYLED_ITEM('',(#1377),#3891,#8048);
#8089=OVER_RIDING_STYLED_ITEM('',(#1377),#3903,#8048);
#8090=OVER_RIDING_STYLED_ITEM('',(#1377),#3915,#8048);
#8091=OVER_RIDING_STYLED_ITEM('',(#1377),#3927,#8048);
#8092=OVER_RIDING_STYLED_ITEM('',(#1377),#3945,#8048);
#8093=OVER_RIDING_STYLED_ITEM('',(#1377),#3963,#8048);
#8094=OVER_RIDING_STYLED_ITEM('',(#1377),#3975,#8048);
#8095=OVER_RIDING_STYLED_ITEM('',(#1377),#3993,#8048);
#8096=OVER_RIDING_STYLED_ITEM('',(#1377),#4011,#8048);
#8097=OVER_RIDING_STYLED_ITEM('',(#1377),#4023,#8048);
#8098=OVER_RIDING_STYLED_ITEM('',(#1377),#4038,#8048);
#8099=OVER_RIDING_STYLED_ITEM('',(#1377),#4053,#8048);
#8100=OVER_RIDING_STYLED_ITEM('',(#1377),#4068,#8048);
#8101=OVER_RIDING_STYLED_ITEM('',(#1377),#4083,#8048);
#8102=OVER_RIDING_STYLED_ITEM('',(#1377),#4098,#8048);
#8103=OVER_RIDING_STYLED_ITEM('',(#1377),#4113,#8048);
#8104=OVER_RIDING_STYLED_ITEM('',(#1377),#4128,#8048);
#8105=OVER_RIDING_STYLED_ITEM('',(#1377),#4143,#8048);
#8106=OVER_RIDING_STYLED_ITEM('',(#1377),#4209,#8048);
#8107=OVER_RIDING_STYLED_ITEM('',(#1377),#4224,#8048);
#8108=OVER_RIDING_STYLED_ITEM('',(#1377),#4239,#8048);
#8109=OVER_RIDING_STYLED_ITEM('',(#1377),#4268,#8048);
#8110=OVER_RIDING_STYLED_ITEM('',(#1377),#4297,#8048);
#8111=OVER_RIDING_STYLED_ITEM('',(#1377),#4312,#8048);
#8112=OVER_RIDING_STYLED_ITEM('',(#1377),#4327,#8048);
#8113=OVER_RIDING_STYLED_ITEM('',(#1377),#4342,#8048);
#8114=OVER_RIDING_STYLED_ITEM('',(#1377),#4357,#8048);
#8115=OVER_RIDING_STYLED_ITEM('',(#1377),#4422,#8048);
#8116=OVER_RIDING_STYLED_ITEM('',(#1377),#4487,#8048);
#8117=OVER_RIDING_STYLED_ITEM('',(#1377),#4574,#8048);
#8118=OVER_RIDING_STYLED_ITEM('',(#1377),#4589,#8048);
#8119=OVER_RIDING_STYLED_ITEM('',(#1377),#4654,#8048);
#8120=OVER_RIDING_STYLED_ITEM('',(#1377),#4719,#8048);
#8121=OVER_RIDING_STYLED_ITEM('',(#1377),#4734,#8048);
#8122=OVER_RIDING_STYLED_ITEM('',(#1377),#4749,#8048);
#8123=OVER_RIDING_STYLED_ITEM('',(#1377),#4764,#8048);
#8124=OVER_RIDING_STYLED_ITEM('',(#1377),#4779,#8048);
#8125=OVER_RIDING_STYLED_ITEM('',(#1377),#4794,#8048);
#8126=OVER_RIDING_STYLED_ITEM('',(#1377),#4809,#8048);
#8127=OVER_RIDING_STYLED_ITEM('',(#1377),#4824,#8048);
#8128=OVER_RIDING_STYLED_ITEM('',(#1377),#4839,#8048);
#8129=OVER_RIDING_STYLED_ITEM('',(#1377),#4854,#8048);
#8130=OVER_RIDING_STYLED_ITEM('',(#1377),#4869,#8048);
#8131=OVER_RIDING_STYLED_ITEM('',(#1377),#4884,#8048);
#8132=OVER_RIDING_STYLED_ITEM('',(#1377),#4899,#8048);
#8133=OVER_RIDING_STYLED_ITEM('',(#1377),#4914,#8048);
#8134=OVER_RIDING_STYLED_ITEM('',(#1377),#4929,#8048);
#8135=OVER_RIDING_STYLED_ITEM('',(#1377),#4949,#8048);
#8136=OVER_RIDING_STYLED_ITEM('',(#1377),#4964,#8048);
#8137=OVER_RIDING_STYLED_ITEM('',(#1377),#5005,#8048);
#8138=OVER_RIDING_STYLED_ITEM('',(#1377),#5070,#8048);
#8139=OVER_RIDING_STYLED_ITEM('',(#1377),#5135,#8048);
#8140=OVER_RIDING_STYLED_ITEM('',(#1377),#5176,#8048);
#8141=OVER_RIDING_STYLED_ITEM('',(#1377),#5191,#8048);
#8142=OVER_RIDING_STYLED_ITEM('',(#1377),#5232,#8048);
#8143=OVER_RIDING_STYLED_ITEM('',(#1377),#5297,#8048);
#8144=OVER_RIDING_STYLED_ITEM('',(#1377),#5362,#8048);
#8145=OVER_RIDING_STYLED_ITEM('',(#1377),#5403,#8048);
#8146=OVER_RIDING_STYLED_ITEM('',(#1377),#5421,#8048);
#8147=OVER_RIDING_STYLED_ITEM('',(#1377),#5436,#8048);
#8148=OVER_RIDING_STYLED_ITEM('',(#1377),#5451,#8048);
#8149=OVER_RIDING_STYLED_ITEM('',(#1377),#5466,#8048);
#8150=OVER_RIDING_STYLED_ITEM('',(#1377),#5481,#8048);
#8151=OVER_RIDING_STYLED_ITEM('',(#1377),#5496,#8048);
#8152=OVER_RIDING_STYLED_ITEM('',(#1377),#5511,#8048);
#8153=OVER_RIDING_STYLED_ITEM('',(#1377),#5525,#8048);
#8154=OVER_RIDING_STYLED_ITEM('',(#1377),#5538,#8048);
#8155=OVER_RIDING_STYLED_ITEM('',(#1377),#5551,#8048);
#8156=OVER_RIDING_STYLED_ITEM('',(#1377),#5627,#8048);
#8157=OVER_RIDING_STYLED_ITEM('',(#1377),#5658,#8048);
#8158=OVER_RIDING_STYLED_ITEM('',(#1377),#5689,#8048);
#8159=OVER_RIDING_STYLED_ITEM('',(#1377),#5720,#8048);
#8160=OVER_RIDING_STYLED_ITEM('',(#1377),#5751,#8048);
#8161=OVER_RIDING_STYLED_ITEM('',(#1377),#5782,#8048);
#8162=OVER_RIDING_STYLED_ITEM('',(#1377),#5813,#8048);
#8163=OVER_RIDING_STYLED_ITEM('',(#1377),#5844,#8048);
#8164=OVER_RIDING_STYLED_ITEM('',(#1377),#5875,#8048);
#8165=OVER_RIDING_STYLED_ITEM('',(#1377),#5951,#8048);
#8166=OVER_RIDING_STYLED_ITEM('',(#1377),#5973,#8048);
#8167=OVER_RIDING_STYLED_ITEM('',(#1377),#5995,#8048);
#8168=OVER_RIDING_STYLED_ITEM('',(#1377),#6017,#8048);
#8169=OVER_RIDING_STYLED_ITEM('',(#1377),#6039,#8048);
#8170=OVER_RIDING_STYLED_ITEM('',(#1377),#6061,#8048);
#8171=OVER_RIDING_STYLED_ITEM('',(#1377),#6083,#8048);
#8172=OVER_RIDING_STYLED_ITEM('',(#1377),#6105,#8048);
#8173=OVER_RIDING_STYLED_ITEM('',(#1377),#6127,#8048);
#8174=OVER_RIDING_STYLED_ITEM('',(#1377),#6145,#8048);
#8175=OVER_RIDING_STYLED_ITEM('',(#1377),#6157,#8048);
#8176=OVER_RIDING_STYLED_ITEM('',(#1377),#6175,#8048);
#8177=OVER_RIDING_STYLED_ITEM('',(#1377),#6187,#8048);
#8178=OVER_RIDING_STYLED_ITEM('',(#1377),#6205,#8048);
#8179=OVER_RIDING_STYLED_ITEM('',(#1377),#6217,#8048);
#8180=OVER_RIDING_STYLED_ITEM('',(#1377),#6235,#8048);
#8181=OVER_RIDING_STYLED_ITEM('',(#1377),#6247,#8048);
#8182=OVER_RIDING_STYLED_ITEM('',(#1377),#6265,#8048);
#8183=OVER_RIDING_STYLED_ITEM('',(#1377),#6277,#8048);
#8184=OVER_RIDING_STYLED_ITEM('',(#1377),#6295,#8048);
#8185=OVER_RIDING_STYLED_ITEM('',(#1377),#6307,#8048);
#8186=OVER_RIDING_STYLED_ITEM('',(#1377),#6325,#8048);
#8187=OVER_RIDING_STYLED_ITEM('',(#1377),#6337,#8048);
#8188=OVER_RIDING_STYLED_ITEM('',(#1377),#6355,#8048);
#8189=OVER_RIDING_STYLED_ITEM('',(#1377),#6367,#8048);
#8190=OVER_RIDING_STYLED_ITEM('',(#1377),#6379,#8048);
#8191=OVER_RIDING_STYLED_ITEM('',(#1377),#6391,#8048);
#8192=OVER_RIDING_STYLED_ITEM('',(#1377),#6403,#8048);
#8193=OVER_RIDING_STYLED_ITEM('',(#1377),#6415,#8048);
#8194=OVER_RIDING_STYLED_ITEM('',(#1377),#6491,#8048);
#8195=OVER_RIDING_STYLED_ITEM('',(#1377),#6522,#8048);
#8196=OVER_RIDING_STYLED_ITEM('',(#1377),#6553,#8048);
#8197=OVER_RIDING_STYLED_ITEM('',(#1377),#6584,#8048);
#8198=OVER_RIDING_STYLED_ITEM('',(#1377),#6615,#8048);
#8199=OVER_RIDING_STYLED_ITEM('',(#1377),#6646,#8048);
#8200=OVER_RIDING_STYLED_ITEM('',(#1377),#6677,#8048);
#8201=OVER_RIDING_STYLED_ITEM('',(#1377),#6708,#8048);
#8202=OVER_RIDING_STYLED_ITEM('',(#1377),#6739,#8048);
#8203=OVER_RIDING_STYLED_ITEM('',(#1377),#6815,#8048);
#8204=OVER_RIDING_STYLED_ITEM('',(#1377),#6891,#8048);
#8205=OVER_RIDING_STYLED_ITEM('',(#1377),#6922,#8048);
#8206=OVER_RIDING_STYLED_ITEM('',(#1377),#6953,#8048);
#8207=OVER_RIDING_STYLED_ITEM('',(#1377),#6984,#8048);
#8208=OVER_RIDING_STYLED_ITEM('',(#1377),#7015,#8048);
#8209=OVER_RIDING_STYLED_ITEM('',(#1377),#7046,#8048);
#8210=OVER_RIDING_STYLED_ITEM('',(#1377),#7077,#8048);
#8211=OVER_RIDING_STYLED_ITEM('',(#1377),#7108,#8048);
#8212=OVER_RIDING_STYLED_ITEM('',(#1377),#7139,#8048);
#8213=OVER_RIDING_STYLED_ITEM('',(#1377),#7215,#8048);
#8214=OVER_RIDING_STYLED_ITEM('',(#1377),#7237,#8048);
#8215=OVER_RIDING_STYLED_ITEM('',(#1377),#7259,#8048);
#8216=OVER_RIDING_STYLED_ITEM('',(#1377),#7281,#8048);
#8217=OVER_RIDING_STYLED_ITEM('',(#1377),#7303,#8048);
#8218=OVER_RIDING_STYLED_ITEM('',(#1377),#7325,#8048);
#8219=OVER_RIDING_STYLED_ITEM('',(#1377),#7347,#8048);
#8220=OVER_RIDING_STYLED_ITEM('',(#1377),#7369,#8048);
#8221=OVER_RIDING_STYLED_ITEM('',(#1377),#7391,#8048);
#8222=OVER_RIDING_STYLED_ITEM('',(#1377),#7413,#8048);
#8223=OVER_RIDING_STYLED_ITEM('',(#1377),#7435,#8048);
#8224=OVER_RIDING_STYLED_ITEM('',(#1377),#7457,#8048);
#8225=OVER_RIDING_STYLED_ITEM('',(#1377),#7479,#8048);
#8226=OVER_RIDING_STYLED_ITEM('',(#1377),#7501,#8048);
#8227=OVER_RIDING_STYLED_ITEM('',(#1377),#7523,#8048);
#8228=OVER_RIDING_STYLED_ITEM('',(#1377),#7545,#8048);
#8229=OVER_RIDING_STYLED_ITEM('',(#1377),#7567,#8048);
#8230=OVER_RIDING_STYLED_ITEM('',(#1377),#7585,#8048);
#8231=OVER_RIDING_STYLED_ITEM('',(#1377),#7597,#8048);
#8232=OVER_RIDING_STYLED_ITEM('',(#1377),#7615,#8048);
#8233=OVER_RIDING_STYLED_ITEM('',(#1377),#7627,#8048);
#8234=OVER_RIDING_STYLED_ITEM('',(#1377),#7645,#8048);
#8235=OVER_RIDING_STYLED_ITEM('',(#1377),#7657,#8048);
#8236=OVER_RIDING_STYLED_ITEM('',(#1377),#7675,#8048);
#8237=OVER_RIDING_STYLED_ITEM('',(#1377),#7687,#8048);
#8238=OVER_RIDING_STYLED_ITEM('',(#1377),#7705,#8048);
#8239=OVER_RIDING_STYLED_ITEM('',(#1377),#7717,#8048);
#8240=OVER_RIDING_STYLED_ITEM('',(#1377),#7735,#8048);
#8241=OVER_RIDING_STYLED_ITEM('',(#1377),#7747,#8048);
#8242=OVER_RIDING_STYLED_ITEM('',(#1377),#7765,#8048);
#8243=OVER_RIDING_STYLED_ITEM('',(#1377),#7777,#8048);
#8244=OVER_RIDING_STYLED_ITEM('',(#1377),#7795,#8048);
#8245=OVER_RIDING_STYLED_ITEM('',(#1377),#7807,#8048);
#8246=OVER_RIDING_STYLED_ITEM('',(#1377),#7825,#8048);
#8247=OVER_RIDING_STYLED_ITEM('',(#1377),#7837,#8048);
#8248=OVER_RIDING_STYLED_ITEM('',(#1377),#7855,#8048);
#8249=OVER_RIDING_STYLED_ITEM('',(#1377),#7867,#8048);
#8250=OVER_RIDING_STYLED_ITEM('',(#1377),#7885,#8048);
#8251=OVER_RIDING_STYLED_ITEM('',(#1377),#7897,#8048);
#8252=OVER_RIDING_STYLED_ITEM('',(#1377),#7915,#8048);
#8253=OVER_RIDING_STYLED_ITEM('',(#1377),#7927,#8048);
#8254=OVER_RIDING_STYLED_ITEM('',(#1377),#7945,#8048);
#8255=OVER_RIDING_STYLED_ITEM('',(#1377),#7957,#8048);
#8256=OVER_RIDING_STYLED_ITEM('',(#1377),#7975,#8048);
#8257=OVER_RIDING_STYLED_ITEM('',(#1377),#7987,#8048);
#8258=OVER_RIDING_STYLED_ITEM('',(#1377),#8005,#8048);
#8259=OVER_RIDING_STYLED_ITEM('',(#1377),#8017,#8048);
#8260=OVER_RIDING_STYLED_ITEM('',(#1377),#8035,#8048);
#8261=OVER_RIDING_STYLED_ITEM('',(#1377),#8047,#8048);
#8262=MANIFOLD_SOLID_BREP('S1',#8048);
#8263=CARTESIAN_POINT('',(2.1316282072803E-14,-1.1546319456102E-14,21.));
#8264=DIRECTION('',(0.007953543100319,-0.99996837007585,-7.829672019395E-16));
#8265=DIRECTION('',(1.2027416100106E-16,1.4802973661669E-15,-1.));
#8266=AXIS2_PLACEMENT_3D('',#8263,#8265,#8264);
#8267=CYLINDRICAL_SURFACE('',#8266,18.15);
#8268=CARTESIAN_POINT('',(0.14435680727081,-18.149425916877,21.));
#8269=VERTEX_POINT('',#8268);
#8270=CARTESIAN_POINT('',(1.5210055437365E-14,-1.4210854715202E-14,21.));
#8271=DIRECTION('',(0.0079535431003191,-0.99996837007585,-2.0761553172678E-16));
#8272=DIRECTION('',(2.0595768578337E-16,2.0926024394314E-16,-1.));
#8273=AXIS2_PLACEMENT_3D('',#8270,#8272,#8271);
#8274=CIRCLE('',#8273,18.15);
#8275=EDGE_CURVE('',#8269,#8269,#8274,.T.);
#8276=ORIENTED_EDGE('',*,*,#8275,.T.);
#8277=CARTESIAN_POINT('',(0.14435680727081,-18.149425916877,18.));
#8278=VERTEX_POINT('',#8277);
#8279=CARTESIAN_POINT('',(0.14435680727081,-18.149425916877,21.));
#8280=DIRECTION('',(0.,0.,-1.));
#8281=VECTOR('',#8280,3.);
#8282=LINE('',#8279,#8281);
#8283=EDGE_CURVE('',#8269,#8278,#8282,.T.);
#8284=ORIENTED_EDGE('',*,*,#8283,.T.);
#8285=CARTESIAN_POINT('',(1.5265566588596E-14,-2.1316282072803E-14,18.));
#8286=DIRECTION('',(0.0079535431003191,-0.99996837007585,-2.5307324648523E-16));
#8287=DIRECTION('',(-1.3639314760205E-16,-2.5416609451756E-16,1.));
#8288=AXIS2_PLACEMENT_3D('',#8285,#8287,#8286);
#8289=CIRCLE('',#8288,18.15);
#8290=EDGE_CURVE('',#8278,#8278,#8289,.T.);
#8291=ORIENTED_EDGE('',*,*,#8290,.T.);
#8292=ORIENTED_EDGE('',*,*,#8283,.F.);
#8293=EDGE_LOOP('',(#8276,#8284,#8291,#8292));
#8294=FACE_OUTER_BOUND('',#8293,.T.);
#8295=ADVANCED_FACE('',(#8294),#8267,.T.);
#8296=CARTESIAN_POINT('',(11.25,5.3000000000001,18.5));
#8297=DIRECTION('',(1.,7.662715777805E-15,0.));
#8298=DIRECTION('',(7.662715777805E-15,-1.,0.));
#8299=AXIS2_PLACEMENT_3D('',#8296,#8298,#8297);
#8300=PLANE('',#8299);
#8301=CARTESIAN_POINT('',(9.3,5.3000000000001,21.));
#8302=VERTEX_POINT('',#8301);
#8303=CARTESIAN_POINT('',(9.3,5.3000000000001,18.));
#8304=VERTEX_POINT('',#8303);
#8305=CARTESIAN_POINT('',(9.3,5.3000000000001,21.));
#8306=DIRECTION('',(0.,0.,-1.));
#8307=VECTOR('',#8306,3.);
#8308=LINE('',#8305,#8307);
#8309=EDGE_CURVE('',#8302,#8304,#8308,.T.);
#8310=ORIENTED_EDGE('',*,*,#8309,.T.);
#8311=CARTESIAN_POINT('',(13.8,5.3000000000001,18.));
#8312=VERTEX_POINT('',#8311);
#8313=CARTESIAN_POINT('',(9.3,5.3000000000001,18.));
#8314=DIRECTION('',(1.,0.,0.));
#8315=VECTOR('',#8314,4.5);
#8316=LINE('',#8313,#8315);
#8317=EDGE_CURVE('',#8304,#8312,#8316,.T.);
#8318=ORIENTED_EDGE('',*,*,#8317,.T.);
#8319=CARTESIAN_POINT('',(13.8,5.3000000000001,21.));
#8320=VERTEX_POINT('',#8319);
#8321=CARTESIAN_POINT('',(13.8,5.3000000000001,18.));
#8322=DIRECTION('',(0.,0.,1.));
#8323=VECTOR('',#8322,3.);
#8324=LINE('',#8321,#8323);
#8325=EDGE_CURVE('',#8312,#8320,#8324,.T.);
#8326=ORIENTED_EDGE('',*,*,#8325,.T.);
#8327=CARTESIAN_POINT('',(13.8,5.3000000000001,21.));
#8328=DIRECTION('',(-1.,0.,0.));
#8329=VECTOR('',#8328,4.5);
#8330=LINE('',#8327,#8329);
#8331=EDGE_CURVE('',#8320,#8302,#8330,.T.);
#8332=ORIENTED_EDGE('',*,*,#8331,.T.);
#8333=EDGE_LOOP('',(#8310,#8318,#8326,#8332));
#8334=FACE_OUTER_BOUND('',#8333,.T.);
#8335=ADVANCED_FACE('',(#8334),#8300,.T.);
#8336=CARTESIAN_POINT('',(8.3000000000001,5.3290705182008E-14,18.5));
#8337=DIRECTION('',(-7.8490185926987E-15,1.,0.));
#8338=DIRECTION('',(1.,7.8490185926987E-15,-0.));
#8339=AXIS2_PLACEMENT_3D('',#8336,#8338,#8337);
#8340=PLANE('',#8339);
#8341=CARTESIAN_POINT('',(8.3,-4.2999999999999,21.));
#8342=VERTEX_POINT('',#8341);
#8343=CARTESIAN_POINT('',(8.3,-4.2999999999999,18.));
#8344=VERTEX_POINT('',#8343);
#8345=CARTESIAN_POINT('',(8.3,-4.2999999999999,21.));
#8346=DIRECTION('',(0.,0.,-1.));
#8347=VECTOR('',#8346,3.);
#8348=LINE('',#8345,#8347);
#8349=EDGE_CURVE('',#8342,#8344,#8348,.T.);
#8350=ORIENTED_EDGE('',*,*,#8349,.T.);
#8351=CARTESIAN_POINT('',(8.3,4.3000000000001,18.));
#8352=VERTEX_POINT('',#8351);
#8353=CARTESIAN_POINT('',(8.3,-4.2999999999999,18.));
#8354=DIRECTION('',(0.,1.,0.));
#8355=VECTOR('',#8354,8.6);
#8356=LINE('',#8353,#8355);
#8357=EDGE_CURVE('',#8344,#8352,#8356,.T.);
#8358=ORIENTED_EDGE('',*,*,#8357,.T.);
#8359=CARTESIAN_POINT('',(8.3,4.3000000000001,21.));
#8360=VERTEX_POINT('',#8359);
#8361=CARTESIAN_POINT('',(8.3,4.3000000000001,18.));
#8362=DIRECTION('',(0.,0.,1.));
#8363=VECTOR('',#8362,3.);
#8364=LINE('',#8361,#8363);
#8365=EDGE_CURVE('',#8352,#8360,#8364,.T.);
#8366=ORIENTED_EDGE('',*,*,#8365,.T.);
#8367=CARTESIAN_POINT('',(8.3,4.3000000000001,21.));
#8368=DIRECTION('',(0.,-1.,0.));
#8369=VECTOR('',#8368,8.6);
#8370=LINE('',#8367,#8369);
#8371=EDGE_CURVE('',#8360,#8342,#8370,.T.);
#8372=ORIENTED_EDGE('',*,*,#8371,.T.);
#8373=EDGE_LOOP('',(#8350,#8358,#8366,#8372));
#8374=FACE_OUTER_BOUND('',#8373,.T.);
#8375=ADVANCED_FACE('',(#8374),#8340,.T.);
#8376=CARTESIAN_POINT('',(11.55,-5.2999999999999,18.5));
#8377=DIRECTION('',(-1.,-7.5001733219122E-15,0.));
#8378=DIRECTION('',(-7.5001733219122E-15,1.,0.));
#8379=AXIS2_PLACEMENT_3D('',#8376,#8378,#8377);
#8380=PLANE('',#8379);
#8381=CARTESIAN_POINT('',(13.8,-5.2999999999999,21.));
#8382=VERTEX_POINT('',#8381);
#8383=CARTESIAN_POINT('',(13.8,-5.2999999999999,18.));
#8384=VERTEX_POINT('',#8383);
#8385=CARTESIAN_POINT('',(13.8,-5.2999999999999,21.));
#8386=DIRECTION('',(0.,0.,-1.));
#8387=VECTOR('',#8386,3.);
#8388=LINE('',#8385,#8387);
#8389=EDGE_CURVE('',#8382,#8384,#8388,.T.);
#8390=ORIENTED_EDGE('',*,*,#8389,.T.);
#8391=CARTESIAN_POINT('',(9.3,-5.2999999999999,18.));
#8392=VERTEX_POINT('',#8391);
#8393=CARTESIAN_POINT('',(13.8,-5.2999999999999,18.));
#8394=DIRECTION('',(-1.,0.,0.));
#8395=VECTOR('',#8394,4.5);
#8396=LINE('',#8393,#8395);
#8397=EDGE_CURVE('',#8384,#8392,#8396,.T.);
#8398=ORIENTED_EDGE('',*,*,#8397,.T.);
#8399=CARTESIAN_POINT('',(9.3000000000001,-5.2999999999999,21.));
#8400=VERTEX_POINT('',#8399);
#8401=CARTESIAN_POINT('',(9.3,-5.2999999999999,18.));
#8402=DIRECTION('',(3.3158661002138E-14,0.,1.));
#8403=VECTOR('',#8402,3.);
#8404=LINE('',#8401,#8403);
#8405=EDGE_CURVE('',#8392,#8400,#8404,.T.);
#8406=ORIENTED_EDGE('',*,*,#8405,.T.);
#8407=CARTESIAN_POINT('',(9.3000000000001,-5.2999999999999,21.));
#8408=DIRECTION('',(1.,0.,0.));
#8409=VECTOR('',#8408,4.4999999999999);
#8410=LINE('',#8407,#8409);
#8411=EDGE_CURVE('',#8400,#8382,#8410,.T.);
#8412=ORIENTED_EDGE('',*,*,#8411,.T.);
#8413=EDGE_LOOP('',(#8390,#8398,#8406,#8412));
#8414=FACE_OUTER_BOUND('',#8413,.T.);
#8415=ADVANCED_FACE('',(#8414),#8380,.T.);
#8416=CARTESIAN_POINT('',(14.8,0.3000000000001,18.5));
#8417=DIRECTION('',(6.9509615454792E-15,-1.,0.));
#8418=DIRECTION('',(-1.,-6.9509615454792E-15,0.));
#8419=AXIS2_PLACEMENT_3D('',#8416,#8418,#8417);
#8420=PLANE('',#8419);
#8421=CARTESIAN_POINT('',(14.8,4.3000000000001,21.));
#8422=VERTEX_POINT('',#8421);
#8423=CARTESIAN_POINT('',(14.8,4.3000000000001,18.));
#8424=VERTEX_POINT('',#8423);
#8425=CARTESIAN_POINT('',(14.8,4.3000000000001,21.));
#8426=DIRECTION('',(0.,0.,-1.));
#8427=VECTOR('',#8426,3.);
#8428=LINE('',#8425,#8427);
#8429=EDGE_CURVE('',#8422,#8424,#8428,.T.);
#8430=ORIENTED_EDGE('',*,*,#8429,.T.);
#8431=CARTESIAN_POINT('',(14.8,-4.2999999999999,18.));
#8432=VERTEX_POINT('',#8431);
#8433=CARTESIAN_POINT('',(14.8,4.3000000000001,18.));
#8434=DIRECTION('',(0.,-1.,0.));
#8435=VECTOR('',#8434,8.6);
#8436=LINE('',#8433,#8435);
#8437=EDGE_CURVE('',#8424,#8432,#8436,.T.);
#8438=ORIENTED_EDGE('',*,*,#8437,.T.);
#8439=CARTESIAN_POINT('',(14.8,-4.2999999999999,21.));
#8440=VERTEX_POINT('',#8439);
#8441=CARTESIAN_POINT('',(14.8,-4.2999999999999,18.));
#8442=DIRECTION('',(0.,0.,1.));
#8443=VECTOR('',#8442,3.);
#8444=LINE('',#8441,#8443);
#8445=EDGE_CURVE('',#8432,#8440,#8444,.T.);
#8446=ORIENTED_EDGE('',*,*,#8445,.T.);
#8447=CARTESIAN_POINT('',(14.8,-4.2999999999999,21.));
#8448=DIRECTION('',(0.,1.,0.));
#8449=VECTOR('',#8448,8.6);
#8450=LINE('',#8447,#8449);
#8451=EDGE_CURVE('',#8440,#8422,#8450,.T.);
#8452=ORIENTED_EDGE('',*,*,#8451,.T.);
#8453=EDGE_LOOP('',(#8430,#8438,#8446,#8452));
#8454=FACE_OUTER_BOUND('',#8453,.T.);
#8455=ADVANCED_FACE('',(#8454),#8420,.T.);
#8456=CARTESIAN_POINT('',(9.2999999999999,4.3000000000001,21.));
#8457=DIRECTION('',(-0.99999999978831,-2.0576005287154E-05,-3.5527136788006E-15));
#8458=DIRECTION('',(2.9605947323337E-15,-2.6645352591004E-15,-1.));
#8459=AXIS2_PLACEMENT_3D('',#8456,#8458,#8457);
#8460=CYLINDRICAL_SURFACE('',#8459,0.99999999999997);
#8461=ORIENTED_EDGE('',*,*,#8365,.F.);
#8462=CARTESIAN_POINT('',(9.2999999999999,4.3000000000001,18.));
#8463=DIRECTION('',(-1.,3.5527136788008E-15,0.));
#8464=DIRECTION('',(0.,0.,-1.));
#8465=AXIS2_PLACEMENT_3D('',#8462,#8464,#8463);
#8466=CIRCLE('',#8465,0.9999999999999);
#8467=EDGE_CURVE('',#8352,#8304,#8466,.T.);
#8468=ORIENTED_EDGE('',*,*,#8467,.T.);
#8469=ORIENTED_EDGE('',*,*,#8309,.F.);
#8470=CARTESIAN_POINT('',(9.2999999999999,4.3000000000001,21.));
#8471=DIRECTION('',(1.0125233984581E-13,1.,1.4210854715202E-14));
#8472=DIRECTION('',(6.6977616681165E-15,-1.6169827056713E-14,1.));
#8473=AXIS2_PLACEMENT_3D('',#8470,#8472,#8471);
#8474=CIRCLE('',#8473,1.);
#8475=EDGE_CURVE('',#8302,#8360,#8474,.T.);
#8476=ORIENTED_EDGE('',*,*,#8475,.T.);
#8477=EDGE_LOOP('',(#8461,#8468,#8469,#8476));
#8478=FACE_OUTER_BOUND('',#8477,.T.);
#8479=ADVANCED_FACE('',(#8478),#8460,.F.);
#8480=CARTESIAN_POINT('',(13.8,4.3000000000002,21.));
#8481=DIRECTION('',(-3.6550100013245E-07,0.99999999999993,0.));
#8482=DIRECTION('',(-1.1842378929335E-15,0.,-1.));
#8483=AXIS2_PLACEMENT_3D('',#8480,#8482,#8481);
#8484=CYLINDRICAL_SURFACE('',#8483,0.99999999999996);
#8485=ORIENTED_EDGE('',*,*,#8325,.F.);
#8486=CARTESIAN_POINT('',(13.8,4.3,18.));
#8487=DIRECTION('',(1.7763568394001E-15,1.,-1.06581410364E-14));
#8488=DIRECTION('',(1.7447963909833E-15,-1.2466058324219E-14,-1.));
#8489=AXIS2_PLACEMENT_3D('',#8486,#8488,#8487);
#8490=CIRCLE('',#8489,1.0000000000001);
#8491=EDGE_CURVE('',#8312,#8424,#8490,.T.);
#8492=ORIENTED_EDGE('',*,*,#8491,.T.);
#8493=ORIENTED_EDGE('',*,*,#8429,.F.);
#8494=CARTESIAN_POINT('',(13.8,4.3,21.));
#8495=DIRECTION('',(1.,9.9475983006414E-14,0.));
#8496=DIRECTION('',(0.,0.,1.));
#8497=AXIS2_PLACEMENT_3D('',#8494,#8496,#8495);
#8498=CIRCLE('',#8497,1.);
#8499=EDGE_CURVE('',#8422,#8320,#8498,.T.);
#8500=ORIENTED_EDGE('',*,*,#8499,.T.);
#8501=EDGE_LOOP('',(#8485,#8492,#8493,#8500));
#8502=FACE_OUTER_BOUND('',#8501,.T.);
#8503=ADVANCED_FACE('',(#8502),#8484,.F.);
#8504=CARTESIAN_POINT('',(13.8,-4.2999999999999,21.));
#8505=DIRECTION('',(0.99999999999993,3.6550100279698E-07,0.));
#8506=DIRECTION('',(-1.1842378929335E-15,-2.9605947323338E-16,-1.));
#8507=AXIS2_PLACEMENT_3D('',#8504,#8506,#8505);
#8508=CYLINDRICAL_SURFACE('',#8507,0.99999999999999);
#8509=ORIENTED_EDGE('',*,*,#8445,.F.);
#8510=CARTESIAN_POINT('',(13.8,-4.2999999999999,18.));
#8511=DIRECTION('',(1.,-8.8817841970012E-16,0.));
#8512=DIRECTION('',(2.1442523866471E-15,-2.1442523866471E-15,-1.));
#8513=AXIS2_PLACEMENT_3D('',#8510,#8512,#8511);
#8514=CIRCLE('',#8513,1.);
#8515=EDGE_CURVE('',#8432,#8384,#8514,.T.);
#8516=ORIENTED_EDGE('',*,*,#8515,.T.);
#8517=ORIENTED_EDGE('',*,*,#8389,.F.);
#8518=CARTESIAN_POINT('',(13.8,-4.2999999999999,21.));
#8519=DIRECTION('',(0.,-1.,-3.5527136788005E-15));
#8520=DIRECTION('',(2.1442523866471E-15,-2.1442523866471E-15,1.));
#8521=AXIS2_PLACEMENT_3D('',#8518,#8520,#8519);
#8522=CIRCLE('',#8521,1.);
#8523=EDGE_CURVE('',#8382,#8440,#8522,.T.);
#8524=ORIENTED_EDGE('',*,*,#8523,.T.);
#8525=EDGE_LOOP('',(#8509,#8516,#8517,#8524));
#8526=FACE_OUTER_BOUND('',#8525,.T.);
#8527=ADVANCED_FACE('',(#8526),#8508,.F.);
#8528=CARTESIAN_POINT('',(9.3000000000001,-4.3,21.));
#8529=DIRECTION('',(2.0576005299589E-05,-0.99999999978831,3.5527136788005E-15));
#8530=DIRECTION('',(0.,0.,-1.));
#8531=AXIS2_PLACEMENT_3D('',#8528,#8530,#8529);
#8532=CYLINDRICAL_SURFACE('',#8531,0.99999999999999);
#8533=ORIENTED_EDGE('',*,*,#8405,.F.);
#8534=CARTESIAN_POINT('',(9.3000000000001,-4.3,18.));
#8535=DIRECTION('',(-1.0125233984582E-13,-1.,-3.5527136788009E-15));
#8536=DIRECTION('',(2.1442523866476E-15,2.1442523866471E-15,-1.));
#8537=AXIS2_PLACEMENT_3D('',#8534,#8536,#8535);
#8538=CIRCLE('',#8537,0.9999999999999);
#8539=EDGE_CURVE('',#8392,#8344,#8538,.T.);
#8540=ORIENTED_EDGE('',*,*,#8539,.T.);
#8541=ORIENTED_EDGE('',*,*,#8349,.F.);
#8542=CARTESIAN_POINT('',(9.3000000000001,-4.3,21.));
#8543=DIRECTION('',(-1.,9.8587804586704E-14,3.1974423109201E-14));
#8544=DIRECTION('',(3.0992168525363E-14,1.2837376530555E-14,1.));
#8545=AXIS2_PLACEMENT_3D('',#8542,#8544,#8543);
#8546=CIRCLE('',#8545,1.0000000000001);
#8547=EDGE_CURVE('',#8342,#8400,#8546,.T.);
#8548=ORIENTED_EDGE('',*,*,#8547,.T.);
#8549=EDGE_LOOP('',(#8533,#8540,#8541,#8548));
#8550=FACE_OUTER_BOUND('',#8549,.T.);
#8551=ADVANCED_FACE('',(#8550),#8532,.F.);
#8552=CARTESIAN_POINT('',(-0.072178403635377,9.0747129584383,21.));
#8553=DIRECTION('',(0.0079535431003194,-0.99996837007585,-3.2281309856452E-16));
#8554=DIRECTION('',(-9.3767929070754E-17,-3.2356912029655E-16,1.));
#8555=AXIS2_PLACEMENT_3D('',#8552,#8554,#8553);
#8556=PLANE('',#8555);
#8557=ORIENTED_EDGE('',*,*,#8275,.F.);
#8558=EDGE_LOOP('',(#8557));
#8559=FACE_OUTER_BOUND('',#8558,.T.);
#8560=ORIENTED_EDGE('',*,*,#8499,.F.);
#8561=ORIENTED_EDGE('',*,*,#8451,.F.);
#8562=ORIENTED_EDGE('',*,*,#8523,.F.);
#8563=ORIENTED_EDGE('',*,*,#8411,.F.);
#8564=ORIENTED_EDGE('',*,*,#8547,.F.);
#8565=ORIENTED_EDGE('',*,*,#8371,.F.);
#8566=ORIENTED_EDGE('',*,*,#8475,.F.);
#8567=ORIENTED_EDGE('',*,*,#8331,.F.);
#8568=EDGE_LOOP('',(#8560,#8561,#8562,#8563,#8564,#8565,#8566,#8567));
#8569=FACE_BOUND('',#8568,.T.);
#8570=ADVANCED_FACE('',(#8559,#8569),#8556,.T.);
#8571=CARTESIAN_POINT('',(-0.070587695015316,8.8747192844231,18.));
#8572=DIRECTION('',(0.0079535431003194,-0.99996837007585,-3.2517684309995E-16));
#8573=DIRECTION('',(9.3749128926714E-17,3.2593279006691E-16,-1.));
#8574=AXIS2_PLACEMENT_3D('',#8571,#8573,#8572);
#8575=PLANE('',#8574);
#8576=ORIENTED_EDGE('',*,*,#8290,.F.);
#8577=EDGE_LOOP('',(#8576));
#8578=FACE_OUTER_BOUND('',#8577,.T.);
#8579=ORIENTED_EDGE('',*,*,#8357,.F.);
#8580=ORIENTED_EDGE('',*,*,#8539,.F.);
#8581=ORIENTED_EDGE('',*,*,#8397,.F.);
#8582=ORIENTED_EDGE('',*,*,#8515,.F.);
#8583=ORIENTED_EDGE('',*,*,#8437,.F.);
#8584=ORIENTED_EDGE('',*,*,#8491,.F.);
#8585=ORIENTED_EDGE('',*,*,#8317,.F.);
#8586=ORIENTED_EDGE('',*,*,#8467,.F.);
#8587=EDGE_LOOP('',(#8579,#8580,#8581,#8582,#8583,#8584,#8585,#8586));
#8588=FACE_BOUND('',#8587,.T.);
#8589=ADVANCED_FACE('',(#8578,#8588),#8575,.T.);
#8590=CLOSED_SHELL('',(#8295,#8335,#8375,#8415,#8455,#8479,#8503,#8527,#8551,#8570,#8589));
#8591=OVER_RIDING_STYLED_ITEM('',(#1377),#8295,#8590);
#8592=OVER_RIDING_STYLED_ITEM('',(#1377),#8335,#8590);
#8593=OVER_RIDING_STYLED_ITEM('',(#1377),#8375,#8590);
#8594=OVER_RIDING_STYLED_ITEM('',(#1377),#8415,#8590);
#8595=OVER_RIDING_STYLED_ITEM('',(#1377),#8455,#8590);
#8596=OVER_RIDING_STYLED_ITEM('',(#1377),#8479,#8590);
#8597=OVER_RIDING_STYLED_ITEM('',(#1377),#8503,#8590);
#8598=OVER_RIDING_STYLED_ITEM('',(#1377),#8527,#8590);
#8599=OVER_RIDING_STYLED_ITEM('',(#1377),#8551,#8590);
#8600=OVER_RIDING_STYLED_ITEM('',(#1377),#8570,#8590);
#8601=OVER_RIDING_STYLED_ITEM('',(#1377),#8589,#8590);
#8602=MANIFOLD_SOLID_BREP('S1',#8590);
#8603=ADVANCED_BREP_SHAPE_REPRESENTATION('',(#1516,#8262,#8602),#5);
#8604=SHAPE_REPRESENTATION_RELATIONSHIP('NONE', 'NONE', #28, #8603);
#8605=PRESENTATION_LAYER_ASSIGNMENT('图层000','',(#1516,#8262,#8602));
#8606=MECHANICAL_DESIGN_GEOMETRIC_PRESENTATION_REPRESENTATION('',(#1378,#1379,#1380,#1381,#1382,#1383,#1384,#1385,#1386,#1387,#1388,#1389,#1390,#1391,#1392,#1393,#1394,#1395,#1396,#1397,#1398,#1399,#1400,#1408,#1409,#1410,#1411,#1412,#1413,#1414,#1415,#1416,#1417,#1418,#1419,#1420,#1421,#1422,#1423,#1424,#1425,#1426,#1427,#1428,#1429,#1430,#1431,#1432,#1433,#1434,#1435,#1436,#1437,#1474,#1475,#1513,#1514,#8049,#8050,#8051,#8052,#8053,#8054,#8055,#8056,#8057,#8058,#8059,#8060,#8061,#8062,#8063,#8064,#8065,#8066,#8067,#8068,#8069,#8070,#8071,#8072,#8073,#8074,#8075,#8076,#8077,#8078,#8079,#8080,#8081,#8082,#8083,#8084,#8085,#8086,#8087,#8088,#8089,#8090,#8091,#8092,#8093,#8094,#8095,#8096,#8097,#8098,#8099,#8100,#8101,#8102,#8103,#8104,#8105,#8106,#8107,#8108,#8109,#8110,#8111,#8112,#8113,#8114,#8115,#8116,#8117,#8118,#8119,#8120,#8121,#8122,#8123,#8124,#8125,#8126,#8127,#8128,#8129,#8130,#8131,#8132,#8133,#8134,#8135,#8136,#8137,#8138,#8139,#8140,#8141,#8142,#8143,#8144,#8145,#8146,#8147,#8148,#8149,#8150,#8151,#8152,#8153,#8154,#8155,#8156,#8157,#8158,#8159,#8160,#8161,#8162,#8163,#8164,#8165,#8166,#8167,#8168,#8169,#8170,#8171,#8172,#8173,#8174,#8175,#8176,#8177,#8178,#8179,#8180,#8181,#8182,#8183,#8184,#8185,#8186,#8187,#8188,#8189,#8190,#8191,#8192,#8193,#8194,#8195,#8196,#8197,#8198,#8199,#8200,#8201,#8202,#8203,#8204,#8205,#8206,#8207,#8208,#8209,#8210,#8211,#8212,#8213,#8214,#8215,#8216,#8217,#8218,#8219,#8220,#8221,#8222,#8223,#8224,#8225,#8226,#8227,#8228,#8229,#8230,#8231,#8232,#8233,#8234,#8235,#8236,#8237,#8238,#8239,#8240,#8241,#8242,#8243,#8244,#8245,#8246,#8247,#8248,#8249,#8250,#8251,#8252,#8253,#8254,#8255,#8256,#8257,#8258,#8259,#8260,#8261,#8591,#8592,#8593,#8594,#8595,#8596,#8597,#8598,#8599,#8600,#8601),#5);
ENDSEC;
END-ISO-10303-21;
